ENSG00000233803	Y	9337463	9347463	+
ENSG00000169789	Y	22490396	22500396	+
ENSG00000129862	Y	14056226	14066226	+
ENSG00000114374	Y	12537649	12547649	+
ENSG00000169807	Y	22086006	22096006	-
ENSG00000198692	Y	20575775	20585775	+
ENSG00000183753	Y	22973818	22983818	+
ENSG00000092377	Y	6910685	6920685	+
ENSG00000242389	Y	21908066	21918066	-
ENSG00000238074	Y	9487312	9497312	+
ENSG00000205944	Y	23219433	23229433	+
ENSG00000236424	Y	9527879	9537879	+
ENSG00000169763	Y	23684578	23694578	-
ENSG00000234414	Y	21511371	21521371	+
ENSG00000258992	Y	9466954	9476954	+
ENSG00000099715	Y	5000225	5010225	+
ENSG00000226941	Y	22403460	22413460	+
ENSG00000280969	Y	20756107	20766107	+
ENSG00000242875	Y	21511337	21521337	+
ENSG00000172288	Y	25622161	25632161	+
ENSG00000244395	Y	21884525	21894525	-
ENSG00000165246	Y	14522572	14532572	+
ENSG00000183795	Y	24607559	24617559	+
ENSG00000168757	Y	6246222	6256222	+
ENSG00000169953	Y	18763734	18773734	-
ENSG00000012817	Y	19734938	19744938	-
ENSG00000172468	Y	18546690	18556690	+
ENSG00000176679	Y	3579066	3589066	+
ENSG00000228927	Y	9398420	9408420	+
ENSG00000169800	Y	22172981	22182981	-
ENSG00000182415	Y	18025786	18035786	+
ENSG00000229549	Y	9357796	9367796	+
ENSG00000172352	Y	24038018	24048018	-
ENSG00000099721	Y	6901751	6911751	-
ENSG00000185894	Y	25052547	25062547	-
ENSG00000205916	Y	24833842	24843842	+
ENSG00000129873	Y	17870219	17880219	-
ENSG00000188120	Y	23189009	23199009	-
ENSG00000187191	Y	24803491	24813491	-
ENSG00000184895	Y	2777681	2787681	-
ENSG00000129824	Y	2841601	2851601	+
ENSG00000067646	Y	2935280	2945280	+
ENSG00000067048	Y	12904107	12914107	+
ENSG00000183878	Y	13470672	13480672	-
ENSG00000154620	Y	13703898	13713898	+
ENSG00000129864	Y	13976472	13986472	-
ENSG00000240654	13	24307165	24317165	+
ENSG00000102699	13	24502777	24512777	-
ENSG00000027001	13	23879399	23889399	-
ENSG00000132972	13	24764168	24774168	+
ENSG00000150459	13	21140513	21150513	+
ENSG00000139517	13	27610528	27620528	-
ENSG00000165487	13	21594180	21604180	-
ENSG00000132963	13	28659103	28669103	+
ENSG00000277117	21	5022492	5032492	+
ENSG00000102781	13	30297550	30307550	-
ENSG00000196199	13	19633658	19643658	+
ENSG00000154646	21	18475878	18485878	-
ENSG00000165480	13	21166551	21176551	-
ENSG00000236444	13	30422487	30432487	+
ENSG00000133101	13	36431519	36441519	+
ENSG00000102678	13	21671072	21681072	+
ENSG00000132952	13	30617692	30627692	+
ENSG00000183463	13	27978692	27988692	-
ENSG00000189403	13	30607596	30617596	-
ENSG00000120669	13	36204587	36214587	-
ENSG00000139515	13	27919999	27929999	+
ENSG00000133114	13	44989528	44999528	+
ENSG00000278961	21	7783953	7793953	-
ENSG00000280071	21	5118412	5128412	-
ENSG00000120694	13	31152387	31162387	-
ENSG00000277277	21	7760590	7770590	-
ENSG00000083635	13	44979470	44989470	-
ENSG00000154639	21	17513042	17523042	+
ENSG00000102753	13	49782681	49792681	-
ENSG00000275993	21	6111130	6121130	+
ENSG00000165475	13	20515872	20525872	-
ENSG00000165556	13	27959314	27969314	-
ENSG00000156253	21	29009359	29019359	-
ENSG00000186925	21	30531863	30541863	-
ENSG00000152520	13	28138505	28148505	+
ENSG00000079101	18	596987	606987	+
ENSG00000158270	18	490721	500721	-
ENSG00000102547	13	49434063	49444063	-
ENSG00000168454	18	9885725	9895725	+
ENSG00000255112	18	11851412	11861412	+
ENSG00000102743	13	40789411	40799411	+
ENSG00000156265	21	29077470	29087470	+
ENSG00000120675	13	43023202	43033202	+
ENSG00000141401	18	11981024	11991024	+
ENSG00000184032	21	30635205	30645205	+
ENSG00000132975	13	26750785	26760785	-
ENSG00000186965	21	30477435	30487435	-
ENSG00000188342	13	45120509	45130509	+
ENSG00000183640	21	30803273	30813273	-
ENSG00000132970	13	26557682	26567682	+
ENSG00000142207	21	32383011	32393011	-
ENSG00000274559	21	5963382	5973382	-
ENSG00000232263	21	30279513	30289513	-
ENSG00000187026	21	30737258	30747258	-
ENSG00000154721	21	25639257	25649257	+
ENSG00000170579	18	4445306	4455306	-
ENSG00000156256	21	29024628	29034628	+
ENSG00000275464	21	5144657	5154657	-
ENSG00000156282	21	30156804	30166804	-
ENSG00000166265	21	26563285	26573285	-
ENSG00000079134	18	258049	268049	-
ENSG00000159147	21	33578705	33588705	-
ENSG00000186971	21	30430229	30440229	+
ENSG00000133110	13	37588843	37598843	-
ENSG00000243927	21	34073223	34083223	+
ENSG00000188694	21	30272949	30282949	-
ENSG00000186930	21	30588901	30598901	-
ENSG00000168502	18	8705660	8715660	+
ENSG00000244624	21	30616424	30626424	+
ENSG00000187005	21	30745427	30755427	-
ENSG00000206105	21	30620626	30630626	+
ENSG00000120658	13	43776907	43786907	-
ENSG00000177143	18	580379	590379	+
ENSG00000151778	13	44373664	44383664	+
ENSG00000141433	18	904870	914870	+
ENSG00000101574	18	2561508	2571508	-
ENSG00000102531	13	48975911	48985911	+
ENSG00000168461	18	9708274	9718274	+
ENSG00000136169	13	49444373	49454373	+
ENSG00000250709	13	36287841	36297841	-
ENSG00000183722	13	39593527	39603527	-
ENSG00000179630	13	43879283	43889283	+
ENSG00000226792	13	51190251	51200251	-
ENSG00000159131	21	33533490	33543490	-
ENSG00000237378	13	63746740	63756740	+
ENSG00000198743	21	34073577	34083577	+
ENSG00000186970	21	30440274	30450274	+
ENSG00000141447	18	24387879	24397879	-
ENSG00000231068	21	30708776	30718776	-
ENSG00000136147	13	49495609	49505609	+
ENSG00000159259	21	36385391	36395391	+
ENSG00000023516	13	42272151	42282151	+
ENSG00000139656	13	44151256	44161256	-
ENSG00000204899	13	72717628	72727628	-
ENSG00000280165	13	61405521	61415521	-
ENSG00000120685	13	39028088	39038088	-
ENSG00000198445	22	16582809	16592809	-
ENSG00000165837	13	45605738	45615738	-
ENSG00000198062	22	15690025	15700025	+
ENSG00000133116	13	33016422	33026422	+
ENSG00000156304	21	31722117	31732117	-
ENSG00000101557	18	158382	168382	+
ENSG00000136099	13	52838640	52848640	-
ENSG00000186967	21	30487164	30497164	-
ENSG00000186977	21	30492140	30502140	-
ENSG00000206432	18	5885954	5895954	-
ENSG00000276612	21	5123804	5133804	-
ENSG00000083535	13	72782132	72792132	+
ENSG00000176105	18	802545	812545	-
ENSG00000151773	13	43869739	43879739	-
ENSG00000093072	22	17248234	17258234	-
ENSG00000136122	13	72727748	72737748	+
ENSG00000278558	22	18527801	18537801	+
ENSG00000156261	21	29063796	29073796	-
ENSG00000166974	18	34976927	34986927	+
ENSG00000215568	22	16998221	17008221	-
ENSG00000150361	13	70098492	70108492	-
ENSG00000154654	21	20998408	21008408	+
ENSG00000240432	21	30415967	30425967	-
ENSG00000197683	21	30310314	30320314	-
ENSG00000198390	21	30396030	30406030	+
ENSG00000122034	13	27424618	27434618	+
ENSG00000136110	13	52729819	52739819	-
ENSG00000187676	13	31199974	31209974	+
ENSG00000241973	22	20849416	20859416	-
ENSG00000198862	21	28982955	28992955	-
ENSG00000173141	13	21176657	21186657	+
ENSG00000120690	13	41051439	41061439	-
ENSG00000134775	18	36297713	36307713	+
ENSG00000183307	22	17111366	17121366	-
ENSG00000133475	22	21217636	21227636	-
ENSG00000177663	22	17084953	17094953	+
ENSG00000180777	18	14728271	14738271	+
ENSG00000286102	22	21351298	21361298	-
ENSG00000136155	13	77535673	77545673	+
ENSG00000274252	22	18508160	18518160	-
ENSG00000102804	13	44567146	44577146	-
ENSG00000128789	18	12658042	12668042	+
ENSG00000185231	18	13905706	13915706	-
ENSG00000150893	13	38687076	38697076	+
ENSG00000204918	13	57147487	57157487	+
ENSG00000142192	21	26161127	26171127	-
ENSG00000197705	18	32763022	32773022	-
ENSG00000070371	22	19281718	19291718	-
ENSG00000136111	13	75472168	75482168	-
ENSG00000227151	13	57160631	57170631	+
ENSG00000286175	22	18633983	18643983	+
ENSG00000275793	22	18601918	18611918	-
ENSG00000171189	21	29930032	29940032	-
ENSG00000136158	13	80331125	80341125	-
ENSG00000206102	21	31028475	31038475	-
ENSG00000234278	13	57167196	57177196	+
ENSG00000206106	21	30580396	30590396	-
ENSG00000120686	13	38349848	38359848	+
ENSG00000078142	18	41955233	41965233	+
ENSG00000142188	21	33469973	33479973	-
ENSG00000184351	21	30470366	30480366	-
ENSG00000276644	13	71857203	71867203	-
ENSG00000102554	13	73054975	73064975	+
ENSG00000121390	13	19773018	19783018	-
ENSG00000275895	21	6489260	6499260	-
ENSG00000080986	18	2571556	2581556	+
ENSG00000174015	13	45702319	45712319	+
ENSG00000182591	21	30871579	30881579	-
ENSG00000212938	21	30592439	30602439	+
ENSG00000156284	21	30206096	30216096	-
ENSG00000178127	18	9102629	9112629	+
ENSG00000222018	21	34391071	34401071	-
ENSG00000088451	13	94586241	94596241	-
ENSG00000244025	21	30482012	30492012	-
ENSG00000260861	20	1610008	1620008	-
ENSG00000171873	20	4239286	4249286	-
ENSG00000099917	22	20495912	20505912	+
ENSG00000101282	20	992310	1002310	-
ENSG00000280433	21	5155471	5165471	-
ENSG00000125903	20	227257	237257	+
ENSG00000101280	20	906333	916333	-
ENSG00000273590	21	7744961	7754961	+
ENSG00000089012	20	1647778	1657778	-
ENSG00000100121	22	22644474	22654474	+
ENSG00000142149	21	31873019	31883019	+
ENSG00000154642	21	17809385	17819385	-
ENSG00000171984	20	5750392	5760392	+
ENSG00000102755	13	28485144	28495144	-
ENSG00000125827	20	8009804	8019804	-
ENSG00000254709	22	22887779	22897779	+
ENSG00000149346	20	10435304	10445304	+
ENSG00000089199	20	5911509	5921509	+
ENSG00000099953	22	23768225	23778225	+
ENSG00000178591	20	87249	97249	+
ENSG00000134882	13	99200773	99210773	+
ENSG00000125820	20	21504063	21514063	-
ENSG00000159256	21	36320188	36330188	+
ENSG00000169548	22	22510269	22520269	-
ENSG00000154889	18	11898365	11908365	-
ENSG00000133119	13	33818068	33828068	+
ENSG00000088812	20	3471017	3481017	+
ENSG00000080166	13	94469681	94479681	-
ENSG00000125845	20	6767685	6777685	+
ENSG00000152192	13	78593551	78603551	-
ENSG00000159086	21	32761791	32771791	-
ENSG00000132623	20	9986125	9996125	+
ENSG00000125304	13	99446310	99456310	+
ENSG00000101327	20	1984284	1994284	-
ENSG00000205929	21	32803742	32813742	-
ENSG00000166948	20	2380900	2390900	+
ENSG00000125898	20	833714	843714	+
ENSG00000173404	20	20368103	20378103	+
ENSG00000139737	13	77697686	77707686	+
ENSG00000185982	20	179710	189710	-
ENSG00000184792	22	30693781	30703781	+
ENSG00000088826	20	4120979	4130979	+
ENSG00000101489	18	37555826	37565826	-
ENSG00000231824	18	5187502	5197502	-
ENSG00000125788	20	142589	152589	+
ENSG00000132661	20	23350790	23360790	+
ENSG00000185686	22	22549360	22559360	-
ENSG00000132874	18	45212994	45222994	+
ENSG00000182957	13	23979804	23989804	+
ENSG00000275004	22	22498741	22508741	-
ENSG00000128218	22	23744424	23754424	-
ENSG00000017797	18	9475008	9485008	+
ENSG00000132640	20	11890722	11900722	+
ENSG00000125816	20	21387525	21397525	-
ENSG00000188811	13	39038305	39048305	+
ENSG00000100077	22	25564674	25574674	+
ENSG00000102837	13	53028812	53038812	+
ENSG00000204919	13	57140917	57150917	+
ENSG00000167315	18	49803952	49813952	-
ENSG00000089063	20	5103102	5113102	-
ENSG00000100325	22	29828303	29838303	-
ENSG00000125851	20	17226106	17236106	+
ENSG00000132639	20	10218829	10228829	+
ENSG00000065150	13	97953657	97963657	+
ENSG00000088876	20	2514701	2524701	-
ENSG00000184571	22	24764719	24774719	-
ENSG00000185666	22	33048380	33058380	-
ENSG00000125815	20	23491100	23501100	+
ENSG00000101230	20	13221273	13231273	+
ENSG00000141380	18	26081216	26091216	-
ENSG00000221963	22	35648445	35658445	+
ENSG00000099985	22	30256850	30266850	-
ENSG00000125844	20	17672294	17682294	-
ENSG00000185721	22	31399603	31409603	+
ENSG00000128283	22	37560479	37570479	+
ENSG00000101745	18	9136227	9146227	+
ENSG00000100997	20	25380834	25390834	-
ENSG00000139734	13	60153927	60163927	-
ENSG00000100219	22	28790596	28800596	-
ENSG00000125848	20	14327613	14337613	-
ENSG00000176635	22	30080463	30090463	+
ENSG00000170367	20	23869747	23879747	-
ENSG00000285566	13	63823530	63833530	-
ENSG00000180424	20	31440631	31450631	+
ENSG00000118946	13	57631743	57641743	+
ENSG00000100225	22	32474675	32484675	+
ENSG00000136160	13	77965528	77975528	-
ENSG00000134278	18	12648133	12658133	-
ENSG00000152484	13	27161810	27171810	-
ENSG00000089091	20	18457280	18467280	-
ENSG00000152242	18	46173552	46183552	+
ENSG00000100365	22	36860987	36870987	+
ENSG00000187792	22	23741111	23751111	-
ENSG00000089195	20	5940557	5950557	-
ENSG00000284776	20	18567452	18577452	+
ENSG00000101463	20	24469628	24479628	+
ENSG00000101323	20	7930457	7940457	-
ENSG00000125831	20	23442875	23452875	-
ENSG00000154839	18	50375039	50385039	+
ENSG00000088930	20	21303330	21313330	+
ENSG00000125772	20	5601005	5611005	-
ENSG00000205726	21	33642399	33652399	+
ENSG00000286022	20	2207327	2217327	+
ENSG00000152223	18	45957328	45967328	-
ENSG00000125870	20	16729960	16739960	+
ENSG00000131068	20	31368600	31378600	+
ENSG00000198089	22	31488687	31498687	+
ENSG00000125810	20	23076323	23086323	-
ENSG00000101003	20	25407672	25417672	+
ENSG00000077984	20	24949268	24959268	+
ENSG00000136153	13	75620433	75630433	+
ENSG00000152234	18	46094333	46104333	-
ENSG00000159261	21	36566568	36576568	-
ENSG00000101474	20	24982750	24992750	-
ENSG00000157542	21	38111344	38121344	-
ENSG00000125864	20	17559219	17569219	-
ENSG00000241837	21	33905813	33915813	-
ENSG00000120688	13	41061508	41071508	+
ENSG00000180440	13	36674019	36684019	+
ENSG00000206107	21	30327693	30337693	-
ENSG00000088766	20	6006092	6016092	+
ENSG00000154645	21	17901262	17911262	+
ENSG00000149435	20	23978778	23988778	-
ENSG00000132964	13	26254103	26264103	+
ENSG00000125285	13	94702544	94712544	-
ENSG00000182362	21	46286341	46296341	+
ENSG00000088320	20	31475287	31485287	+
ENSG00000170369	20	23816728	23826728	-
ENSG00000139514	13	29585687	29595687	-
ENSG00000157538	21	37257918	37267918	-
ENSG00000125868	20	17570074	17580074	+
ENSG00000132664	20	18467388	18477388	+
ENSG00000279493	21	5011798	5021798	+
ENSG00000100346	22	39570752	39580752	+
ENSG00000128322	22	23570301	23580301	-
ENSG00000160307	21	46595207	46605207	-
ENSG00000078898	20	33007703	33017703	+
ENSG00000125834	20	2101826	2111826	+
ENSG00000088386	13	98742671	98752671	-
ENSG00000125872	20	6044059	6054059	-
ENSG00000125246	13	99606668	99616668	+
ENSG00000215397	20	665801	675801	-
ENSG00000101639	18	12991361	13001361	+
ENSG00000100354	22	40044816	40054816	+
ENSG00000100302	22	35540830	35550830	+
ENSG00000100100	22	31282533	31292533	-
ENSG00000188559	20	20702643	20712643	-
ENSG00000102471	13	79481123	79491123	+
ENSG00000150907	13	40656640	40666640	-
ENSG00000128313	22	35717871	35727871	+
ENSG00000100036	22	30635780	30645780	+
ENSG00000160294	21	46276296	46286296	-
ENSG00000175329	22	35066135	35076135	+
ENSG00000172361	18	50256494	50266494	-
ENSG00000156273	21	29194070	29204070	+
ENSG00000206104	21	30642863	30652863	+
ENSG00000286224	21	46326287	46336287	+
ENSG00000136152	13	45464897	45474897	+
ENSG00000186924	21	30601086	30611086	+
ENSG00000141425	18	36057575	36067575	-
ENSG00000198646	20	34815650	34825650	-
ENSG00000152214	18	43105690	43115690	-
ENSG00000212710	18	22407914	22417914	-
ENSG00000286235	20	5950948	5960948	+
ENSG00000088782	20	157453	167453	+
ENSG00000178726	20	23039671	23049671	-
ENSG00000136141	13	46553167	46563167	+
ENSG00000101350	20	32277650	32287650	+
ENSG00000152749	13	94601856	94611856	+
ENSG00000184381	22	38204777	38214777	-
ENSG00000172296	20	13008971	13018971	+
ENSG00000101624	18	12692776	12702776	-
ENSG00000139496	13	25301555	25311555	+
ENSG00000174448	18	54347963	54357963	-
ENSG00000100294	22	43133397	43143397	-
ENSG00000132872	18	43267534	43277534	-
ENSG00000102543	13	49247924	49257924	+
ENSG00000134489	18	24460636	24470636	+
ENSG00000160310	21	46635594	46645594	+
ENSG00000198183	20	33235994	33245994	+
ENSG00000182541	22	31212238	31222238	+
ENSG00000182816	21	30362270	30372270	-
ENSG00000100170	22	32043260	32053260	+
ENSG00000101773	18	22798260	22808260	+
ENSG00000185022	22	38200766	38210766	+
ENSG00000176177	22	39883863	39893863	-
ENSG00000169184	22	27791755	27801755	-
ENSG00000168234	18	23992772	24002772	+
ENSG00000283900	22	38388521	38398521	-
ENSG00000125257	13	95291474	95301474	-
ENSG00000187323	18	52340196	52350196	+
ENSG00000131069	20	34872145	34882145	+
ENSG00000141639	18	50560086	50570086	+
ENSG00000197046	18	45825674	45835674	+
ENSG00000215547	20	31257663	31267663	+
ENSG00000270299	20	665799	675799	-
ENSG00000141622	18	46326808	46336808	+
ENSG00000100353	22	36519183	36529183	-
ENSG00000083520	13	72772095	72782095	-
ENSG00000128342	22	30236758	30246758	-
ENSG00000078804	20	34704338	34714338	+
ENSG00000134042	18	50815401	50825401	-
ENSG00000182670	21	37073225	37083225	+
ENSG00000167393	X	376954	386954	-
ENSG00000100055	22	37282026	37292026	+
ENSG00000133103	13	39655626	39665626	+
ENSG00000185960	X	624343	634343	+
ENSG00000166845	18	54357905	54367905	+
ENSG00000102738	13	40761189	40771189	-
ENSG00000102802	13	30906270	30916270	+
ENSG00000183943	X	3703648	3713648	-
ENSG00000157557	21	38805182	38815182	+
ENSG00000134046	18	54214668	54224668	-
ENSG00000273899	22	37681672	37691672	+
ENSG00000285404	22	31754898	31764898	+
ENSG00000171456	20	32358329	32368329	+
ENSG00000101846	X	7147236	7157236	+
ENSG00000177504	X	8161266	8171266	-
ENSG00000006757	X	7917738	7927738	-
ENSG00000067900	18	21101812	21111812	-
ENSG00000134871	13	110305811	110315811	+
ENSG00000185291	X	1336615	1346615	+
ENSG00000177511	18	57352556	57362556	+
ENSG00000182162	X	1527184	1537184	-
ENSG00000229665	13	57140917	57150917	+
ENSG00000205542	X	12975109	12985109	+
ENSG00000101384	20	10663998	10673998	-
ENSG00000152240	18	46104377	46114377	+
ENSG00000169100	X	1382112	1392112	-
ENSG00000176641	18	61884246	61894246	-
ENSG00000125363	X	11293412	11303412	+
ENSG00000100242	22	38784142	38794142	-
ENSG00000166510	18	54949460	54959460	-
ENSG00000133121	13	33340629	33350629	-
ENSG00000196433	X	1615058	1625058	+
ENSG00000160305	21	46458890	46468890	+
ENSG00000089057	20	5000292	5010292	-
ENSG00000184724	21	30603929	30613929	-
ENSG00000178605	X	308818	318818	-
ENSG00000283361	13	114154690	114164690	+
ENSG00000101435	20	23558483	23568483	-
ENSG00000184564	13	85796682	85806682	-
ENSG00000169059	X	6525117	6535117	-
ENSG00000184226	13	67220444	67230444	-
ENSG00000169084	X	2492804	2502804	-
ENSG00000078814	20	34955809	34965809	+
ENSG00000175387	18	47921145	47931145	-
ENSG00000146950	X	9786428	9796428	+
ENSG00000142173	21	46098111	46108111	+
ENSG00000124102	20	45174901	45184901	+
ENSG00000077942	22	45502237	45512237	+
ENSG00000274749	21	30819758	30829758	-
ENSG00000124157	20	45221372	45231372	+
ENSG00000041353	18	54717859	54727859	+
ENSG00000124134	20	45091126	45101126	-
ENSG00000100079	22	37572615	37582615	-
ENSG00000011201	X	8722136	8732136	-
ENSG00000134443	18	59220157	59230157	+
ENSG00000100307	22	39142679	39152679	-
ENSG00000160299	21	46324140	46334140	+
ENSG00000169093	X	1443761	1453761	-
ENSG00000100344	22	43923791	43933791	+
ENSG00000102580	13	95677138	95687138	+
ENSG00000283199	13	113964075	113974075	-
ENSG00000189269	22	23622320	23632320	-
ENSG00000205755	X	1202722	1212722	-
ENSG00000234469	X	9967357	9977357	+
ENSG00000157551	21	38155548	38165548	+
ENSG00000177138	X	9285681	9295681	-
ENSG00000141655	18	62325286	62335286	+
ENSG00000186976	22	43802336	43812336	-
ENSG00000166897	22	37417478	37427478	-
ENSG00000091164	18	56641599	56651599	-
ENSG00000181544	X	14863068	14873068	-
ENSG00000101825	X	3336651	3346651	-
ENSG00000242715	13	36287839	36297839	-
ENSG00000205758	21	33633925	33643925	-
ENSG00000132950	13	19853648	19863648	-
ENSG00000004961	X	11111300	11121300	+
ENSG00000101310	20	18507519	18517519	+
ENSG00000134030	18	48539030	48549030	+
ENSG00000089123	20	13628931	13638931	-
ENSG00000170191	20	25614013	25624013	-
ENSG00000146938	X	6218866	6228866	-
ENSG00000156239	21	28875370	28885370	-
ENSG00000187268	X	13034681	13044681	-
ENSG00000132958	13	19526761	19536761	-
ENSG00000182968	13	112067148	112077148	+
ENSG00000175664	13	30932655	30942655	+
ENSG00000183304	X	8791382	8801382	-
ENSG00000151240	10	679667	689667	-
ENSG00000185896	13	113297238	113307238	+
ENSG00000054611	22	46762616	46772616	+
ENSG00000205642	X	8464829	8474829	+
ENSG00000139835	13	113354147	113364147	-
ENSG00000082212	18	50879079	50889079	+
ENSG00000132792	20	37693954	37703954	+
ENSG00000180530	21	15055935	15065935	-
ENSG00000205856	22	32149321	32159321	-
ENSG00000196139	10	5035353	5045353	+
ENSG00000225528	22	39960396	39970396	+
ENSG00000180205	20	45621283	45631283	-
ENSG00000100426	22	49853843	49863843	+
ENSG00000141441	18	32460881	32470881	-
ENSG00000101955	X	38210923	38220923	-
ENSG00000178462	10	5394827	5404827	-
ENSG00000182583	X	7842261	7852261	+
ENSG00000102595	13	96043481	96053481	-
ENSG00000141642	18	50967990	50977990	+
ENSG00000149639	20	36853537	36863537	-
ENSG00000159140	21	33543037	33553037	+
ENSG00000107929	10	921704	931704	-
ENSG00000152229	18	46062271	46072271	-
ENSG00000056487	22	45000004	45010004	-
ENSG00000044446	X	18974113	18984113	-
ENSG00000126010	X	16123564	16133564	+
ENSG00000185736	10	1727524	1737524	-
ENSG00000205643	22	46240310	46250310	-
ENSG00000196839	20	44642232	44652232	-
ENSG00000086717	X	18675908	18685908	+
ENSG00000100373	22	45284948	45294948	+
ENSG00000041515	13	108596151	108606151	+
ENSG00000101442	20	38748459	38758459	+
ENSG00000177324	X	18210885	18220885	-
ENSG00000249209	21	33921606	33931606	-
ENSG00000184828	18	48400751	48410751	-
ENSG00000130150	X	14873420	14883420	+
ENSG00000165568	10	4786628	4796628	+
ENSG00000100316	22	39310388	39320388	-
ENSG00000157554	21	38651779	38661779	-
ENSG00000124233	20	45207032	45217032	+
ENSG00000180305	20	45629738	45639738	+
ENSG00000175121	20	45105171	45115171	-
ENSG00000141664	18	62523024	62533024	+
ENSG00000182931	20	45695018	45705018	-
ENSG00000154736	21	26957087	26967087	-
ENSG00000228075	18	57147086	57157086	+
ENSG00000166569	18	59308648	59318648	-
ENSG00000100368	22	36913627	36923627	+
ENSG00000187498	13	110297156	110307156	-
ENSG00000101445	20	38805696	38815696	+
ENSG00000065675	10	6570300	6580300	-
ENSG00000177189	X	20257518	20267518	-
ENSG00000101782	18	23453286	23463286	+
ENSG00000139668	13	51584454	51594454	+
ENSG00000149633	20	38250771	38260771	-
ENSG00000134463	10	11742365	11752365	+
ENSG00000100253	22	50486783	50496783	+
ENSG00000147027	X	34647284	34657284	-
ENSG00000136144	13	49575557	49585557	-
ENSG00000185915	X	21648329	21658329	-
ENSG00000185950	13	109776582	109786582	-
ENSG00000130684	20	25686852	25696852	-
ENSG00000141665	18	74137842	74147842	-
ENSG00000197976	X	1591603	1601603	+
ENSG00000107485	10	8045377	8055377	+
ENSG00000075218	22	46296869	46306869	+
ENSG00000091482	X	21748115	21758115	-
ENSG00000274276	21	6458039	6468039	-
ENSG00000025772	20	44950396	44960396	-
ENSG00000151465	10	12195964	12205964	+
ENSG00000178473	10	5364965	5374965	+
ENSG00000141458	18	23576505	23586505	-
ENSG00000141437	18	31750879	31760879	-
ENSG00000184708	22	31486107	31496107	-
ENSG00000157617	21	41944017	41954017	-
ENSG00000086475	10	13338297	13348297	-
ENSG00000158296	20	46674466	46684466	-
ENSG00000100053	22	25199857	25209857	+
ENSG00000130177	13	114234886	114244886	+
ENSG00000173276	21	42000386	42010386	-
ENSG00000167104	20	33031647	33041647	+
ENSG00000128311	22	37010182	37020182	-
ENSG00000101438	20	38724485	38734485	+
ENSG00000167306	18	50185146	50195146	-
ENSG00000159228	21	36069940	36079940	+
ENSG00000198176	13	113584720	113594720	+
ENSG00000128335	22	36229953	36239953	-
ENSG00000153498	13	112376354	112386354	+
ENSG00000172466	18	35335481	35345481	-
ENSG00000159231	21	36135078	36145078	+
ENSG00000134873	13	95433603	95443603	+
ENSG00000186009	13	113648197	113658197	-
ENSG00000182035	20	38581194	38591194	+
ENSG00000166562	18	59139865	59149865	+
ENSG00000123240	10	13099448	13109448	+
ENSG00000159216	21	35994666	36004666	-
ENSG00000198824	13	114314481	114324481	+
ENSG00000067082	10	3775280	3785280	-
ENSG00000124143	20	38601933	38611933	+
ENSG00000134460	10	6052369	6062369	-
ENSG00000081138	18	65750251	65760251	+
ENSG00000150401	13	113480950	113490950	-
ENSG00000133115	13	38980858	38990858	-
ENSG00000166979	21	32412005	32422005	+
ENSG00000169062	13	114281600	114291600	+
ENSG00000165629	10	7788146	7798146	+
ENSG00000101452	20	38962298	38972298	+
ENSG00000088448	13	110905068	110915068	-
ENSG00000159079	21	32602602	32612602	-
ENSG00000100380	22	40846638	40856638	-
ENSG00000241360	22	37658722	37668722	+
ENSG00000124191	20	43914851	43924851	+
ENSG00000134779	18	36819215	36829215	-
ENSG00000204442	13	107857495	107867495	-
ENSG00000265590	21	32602864	32612864	-
ENSG00000126231	13	113158647	113168647	+
ENSG00000242550	18	63897173	63907173	+
ENSG00000242220	21	32577372	32587372	-
ENSG00000165632	10	7818504	7828504	+
ENSG00000166603	18	60362774	60372774	-
ENSG00000184497	13	113759225	113769225	+
ENSG00000248405	22	44702232	44712232	+
ENSG00000149970	X	21372800	21382800	+
ENSG00000142168	21	31659665	31669665	+
ENSG00000243627	21	34413950	34423950	-
ENSG00000036473	X	38352585	38362585	+
ENSG00000188064	22	45967161	45977161	-
ENSG00000154640	21	17602944	17612944	-
ENSG00000176890	18	657652	667652	+
ENSG00000184900	21	44808778	44818778	-
ENSG00000196090	20	43179969	43189969	-
ENSG00000147041	X	38006552	38016552	+
ENSG00000065665	10	12129636	12139636	+
ENSG00000086712	X	16786431	16796431	+
ENSG00000154719	21	25597516	25607516	-
ENSG00000100347	22	43955441	43965441	+
ENSG00000166479	18	68705107	68715107	-
ENSG00000224960	X	27453340	27463340	-
ENSG00000151632	10	5008030	5018030	-
ENSG00000285304	22	37639692	37649692	+
ENSG00000101958	X	14529297	14539297	+
ENSG00000126226	13	113198714	113208714	-
ENSG00000155307	21	14648820	14658820	-
ENSG00000101546	18	80034388	80044388	+
ENSG00000075234	22	46267960	46277960	+
ENSG00000064655	20	46894623	46904623	+
ENSG00000187134	10	4963252	4973252	+
ENSG00000168703	20	45114464	45124464	-
ENSG00000172216	20	50190829	50200829	+
ENSG00000100201	22	38497659	38507659	-
ENSG00000141452	18	23503469	23513469	+
ENSG00000160298	21	46313874	46323874	-
ENSG00000205670	21	34375479	34385479	+
ENSG00000175198	13	100089014	100099014	+
ENSG00000100372	22	40809398	40819398	-
ENSG00000166396	18	63752934	63762934	+
ENSG00000159263	21	36699114	36709114	+
ENSG00000043355	13	99981783	99991783	+
ENSG00000183145	21	37006149	37016149	+
ENSG00000100348	22	36471639	36481639	-
ENSG00000160208	21	43659559	43669559	+
ENSG00000166913	20	44885701	44895701	+
ENSG00000101542	18	61333429	61343429	+
ENSG00000180083	20	45660269	45670269	-
ENSG00000160209	21	43719093	43729093	+
ENSG00000100106	22	37697047	37707047	+
ENSG00000126216	13	112578204	112588204	-
ENSG00000128274	22	42711297	42721297	-
ENSG00000185974	13	113667218	113677218	+
ENSG00000139797	13	98167268	98177268	-
ENSG00000152193	13	78649154	78659154	-
ENSG00000160213	21	43766329	43776329	-
ENSG00000100304	22	43177133	43187133	-
ENSG00000048740	10	10798396	10808396	+
ENSG00000128165	22	50481542	50491542	+
ENSG00000175354	18	12919642	12929642	-
ENSG00000197889	10	14959387	14969387	+
ENSG00000183172	22	42079690	42089690	+
ENSG00000150403	13	113491020	113501020	+
ENSG00000160214	21	43789512	43799512	+
ENSG00000062598	20	46422984	46432984	-
ENSG00000126218	13	113122798	113132798	+
ENSG00000085415	18	12947132	12957132	+
ENSG00000197991	13	61417848	61427848	-
ENSG00000179399	13	91398620	91408620	+
ENSG00000151655	10	7703315	7713315	+
ENSG00000186654	22	44668546	44678546	+
ENSG00000122042	13	29840616	29850616	-
ENSG00000160216	21	43865222	43875222	+
ENSG00000074695	18	59349264	59359264	-
ENSG00000186496	18	35367336	35377336	-
ENSG00000288593	21	43939918	43949918	+
ENSG00000173698	X	19112636	19122636	-
ENSG00000081913	18	62715540	62725540	+
ENSG00000160218	21	44012308	44022308	+
ENSG00000131831	X	17851336	17861336	-
ENSG00000071991	18	66594137	66604137	-
ENSG00000241945	21	44107372	44117372	+
ENSG00000226742	18	79964581	79974581	+
ENSG00000047230	X	16702935	16712935	-
ENSG00000126217	13	112894377	112904377	+
ENSG00000131828	X	19343892	19353892	+
ENSG00000170525	10	6144933	6154933	+
ENSG00000185989	13	114122622	114132622	-
ENSG00000141469	18	45687024	45697024	+
ENSG00000169840	13	27792482	27802482	+
ENSG00000152213	13	49628506	49638506	+
ENSG00000173674	X	20131837	20141837	-
ENSG00000183098	13	93226806	93236806	+
ENSG00000169906	X	16650157	16660157	+
ENSG00000101940	X	48590041	48600041	+
ENSG00000107537	10	13292411	13302411	-
ENSG00000189186	X	27590381	27600381	+
ENSG00000157540	21	37365572	37375572	+
ENSG00000187516	X	37990778	38000778	+
ENSG00000134453	10	6089033	6099033	+
ENSG00000102218	X	46837042	46847042	+
ENSG00000165168	X	37780058	37790058	+
ENSG00000012174	X	21839616	21849616	+
ENSG00000169297	X	30299389	30309389	-
ENSG00000139842	13	113208192	113218192	+
ENSG00000165609	10	12186143	12196143	-
ENSG00000132199	18	702661	712661	-
ENSG00000151468	10	13089651	13099651	-
ENSG00000165623	10	13224373	13234373	-
ENSG00000198542	13	101452592	101462592	+
ENSG00000151657	10	7777992	7787992	-
ENSG00000123179	13	49681485	49691485	-
ENSG00000102539	13	49220337	49230337	+
ENSG00000206026	18	75417702	75427702	-
ENSG00000102100	X	48901957	48911957	-
ENSG00000148429	10	11601753	11611753	-
ENSG00000101544	18	80109261	80119261	+
ENSG00000122025	13	28090591	28100591	-
ENSG00000141428	18	35972624	35982624	+
ENSG00000134884	13	106558136	106568136	-
ENSG00000134461	10	5879905	5889905	-
ENSG00000182798	X	16167480	16177480	+
ENSG00000102104	X	18662107	18672107	-
ENSG00000174010	X	24017185	24027185	-
ENSG00000189132	X	34942795	34952795	+
ENSG00000141956	21	41869481	41879481	-
ENSG00000134504	18	26647400	26657400	-
ENSG00000102098	X	18344687	18354687	-
ENSG00000151461	10	12033169	12043169	-
ENSG00000141424	18	36119384	36129384	-
ENSG00000160199	21	42974509	42984509	+
ENSG00000198081	18	5287052	5297052	-
ENSG00000169891	X	16946657	16956657	+
ENSG00000166573	18	77249847	77259847	+
ENSG00000102109	X	48825609	48835609	-
ENSG00000152767	13	98142561	98152561	+
ENSG00000158526	X	54440403	54450403	+
ENSG00000130741	X	24054945	24064945	+
ENSG00000198795	18	25342189	25352189	-
ENSG00000183690	X	44333671	44343671	-
ENSG00000179813	13	42781549	42791549	+
ENSG00000221887	18	63949300	63959300	+
ENSG00000134470	10	5968186	5978186	-
ENSG00000154059	18	24426633	24436633	+
ENSG00000120659	13	42562735	42572735	+
ENSG00000198033	13	19171823	19181823	-
ENSG00000180182	X	40725857	40735857	-
ENSG00000141668	18	72628520	72638520	-
ENSG00000147119	X	46573764	46583764	+
ENSG00000273820	X	49879483	49889483	+
ENSG00000152455	10	14878819	14888819	+
ENSG00000160200	21	43066942	43076942	-
ENSG00000176244	10	15078775	15088775	-
ENSG00000152464	10	15097179	15107179	+
ENSG00000134438	18	59264085	59274085	-
ENSG00000160202	21	43169007	43179007	+
ENSG00000171365	X	49922595	49932595	+
ENSG00000184735	X	22999959	23009959	+
ENSG00000123243	10	7656997	7666997	-
ENSG00000136156	13	48232611	48242611	+
ENSG00000264006	10	5175186	5185186	-
ENSG00000204977	13	49995887	50005887	+
ENSG00000160201	21	43097569	43107569	-
ENSG00000198553	13	50015253	50025253	+
ENSG00000151474	10	14452141	14462141	-
ENSG00000166960	18	33431100	33441100	-
ENSG00000102225	X	47217859	47227859	+
ENSG00000260314	10	17809347	17819347	+
ENSG00000185917	21	36069388	36079388	-
ENSG00000165997	10	18659430	18669430	+
ENSG00000141759	18	80023948	80033948	-
ENSG00000159128	21	33403412	33413412	+
ENSG00000100150	22	31753866	31763866	+
ENSG00000177692	21	33481715	33491715	-
ENSG00000107611	10	17119810	17129810	-
ENSG00000173638	21	45563364	45573364	-
ENSG00000198355	22	49960767	49970767	+
ENSG00000026025	10	17228240	17238240	+
ENSG00000093000	22	45163924	45173924	+
ENSG00000130985	X	47190860	47200860	+
ENSG00000189023	X	35798341	35808341	+
ENSG00000177689	X	27807989	27817989	+
ENSG00000197971	18	77123682	77133682	-
ENSG00000205593	22	50317011	50327011	-
ENSG00000130988	X	47078354	47088354	+
ENSG00000107614	10	17192053	17202053	-
ENSG00000102313	X	54788254	54798254	-
ENSG00000130638	22	45671797	45681797	+
ENSG00000165985	10	16511878	16521878	-
ENSG00000102317	X	48574448	48584448	+
ENSG00000165186	X	23334848	23344848	+
ENSG00000136104	13	50909746	50919746	+
ENSG00000169895	X	16719611	16729611	+
ENSG00000100376	22	45308967	45318967	+
ENSG00000148481	10	15850506	15860506	-
ENSG00000102043	X	64385451	64395451	-
ENSG00000101493	18	76485241	76495241	-
ENSG00000182871	21	45405164	45415164	+
ENSG00000100399	22	41230930	41240930	-
ENSG00000154080	18	27175307	27185307	-
ENSG00000186812	18	35241029	35251029	+
ENSG00000100425	22	49817511	49827511	-
ENSG00000183844	21	41304211	41314211	+
ENSG00000165309	10	22928023	22938023	+
ENSG00000077935	22	45403618	45413618	-
ENSG00000150510	13	51222333	51232333	+
ENSG00000138942	22	31160181	31170181	+
ENSG00000205863	13	23887501	23897501	-
ENSG00000154734	21	26835408	26845408	-
ENSG00000101680	18	7107796	7117796	-
ENSG00000008086	X	18425582	18435582	+
ENSG00000189167	13	32305362	32315362	-
ENSG00000159055	21	32269048	32279048	-
ENSG00000186871	X	72229026	72239026	-
ENSG00000170262	21	32291812	32301812	+
ENSG00000101040	20	47346888	47356888	-
ENSG00000196368	X	51486591	51496591	-
ENSG00000139597	13	32418310	32428310	-
ENSG00000216937	10	32446139	32456139	+
ENSG00000198959	20	38156577	38166577	-
ENSG00000100065	22	37509541	37519541	-
ENSG00000120693	13	36910764	36920764	-
ENSG00000184368	X	20106906	20116906	-
ENSG00000223601	10	22200020	22210020	-
ENSG00000160193	21	42869567	42879567	-
ENSG00000240849	20	50143733	50153733	-
ENSG00000160194	21	42879643	42889643	+
ENSG00000120699	13	36998815	37008815	+
ENSG00000233056	21	42915645	42925645	-
ENSG00000042062	20	50681541	50691541	-
ENSG00000241878	22	31652431	31662431	-
ENSG00000158480	20	49905528	49915528	-
ENSG00000134490	18	23427960	23437960	-
ENSG00000101447	20	38926311	38936311	+
ENSG00000154727	21	25734569	25744569	+
ENSG00000198185	20	46503558	46513558	-
ENSG00000159212	21	34668993	34678993	+
ENSG00000173213	18	39556	49556	-
ENSG00000106003	7	2512528	2522528	+
ENSG00000100422	22	46728251	46738251	-
ENSG00000164853	7	1232871	1242871	+
ENSG00000185808	21	37063169	37073169	-
ENSG00000159197	21	34364005	34374005	+
ENSG00000186980	21	30338605	30348605	-
ENSG00000068400	X	48992263	49002263	-
ENSG00000239857	7	876553	886553	+
ENSG00000158571	X	54988533	54998533	-
ENSG00000095794	10	35126790	35136790	+
ENSG00000164880	7	1494388	1504388	-
ENSG00000248767	7	290169	300169	+
ENSG00000274391	21	10521552	10531552	+
ENSG00000157927	7	4873715	4883715	-
ENSG00000165164	X	35919733	35929733	+
ENSG00000170471	20	38472815	38482815	+
ENSG00000197496	20	46709648	46719648	+
ENSG00000268994	X	72772659	72782659	-
ENSG00000086232	7	6049174	6059174	-
ENSG00000100239	22	50343303	50353303	+
ENSG00000124479	X	43963394	43973394	-
ENSG00000230797	X	21855986	21865986	+
ENSG00000124208	20	50143636	50153636	-
ENSG00000183530	22	31740139	31750139	-
ENSG00000188636	22	44488232	44498232	-
ENSG00000158445	20	49474296	49484296	-
ENSG00000197461	7	510295	520295	-
ENSG00000165169	X	37837570	37847570	-
ENSG00000124249	20	44745864	44755864	+
ENSG00000159082	21	32718039	32728039	-
ENSG00000133477	22	39994953	40004953	+
ENSG00000134759	18	36129443	36139443	+
ENSG00000147081	X	50191006	50201006	-
ENSG00000149654	20	46298497	46308497	-
ENSG00000102710	13	37049712	37059712	-
ENSG00000149635	20	46540653	46550653	-
ENSG00000178381	7	1150758	1160758	-
ENSG00000100362	22	36809478	36819478	-
ENSG00000069535	X	43872449	43882449	-
ENSG00000124226	20	49936335	49946335	+
ENSG00000269897	10	22316387	22326387	+
ENSG00000127585	16	695807	705807	-
ENSG00000182858	22	49908437	49918437	-
ENSG00000241058	10	18649284	18659284	-
ENSG00000126768	X	48888142	48898142	-
ENSG00000150637	18	69951802	69961802	-
ENSG00000180138	13	37095663	37105663	-
ENSG00000188992	21	14200954	14210954	-
ENSG00000281106	13	51835176	51845176	-
ENSG00000101695	18	32018824	32028824	+
ENSG00000122512	7	5999105	6009105	-
ENSG00000197562	16	589356	599356	+
ENSG00000185272	21	14216129	14226129	+
ENSG00000186951	22	46150520	46160520	+
ENSG00000155659	X	66030124	66040124	-
ENSG00000150867	10	22704577	22714577	-
ENSG00000127554	16	1984192	1994192	+
ENSG00000126970	X	65024712	65034712	-
ENSG00000100321	22	39349924	39359924	+
ENSG00000179133	10	23334844	23344844	-
ENSG00000164654	7	7566874	7576874	+
ENSG00000155304	21	14373483	14383483	-
ENSG00000162076	16	2883212	2893212	+
ENSG00000080189	20	46354457	46364457	-
ENSG00000102221	X	46912275	46922275	+
ENSG00000189299	X	55623399	55633399	+
ENSG00000183527	21	39173487	39183487	-
ENSG00000198610	10	5195461	5205461	+
ENSG00000106009	7	2545693	2555693	-
ENSG00000204740	10	19048800	19058800	+
ENSG00000198768	20	58505398	58515398	-
ENSG00000106511	7	15676682	15686682	-
ENSG00000065923	X	46749117	46759117	-
ENSG00000102145	X	48786561	48796561	+
ENSG00000187601	X	55452126	55462126	+
ENSG00000177706	7	192570	202570	+
ENSG00000148488	10	17444594	17454594	-
ENSG00000164916	7	4682294	4692294	+
ENSG00000165349	X	70921124	70931124	-
ENSG00000088298	20	35137335	35147335	-
ENSG00000146540	7	1128259	1138259	-
ENSG00000274588	X	50460824	50470824	-
ENSG00000136750	10	26216664	26226664	+
ENSG00000089050	20	18487224	18497224	-
ENSG00000087842	X	15483563	15493563	-
ENSG00000150051	10	27736059	27746059	-
ENSG00000136295	7	2631985	2641985	+
ENSG00000100095	22	26169461	26179461	+
ENSG00000263761	10	47322453	47332453	+
ENSG00000185658	21	39311558	39321558	-
ENSG00000131080	X	66629297	66639297	-
ENSG00000173198	X	78317690	78327690	-
ENSG00000123191	13	52002124	52012124	-
ENSG00000106305	7	6009254	6019254	+
ENSG00000100360	22	36766255	36776255	-
ENSG00000169126	10	27989078	27999078	-
ENSG00000133111	13	36819221	36829221	+
ENSG00000070388	19	639878	649878	+
ENSG00000186184	13	27620741	27630741	+
ENSG00000124151	20	47501886	47511886	+
ENSG00000242247	22	42848105	42858105	-
ENSG00000249222	22	42630600	42640600	-
ENSG00000077943	10	15709921	15719921	-
ENSG00000101004	20	25575530	25585530	-
ENSG00000124089	20	56248731	56258731	+
ENSG00000205581	21	39339646	39349646	-
ENSG00000100311	22	39234981	39244981	-
ENSG00000099821	19	623536	633536	-
ENSG00000101104	20	44910059	44920059	+
ENSG00000070404	19	676391	686391	+
ENSG00000186732	22	43411195	43421195	+
ENSG00000159873	22	28772673	28782673	+
ENSG00000141934	19	281402	291402	-
ENSG00000176695	19	107103	117103	+
ENSG00000182093	21	39377697	39387697	+
ENSG00000138964	22	44172955	44182955	+
ENSG00000182220	X	40579371	40589371	+
ENSG00000197766	19	859663	869663	+
ENSG00000285815	21	39380331	39390331	+
ENSG00000133107	13	37859801	37869801	-
ENSG00000099812	19	751111	761111	+
ENSG00000101425	20	38304149	38314149	+
ENSG00000183067	21	39745406	39755406	+
ENSG00000183036	21	39867437	39877437	+
ENSG00000101444	20	34301801	34311801	-
ENSG00000164828	7	816614	826614	+
ENSG00000198792	22	38263009	38273009	-
ENSG00000147100	X	74421492	74431492	+
ENSG00000197321	10	29726958	29736958	-
ENSG00000187969	X	74304179	74314179	+
ENSG00000057593	13	113105787	113115787	+
ENSG00000139508	13	28708969	28718969	-
ENSG00000100290	22	43110749	43120749	+
ENSG00000102302	X	54486233	54496233	-
ENSG00000122035	13	27270829	27280829	+
ENSG00000167098	20	32994432	33004432	-
ENSG00000171587	21	40837157	40847157	-
ENSG00000132819	20	57391395	57401395	+
ENSG00000070423	19	653232	663232	-
ENSG00000148444	10	22316385	22326385	+
ENSG00000124253	20	57561079	57571079	+
ENSG00000080618	13	46095032	46105032	-
ENSG00000172232	19	825096	835096	+
ENSG00000146555	7	3301251	3311251	+
ENSG00000197563	18	62177117	62187117	-
ENSG00000102316	X	54807598	54817598	+
ENSG00000182240	21	41167800	41177800	+
ENSG00000078902	11	1299653	1309653	-
ENSG00000250349	X	37349329	37359329	+
ENSG00000100320	22	36018823	36028823	-
ENSG00000284779	11	2148390	2158390	-
ENSG00000284438	11	4329243	4339243	-
ENSG00000284546	11	4329864	4339864	+
ENSG00000146576	7	6590020	6600020	+
ENSG00000102349	X	56232355	56242355	+
ENSG00000148482	10	17951838	17961838	+
ENSG00000102096	X	48909023	48919023	-
ENSG00000129965	11	2151208	2161208	-
ENSG00000284018	11	4233287	4243287	+
ENSG00000136167	13	46201870	46211870	-
ENSG00000215475	13	45841752	45851752	-
ENSG00000171402	X	52858082	52868082	-
ENSG00000183421	21	41757088	41767088	-
ENSG00000124126	20	48817998	48827998	-
ENSG00000172315	20	46679443	46689443	-
ENSG00000173988	13	46211939	46221939	+
ENSG00000167244	11	2131237	2141237	-
ENSG00000075643	18	36187496	36197496	+
ENSG00000172671	10	45662779	45672779	-
ENSG00000090889	X	70290103	70300103	+
ENSG00000100271	22	43079418	43089418	-
ENSG00000117983	11	1223065	1233065	+
ENSG00000155622	X	52369020	52379020	+
ENSG00000166342	18	72858145	72868145	-
ENSG00000128408	22	45413692	45423692	+
ENSG00000160179	21	42199688	42209688	+
ENSG00000160181	21	42340996	42350996	-
ENSG00000102452	13	101406507	101416507	-
ENSG00000160182	21	42356534	42366534	-
ENSG00000101019	20	35402030	35412030	-
ENSG00000095777	10	25934228	25944228	+
ENSG00000166377	18	79069284	79079284	+
ENSG00000124212	20	49558136	49568136	-
ENSG00000106012	7	2558971	2568971	+
ENSG00000100083	22	37608724	37618724	+
ENSG00000168283	10	22321098	22331098	+
ENSG00000160183	21	42386090	42396090	-
ENSG00000148450	10	23095578	23105578	+
ENSG00000067445	X	54920461	54930461	+
ENSG00000134900	13	102596985	102606985	+
ENSG00000256574	10	45305607	45315607	-
ENSG00000174672	11	1389898	1399898	+
ENSG00000175820	13	102749071	102759071	-
ENSG00000187783	10	44911315	44921315	+
ENSG00000151287	13	102763810	102773810	-
ENSG00000168267	10	23192311	23202311	+
ENSG00000196468	X	77447388	77457388	+
ENSG00000147183	X	88747224	88757224	+
ENSG00000184281	11	2400487	2410487	+
ENSG00000099256	10	24942605	24952605	-
ENSG00000100097	22	37675635	37685635	+
ENSG00000134901	13	102788975	102798975	-
ENSG00000270181	13	102799109	102809109	+
ENSG00000221996	11	4358385	4368385	-
ENSG00000160185	21	42403446	42413446	+
ENSG00000133313	18	74495815	74505815	+
ENSG00000100154	22	28669864	28679864	-
ENSG00000003147	7	8252686	8262686	-
ENSG00000103197	16	2047966	2057966	+
ENSG00000160188	21	42486245	42496245	-
ENSG00000134897	13	102799118	102809118	+
ENSG00000198125	22	35627950	35637950	-
ENSG00000106537	7	16753754	16763754	+
ENSG00000130943	22	46253342	46263342	-
ENSG00000183087	13	113854075	113864075	-
ENSG00000053918	11	2444683	2454683	+
ENSG00000160190	21	42496007	42506007	+
ENSG00000132109	11	4383701	4393701	-
ENSG00000141258	17	2337497	2347497	+
ENSG00000154764	3	13870070	13880070	-
ENSG00000106399	7	7708606	7718606	-
ENSG00000136159	13	48037725	48047725	+
ENSG00000122584	7	8433608	8443608	+
ENSG00000197632	18	63871691	63881691	+
ENSG00000100124	22	37839326	37849326	-
ENSG00000267140	18	35487939	35497939	-
ENSG00000136146	13	48085130	48095130	-
ENSG00000182621	20	8077250	8087250	+
ENSG00000005108	7	11822197	11832197	-
ENSG00000139687	13	48303743	48313743	+
ENSG00000100300	22	43151546	43161546	+
ENSG00000157999	7	6031375	6041375	+
ENSG00000218823	7	4852029	4862029	-
ENSG00000150656	18	74534499	74544499	+
ENSG00000054803	20	55995518	56005518	-
ENSG00000102683	13	23180978	23190978	+
ENSG00000185722	17	4253994	4263994	-
ENSG00000178184	18	80237513	80247513	-
ENSG00000186190	20	33055423	33065423	+
ENSG00000186814	18	35280244	35290244	-
ENSG00000155026	7	5960682	5970682	-
ENSG00000139746	13	79396476	79406476	-
ENSG00000180776	13	21449369	21459369	-
ENSG00000134121	3	196762	206762	+
ENSG00000091640	17	4957816	4967816	-
ENSG00000054793	20	51758389	51768389	-
ENSG00000157778	7	1561004	1571004	-
ENSG00000282936	17	6630455	6640455	-
ENSG00000128791	18	9334766	9344766	+
ENSG00000106392	7	7156933	7166933	+
ENSG00000182533	3	8733801	8743801	+
ENSG00000206052	18	69400887	69410887	+
ENSG00000099622	19	1259383	1269383	+
ENSG00000133083	13	36121381	36131381	-
ENSG00000140986	16	1947605	1957605	-
ENSG00000074755	17	4133029	4143029	-
ENSG00000075673	13	24680407	24690407	+
ENSG00000152457	10	14944431	14954431	-
ENSG00000166313	11	6409413	6419413	-
ENSG00000185133	22	31122730	31132730	+
ENSG00000125970	20	33993645	34003645	+
ENSG00000125266	13	106525661	106535661	-
ENSG00000150477	18	36829105	36839105	+
ENSG00000147099	X	72563100	72573100	-
ENSG00000148426	10	11823338	11833338	+
ENSG00000144635	3	32560857	32570857	-
ENSG00000167193	17	1453161	1463161	-
ENSG00000180011	18	75199138	75209138	-
ENSG00000188191	7	717649	727649	-
ENSG00000154065	18	23652910	23662910	-
ENSG00000244752	22	25212563	25222563	+
ENSG00000182208	11	1491246	1501246	-
ENSG00000064687	19	1039996	1049996	+
ENSG00000140988	16	1954840	1964840	-
ENSG00000089101	20	20052513	20062513	+
ENSG00000099617	19	1285872	1295872	+
ENSG00000166401	18	63970028	63980028	+
ENSG00000149054	11	6926403	6936403	+
ENSG00000094841	X	75156387	75166387	+
ENSG00000132359	17	2755704	2765704	+
ENSG00000169402	7	6754108	6764108	+
ENSG00000257108	16	567004	577004	+
ENSG00000124216	20	49982979	49992979	+
ENSG00000102780	13	42040035	42050035	+
ENSG00000110148	11	6259805	6269805	+
ENSG00000180957	22	27910133	27920133	-
ENSG00000183287	18	59687661	59697661	-
ENSG00000107643	10	48306638	48316638	+
ENSG00000072849	17	5476810	5486810	-
ENSG00000206422	18	7231124	7241124	+
ENSG00000110328	11	11612004	11622004	-
ENSG00000165259	X	84492478	84502478	-
ENSG00000157954	7	5190195	5200195	+
ENSG00000180878	11	6205556	6215556	+
ENSG00000204175	10	46545529	46555529	-
ENSG00000174740	X	91434594	91444594	+
ENSG00000186288	X	73069511	73079511	-
ENSG00000134874	13	95634705	95644705	-
ENSG00000167858	17	6821760	6831760	-
ENSG00000175868	11	14904996	14914996	+
ENSG00000174225	X	100969707	100979707	+
ENSG00000152266	11	13486180	13496180	-
ENSG00000283873	11	4278082	4288082	-
ENSG00000161996	16	649310	659310	+
ENSG00000166405	11	8159054	8169054	-
ENSG00000165288	X	80799876	80809876	-
ENSG00000213923	22	38308083	38318083	-
ENSG00000101391	20	33391560	33401560	-
ENSG00000078043	18	46910159	46920159	-
ENSG00000242802	7	4775614	4785614	+
ENSG00000108523	17	4940007	4950007	+
ENSG00000068354	X	48539713	48549713	+
ENSG00000175221	19	883217	893217	-
ENSG00000213977	17	3658678	3668678	-
ENSG00000136143	13	48027967	48037967	-
ENSG00000189043	7	10930152	10940152	-
ENSG00000158813	X	69616066	69626066	+
ENSG00000116017	19	925780	935780	+
ENSG00000129195	17	6444440	6454440	+
ENSG00000118939	13	75549479	75559479	+
ENSG00000167220	18	47140499	47150499	-
ENSG00000101109	20	44966478	44976478	+
ENSG00000100393	22	41092591	41102591	+
ENSG00000188419	X	86037560	86047560	-
ENSG00000169508	13	99297398	99307398	-
ENSG00000172404	22	40852112	40862112	-
ENSG00000100726	16	1493343	1503343	+
ENSG00000006747	7	12570576	12580576	+
ENSG00000134049	18	47166363	47176363	-
ENSG00000288616	18	46954407	46964407	-
ENSG00000288607	18	47013926	47023926	-
ENSG00000288631	18	47019841	47029841	-
ENSG00000102309	X	72181352	72191352	+
ENSG00000215474	18	47241659	47251659	-
ENSG00000127578	16	629238	639238	+
ENSG00000100387	22	40951346	40961346	+
ENSG00000196388	17	4987609	4997609	-
ENSG00000256222	20	57349497	57359497	-
ENSG00000160191	21	42653620	42663620	+
ENSG00000100196	22	38468077	38478077	+
ENSG00000100078	22	31130507	31140507	-
ENSG00000157103	3	10992185	11002185	+
ENSG00000070985	11	2413044	2423044	-
ENSG00000064932	19	1164267	1174267	-
ENSG00000164877	7	1449469	1459469	-
ENSG00000101194	20	62952706	62962706	+
ENSG00000100341	22	43882012	43892012	-
ENSG00000072133	X	84178198	84188198	-
ENSG00000183186	19	399146	409146	-
ENSG00000177426	18	3411607	3421607	+
ENSG00000205922	19	1753505	1763505	+
ENSG00000108559	17	5409675	5419675	-
ENSG00000120549	10	23694745	23704745	+
ENSG00000116032	19	1000418	1010418	+
ENSG00000174032	13	45408454	45418454	-
ENSG00000240230	7	965548	975548	-
ENSG00000272636	17	171649	181649	-
ENSG00000019186	20	54163985	54173985	-
ENSG00000122585	7	24284187	24294187	+
ENSG00000125812	20	23362181	23372181	+
ENSG00000184867	X	101649849	101659849	-
ENSG00000100227	22	42604961	42614961	-
ENSG00000122644	7	12686855	12696855	+
ENSG00000118046	19	1177557	1187557	+
ENSG00000283321	7	17299294	17309294	+
ENSG00000124429	X	85369716	85379716	-
ENSG00000141384	18	26226444	26236444	+
ENSG00000164849	7	1044545	1054545	+
ENSG00000131379	3	14675140	14685140	+
ENSG00000133112	13	45331283	45341283	-
ENSG00000130413	11	8584288	8594288	-
ENSG00000100994	20	25248084	25258084	+
ENSG00000139826	13	108218391	108228391	+
ENSG00000132825	20	59930304	59940304	-
ENSG00000174405	13	108208367	108218367	-
ENSG00000206559	3	28348720	28358720	+
ENSG00000222036	14	18967433	18977433	+
ENSG00000100351	22	39901083	39911083	+
ENSG00000101132	20	54208086	54218086	+
ENSG00000102271	X	87517408	87527408	+
ENSG00000215545	20	31298584	31308584	-
ENSG00000171988	10	63511849	63521849	-
ENSG00000101596	18	2655725	2665725	+
ENSG00000166407	11	8258715	8268715	-
ENSG00000139684	13	46787419	46797419	-
ENSG00000101182	20	62133439	62143439	-
ENSG00000100105	22	31336345	31346345	-
ENSG00000102468	13	46887075	46897075	-
ENSG00000004660	17	3884890	3894890	-
ENSG00000147853	9	4732042	4742042	-
ENSG00000180483	20	31380589	31390589	-
ENSG00000141682	18	59899995	59909995	+
ENSG00000151033	10	30619761	30629761	-
ENSG00000144559	3	11836918	11846918	-
ENSG00000064666	19	1026585	1036585	+
ENSG00000138944	22	44302950	44312950	-
ENSG00000175322	18	14122489	14132489	-
ENSG00000083544	13	60396456	60406456	+
ENSG00000108405	17	3906475	3916475	-
ENSG00000124215	20	59958422	59968422	+
ENSG00000187624	17	410324	420324	+
ENSG00000151023	10	25052278	25062278	-
ENSG00000196236	22	40857076	40867076	+
ENSG00000132164	3	10816200	10826200	+
ENSG00000139910	14	26588032	26598032	-
ENSG00000101558	18	9914015	9924015	+
ENSG00000122873	10	58269161	58279161	+
ENSG00000120158	9	4792943	4802943	+
ENSG00000101460	20	34546853	34556853	+
ENSG00000110786	11	18782720	18792720	-
ENSG00000107018	9	5329875	5339875	-
ENSG00000183579	22	28883571	28893571	+
ENSG00000167930	16	234520	244520	+
ENSG00000107020	9	5427924	5437924	-
ENSG00000136770	10	21993768	22003768	-
ENSG00000104953	19	2977537	2987537	+
ENSG00000284306	11	4232639	4242639	-
ENSG00000163527	3	31532637	31542637	+
ENSG00000133104	13	36360179	36370179	-
ENSG00000154813	3	16254968	16264968	-
ENSG00000165633	10	49105521	49115521	-
ENSG00000106993	9	4679558	4689558	+
ENSG00000006468	7	13981424	13991424	-
ENSG00000175065	18	31376776	31386776	+
ENSG00000091622	17	6546554	6556554	-
ENSG00000151413	14	31489955	31499955	+
ENSG00000122912	10	68517522	68527522	-
ENSG00000173705	3	33208809	33218809	-
ENSG00000134757	18	31447740	31457740	+
ENSG00000172943	X	54038957	54048957	-
ENSG00000165443	10	59176642	59186642	+
ENSG00000100243	22	42639391	42649391	-
ENSG00000229937	7	18017845	18027845	-
ENSG00000099864	19	708934	718934	+
ENSG00000103126	16	342722	352722	-
ENSG00000154822	3	16802650	16812650	+
ENSG00000118271	18	31557008	31567008	+
ENSG00000177054	11	19117098	19127098	+
ENSG00000198298	10	43606418	43616418	+
ENSG00000105954	7	25218485	25228485	-
ENSG00000179580	16	1966822	1976822	+
ENSG00000100852	14	32076113	32086113	+
ENSG00000151789	3	22363320	22373320	-
ENSG00000150201	10	43371635	43381635	+
ENSG00000149050	11	7010345	7020345	-
ENSG00000142178	21	43417130	43427130	-
ENSG00000083457	17	3791187	3801187	-
ENSG00000102572	13	98567939	98577939	-
ENSG00000125931	X	72297186	72307186	-
ENSG00000198858	19	903244	913244	-
ENSG00000155158	9	15297359	15307359	-
ENSG00000160207	21	43649487	43659487	-
ENSG00000234289	21	43565181	43575181	+
ENSG00000161929	17	5224859	5234859	-
ENSG00000215182	11	1157952	1167952	+
ENSG00000147883	9	21999304	22009304	-
ENSG00000007952	X	100864358	100874358	-
ENSG00000129515	14	34620159	34630159	-
ENSG00000135378	11	32829926	32839926	+
ENSG00000099817	19	1085379	1095379	-
ENSG00000120210	9	5175646	5185646	-
ENSG00000122824	X	51332230	51342230	+
ENSG00000070950	3	8953772	8963772	-
ENSG00000136161	13	48523255	48533255	-
ENSG00000106066	7	29185450	29195450	-
ENSG00000183354	9	5998481	6008481	-
ENSG00000129518	14	34529710	34539710	-
ENSG00000170558	18	28167945	28177945	-
ENSG00000178235	13	83872473	83882473	-
ENSG00000125910	19	3172345	3182345	+
ENSG00000138303	10	72207133	72217133	-
ENSG00000132965	13	30713477	30723477	+
ENSG00000184205	X	53082366	53092366	+
ENSG00000100266	22	43005148	43015148	-
ENSG00000102466	13	102392456	102402456	-
ENSG00000160221	21	44133609	44143609	+
ENSG00000100442	14	45125318	45135318	-
ENSG00000008710	16	2125897	2135897	-
ENSG00000274600	22	21383373	21393373	+
ENSG00000215472	18	49482478	49492478	-
ENSG00000129514	14	37586058	37596058	-
ENSG00000265203	10	47348362	47358362	+
ENSG00000106688	9	4490467	4500467	+
ENSG00000032742	13	20567137	20577137	+
ENSG00000205808	9	4662293	4672293	+
ENSG00000129204	17	5116031	5126031	+
ENSG00000144668	3	37452114	37462114	+
ENSG00000197646	9	5510530	5520530	+
ENSG00000160223	21	44230965	44240965	-
ENSG00000126733	X	86148450	86158450	+
ENSG00000168952	14	25040296	25050296	-
ENSG00000198934	X	76427709	76437709	+
ENSG00000102445	13	46428189	46438189	-
ENSG00000110756	11	18312197	18322197	-
ENSG00000256806	17	6651761	6661761	+
ENSG00000101670	18	49560698	49570698	+
ENSG00000044459	9	17134981	17144981	+
ENSG00000142182	21	44252215	44262215	-
ENSG00000141627	18	49451346	49461346	-
ENSG00000197586	20	25195692	25205692	+
ENSG00000196440	X	101418286	101428286	+
ENSG00000151117	11	18693121	18703121	+
ENSG00000100241	22	50465034	50475034	-
ENSG00000185222	X	103356488	103366488	+
ENSG00000170748	11	7088997	7098997	+
ENSG00000132259	11	6234764	6244764	+
ENSG00000102390	X	76173039	76183039	+
ENSG00000100890	14	35121845	35131845	+
ENSG00000125912	19	3185562	3195562	+
ENSG00000169635	22	21417370	21427370	+
ENSG00000130701	20	62417538	62427538	-
ENSG00000160224	21	44285837	44295837	+
ENSG00000125046	3	8735039	8745039	-
ENSG00000179300	X	78649327	78659327	-
ENSG00000125247	13	100665092	100675092	-
ENSG00000105963	7	945406	955406	-
ENSG00000141646	18	51028393	51038393	+
ENSG00000130540	22	43852512	43862512	-
ENSG00000174016	X	80335503	80345503	+
ENSG00000105255	19	4304597	4314597	+
ENSG00000149646	20	35954563	35964563	+
ENSG00000176624	18	51208332	51218332	-
ENSG00000163576	3	19937024	19947024	-
ENSG00000183032	14	37162605	37172605	-
ENSG00000122145	X	80014752	80024752	+
ENSG00000188167	3	33087145	33097145	-
ENSG00000107036	9	5629024	5639024	+
ENSG00000153779	X	89921907	89931907	+
ENSG00000134343	11	26188841	26198841	+
ENSG00000101439	20	23628472	23638472	-
ENSG00000188133	9	32783539	32793539	+
ENSG00000124227	20	58218652	58228652	-
ENSG00000133106	13	42982270	42992270	-
ENSG00000108515	17	4948091	4958091	+
ENSG00000102053	X	65366637	65376637	+
ENSG00000164818	7	726698	736698	+
ENSG00000011132	19	3751691	3761691	-
ENSG00000102057	X	48961843	48971843	-
ENSG00000131653	16	2155697	2165697	+
ENSG00000101193	20	62938146	62948146	+
ENSG00000165322	10	31918875	31928875	-
ENSG00000087301	14	52542521	52552521	-
ENSG00000141959	21	44300050	44310050	+
ENSG00000127863	13	23570369	23580369	+
ENSG00000168229	14	52267697	52277697	+
ENSG00000139832	13	110551721	110561721	-
ENSG00000131059	20	33217309	33227309	+
ENSG00000073614	12	379319	389319	-
ENSG00000072401	10	58334978	58344978	+
ENSG00000165501	14	49598760	49608760	+
ENSG00000266524	10	47300196	47310196	+
ENSG00000160226	21	44329401	44339401	-
ENSG00000255639	12	4649100	4659100	+
ENSG00000159307	22	43333371	43343371	-
ENSG00000124225	20	57701535	57711535	-
ENSG00000110768	11	18322294	18332294	+
ENSG00000160233	21	44455509	44465509	+
ENSG00000196693	10	42628569	42638569	-
ENSG00000105928	7	24747939	24757939	-
ENSG00000147202	X	96684662	96694662	+
ENSG00000120645	12	66766	76766	+
ENSG00000134905	13	110703602	110713602	-
ENSG00000175894	21	44701571	44711571	-
ENSG00000110696	11	16613131	16623131	+
ENSG00000204272	X	56729240	56739240	+
ENSG00000105289	19	3708361	3718361	+
ENSG00000183751	16	1972052	1982052	+
ENSG00000215455	21	44530194	44540194	-
ENSG00000205445	21	44541504	44551504	-
ENSG00000212935	21	44548794	44558794	-
ENSG00000131171	X	81202101	81212101	+
ENSG00000215454	21	44573723	44583723	+
ENSG00000241123	21	44570603	44580603	-
ENSG00000188155	21	44582504	44592504	-
ENSG00000272804	21	44600596	44610596	+
ENSG00000170935	X	107774898	107784898	+
ENSG00000187766	21	44612078	44622078	+
ENSG00000221837	21	44627092	44637092	+
ENSG00000047621	12	4528507	4538507	-
ENSG00000221859	21	44637355	44647355	+
ENSG00000243489	21	44646413	44656413	+
ENSG00000212933	21	44644658	44654658	-
ENSG00000205439	21	44657931	44667931	+
ENSG00000153487	13	110712735	110722735	+
ENSG00000196415	19	840998	850998	+
ENSG00000221864	21	44656926	44666926	-
ENSG00000187175	21	44672162	44682162	-
ENSG00000189169	21	44697171	44707171	+
ENSG00000204071	X	102132969	102142969	-
ENSG00000129170	11	19200570	19210570	-
ENSG00000165572	13	41122801	41132801	-
ENSG00000083454	17	3686239	3696239	-
ENSG00000151079	12	4809175	4819175	+
ENSG00000105246	19	4229522	4239522	+
ENSG00000120696	13	41184568	41194568	-
ENSG00000129810	3	20176205	20186205	-
ENSG00000101365	20	2654218	2664218	-
ENSG00000165516	14	49768129	49778129	+
ENSG00000170743	11	7238777	7248777	+
ENSG00000127774	17	3668811	3678811	+
ENSG00000184787	21	44791825	44801825	-
ENSG00000180787	17	5078466	5088466	+
ENSG00000107745	10	72616190	72626190	-
ENSG00000120662	13	41253576	41263576	-
ENSG00000183569	22	42553616	42563616	+
ENSG00000254598	11	11343249	11353249	-
ENSG00000104885	19	2163932	2173932	+
ENSG00000189139	14	44497282	44507282	-
ENSG00000124164	20	58389228	58399228	+
ENSG00000183161	11	22615822	22625822	-
ENSG00000095932	19	3470524	3480524	-
ENSG00000004478	12	2794969	2804969	+
ENSG00000167333	11	4598230	4608230	-
ENSG00000147862	9	14388982	14398982	-
ENSG00000172766	13	41311266	41321266	+
ENSG00000108528	17	4930052	4940052	-
ENSG00000152219	11	30323103	30333103	+
ENSG00000112699	6	2235604	2245604	-
ENSG00000102760	13	41457549	41467549	+
ENSG00000141040	17	16559203	16569203	-
ENSG00000100991	20	35082806	35092806	-
ENSG00000060566	19	4153630	4163630	+
ENSG00000065970	12	8032715	8042715	+
ENSG00000100395	22	41205281	41215281	+
ENSG00000178951	19	4056898	4066898	-
ENSG00000137040	9	6005624	6015624	-
ENSG00000167476	19	2259758	2269758	-
ENSG00000167972	16	2330745	2340745	-
ENSG00000073712	14	52942434	52952434	-
ENSG00000112685	6	683138	693138	-
ENSG00000100060	22	37476392	37486392	-
ENSG00000102763	13	41951119	41961119	-
ENSG00000129480	14	31447505	31457505	-
ENSG00000111732	12	8602866	8612866	-
ENSG00000099219	9	5823116	5833116	-
ENSG00000123200	13	46042758	46052758	-
ENSG00000147885	9	21207310	21217310	-
ENSG00000188379	9	21375397	21385397	-
ENSG00000198642	9	21325403	21335403	-
ENSG00000137265	6	391751	401751	+
ENSG00000125249	13	97434168	97444168	+
ENSG00000176399	9	22446823	22456823	+
ENSG00000101146	20	57351222	57361222	+
ENSG00000145945	6	3849372	3859372	+
ENSG00000167964	16	2140802	2150802	+
ENSG00000068323	X	49033409	49043409	-
ENSG00000129158	11	18003046	18013046	-
ENSG00000100519	14	52707177	52717177	+
ENSG00000091592	17	5609423	5619423	-
ENSG00000124802	6	8092558	8102558	-
ENSG00000100379	22	37051735	37061735	+
ENSG00000093167	3	37173688	37183688	-
ENSG00000188996	6	646962	656962	-
ENSG00000131044	20	31870701	31880701	+
ENSG00000059804	12	7926186	7936186	-
ENSG00000160255	21	44921988	44931988	-
ENSG00000139793	13	97221433	97231433	+
ENSG00000147874	9	19092903	19102903	-
ENSG00000128253	22	32195000	32205000	-
ENSG00000108518	17	4939060	4949060	-
ENSG00000077463	19	4172565	4182565	-
ENSG00000188917	X	101042115	101052115	-
ENSG00000180626	17	5181867	5191867	-
ENSG00000188428	6	8054395	8064395	-
ENSG00000130037	12	5043878	5053878	+
ENSG00000139679	13	48434703	48444703	-
ENSG00000132517	17	5042008	5052008	-
ENSG00000128276	22	32354884	32364884	+
ENSG00000170925	X	107972369	107982369	-
ENSG00000182463	20	52972357	52982357	+
ENSG00000099250	10	33326261	33336261	-
ENSG00000121691	11	34438933	34448933	+
ENSG00000182489	X	100919432	100929432	-
ENSG00000186675	X	75775253	75785253	-
ENSG00000101161	20	63981131	63991131	+
ENSG00000213995	13	110615544	110625544	+
ENSG00000122692	9	33066673	33076673	-
ENSG00000183255	21	44863902	44873902	-
ENSG00000070882	7	24971633	24981633	-
ENSG00000121743	13	20151051	20161051	-
ENSG00000165474	13	20182937	20192937	-
ENSG00000167657	19	3961122	3971122	-
ENSG00000149100	11	32583797	32593797	+
ENSG00000120217	9	5450502	5460502	+
ENSG00000103249	16	1465083	1475083	-
ENSG00000228300	19	1275529	1285529	+
ENSG00000100220	22	32402247	32412247	-
ENSG00000105428	19	5455416	5465416	+
ENSG00000102226	X	47232865	47242865	+
ENSG00000120594	10	19816238	19826238	+
ENSG00000120647	12	389272	399272	+
ENSG00000054796	20	57329802	57339802	+
ENSG00000121742	13	20222364	20232364	-
ENSG00000160256	21	44940011	44950011	+
ENSG00000128245	22	31944521	31954521	+
ENSG00000132821	20	37903110	37913110	+
ENSG00000128203	22	26429259	26439259	+
ENSG00000105229	19	4007735	4017735	+
ENSG00000087303	14	52059227	52069227	-
ENSG00000204548	20	31402837	31412837	-
ENSG00000267795	16	4788396	4798396	+
ENSG00000144711	3	13273280	13283280	-
ENSG00000204176	10	46578216	46588216	+
ENSG00000111254	12	4639050	4649050	-
ENSG00000184207	16	2204839	2214839	-
ENSG00000100104	22	26483876	26493876	+
ENSG00000205269	6	11537748	11547748	+
ENSG00000125977	20	34102242	34112242	-
ENSG00000163508	3	27712710	27722710	-
ENSG00000203883	20	64039638	64049638	-
ENSG00000148484	10	16807462	16817462	-
ENSG00000099810	9	21802635	21812635	+
ENSG00000183977	3	20002266	20012266	-
ENSG00000120235	9	21341377	21351377	-
ENSG00000071189	7	17930500	17940500	-
ENSG00000100109	22	26502504	26512504	-
ENSG00000197776	14	49693104	49703104	+
ENSG00000182872	X	47145220	47155220	+
ENSG00000091317	3	32492851	32502851	-
ENSG00000186866	21	45277897	45287897	-
ENSG00000182107	14	61271760	61281760	-
ENSG00000121741	13	19958676	19968676	+
ENSG00000174482	9	28660285	28670285	-
ENSG00000172179	6	22292825	22302825	-
ENSG00000103266	16	680223	690223	+
ENSG00000154930	20	25048979	25058979	-
ENSG00000268104	X	116436605	116446605	+
ENSG00000128294	22	26586716	26596716	-
ENSG00000126947	X	101550546	101560546	+
ENSG00000170312	10	60778330	60788330	+
ENSG00000047597	X	37685790	37695790	+
ENSG00000131951	14	59919712	59929712	+
ENSG00000100122	22	26608026	26618026	-
ENSG00000198088	X	107196432	107206432	-
ENSG00000101134	20	54475592	54485592	+
ENSG00000172366	16	636816	646816	+
ENSG00000227877	10	59746040	59756040	-
ENSG00000196431	22	26621962	26631962	+
ENSG00000131386	3	16174679	16184679	+
ENSG00000180998	14	52552835	52562835	+
ENSG00000005513	16	981769	991769	+
ENSG00000150456	13	20763960	20773960	-
ENSG00000165097	6	18155328	18165328	+
ENSG00000141905	19	3314402	3324402	+
ENSG00000132953	13	20893047	20903047	-
ENSG00000074370	17	3954463	3964463	-
ENSG00000089682	X	107108822	107118822	-
ENSG00000187690	X	51406947	51416947	+
ENSG00000215174	X	57670259	57680259	-
ENSG00000150457	13	21051585	21061585	-
ENSG00000146109	6	26596952	26606952	+
ENSG00000156026	10	72692130	72702130	+
ENSG00000158470	20	49703877	49713877	-
ENSG00000126773	14	60091910	60101910	+
ENSG00000100385	22	37165053	37175053	-
ENSG00000170860	3	14178816	14188816	+
ENSG00000122550	7	23105757	23115757	+
ENSG00000149679	20	62397284	62407284	-
ENSG00000112799	6	6588107	6598107	+
ENSG00000133466	22	37189384	37199384	-
ENSG00000166478	11	9460318	9470318	+
ENSG00000165757	10	30105493	30115493	-
ENSG00000278195	22	37202476	37212476	-
ENSG00000164985	9	15500994	15510994	-
ENSG00000153162	6	7726098	7736098	+
ENSG00000259024	17	15553560	15563560	-
ENSG00000137414	6	17600301	17610301	+
ENSG00000126778	14	60648258	60658258	-
ENSG00000165655	10	75391763	75401763	-
ENSG00000125999	20	33273479	33283479	+
ENSG00000167967	16	2223579	2233579	+
ENSG00000183570	21	45643693	45653693	+
ENSG00000239264	6	7900787	7910787	-
ENSG00000109851	11	20150474	20160474	-
ENSG00000106546	7	16916358	16926358	+
ENSG00000124256	20	57610575	57620575	-
ENSG00000157152	3	12004387	12014387	+
ENSG00000151849	13	24912888	24922888	-
ENSG00000128340	22	37234447	37244447	-
ENSG00000181315	6	26649751	26659751	-
ENSG00000178567	3	36983130	36993130	-
ENSG00000047648	X	11655919	11665919	-
ENSG00000077327	10	22345444	22355444	+
ENSG00000180730	13	26042015	26052015	-
ENSG00000082805	12	990508	1000508	+
ENSG00000260286	6	24788916	24798916	-
ENSG00000139970	14	59860775	59870775	-
ENSG00000112273	6	22569565	22579565	+
ENSG00000198960	X	101608000	101618000	-
ENSG00000164379	6	1312097	1322097	+
ENSG00000165406	10	45584905	45594905	-
ENSG00000031823	19	5968141	5978141	-
ENSG00000176974	17	18353562	18363562	-
ENSG00000180537	6	13924445	13934445	+
ENSG00000196946	12	8157033	8167033	+
ENSG00000133105	13	31739525	31749525	+
ENSG00000136261	7	16646130	16656130	+
ENSG00000232948	8	12308315	12318315	-
ENSG00000285975	8	7549711	7559711	-
ENSG00000147206	X	103083142	103093142	-
ENSG00000020256	20	52194307	52204307	-
ENSG00000167842	17	5486284	5496284	+
ENSG00000253958	8	8701936	8711936	+
ENSG00000164821	8	6928305	6938305	-
ENSG00000075407	10	38094333	38104333	+
ENSG00000171792	12	2876257	2886257	+
ENSG00000184210	X	70177482	70187482	+
ENSG00000110422	11	33256671	33266671	+
ENSG00000187682	X	48826512	48836512	+
ENSG00000198276	20	63946415	63956415	-
ENSG00000173281	8	9141573	9151573	-
ENSG00000138336	10	68560336	68570336	+
ENSG00000170255	11	18929506	18939506	-
ENSG00000107984	10	52314280	52324280	+
ENSG00000124787	6	4994062	5004062	-
ENSG00000122691	7	19107635	19117635	-
ENSG00000179774	10	68222112	68232112	-
ENSG00000104213	8	17576432	17586432	+
ENSG00000166619	20	37517930	37527930	-
ENSG00000156928	7	23298738	23308738	+
ENSG00000177023	8	7465081	7475081	-
ENSG00000144596	3	14546074	14556074	-
ENSG00000129250	17	4997949	5007949	+
ENSG00000172081	19	2086672	2096672	-
ENSG00000184012	21	41521115	41531115	-
ENSG00000285913	8	7723090	7733090	+
ENSG00000102401	X	101622796	101632796	+
ENSG00000187045	22	37099712	37109712	-
ENSG00000153790	7	25170355	25180355	-
ENSG00000223573	19	5568348	5578348	-
ENSG00000154001	14	63533376	63543376	-
ENSG00000101180	20	62210277	62220277	-
ENSG00000129151	11	27040724	27050724	+
ENSG00000010379	12	252872	262872	-
ENSG00000187398	11	24496969	24506969	+
ENSG00000101115	20	51792520	51802520	-
ENSG00000186469	14	51826194	51836194	+
ENSG00000012779	10	45374175	45384175	+
ENSG00000071282	3	8501806	8511806	+
ENSG00000104897	19	2236823	2246823	+
ENSG00000125780	20	2296000	2306000	+
ENSG00000106541	7	16823432	16833432	-
ENSG00000053438	20	37521205	37531205	+
ENSG00000179796	3	26622805	26632805	+
ENSG00000176533	19	2692693	2702693	-
ENSG00000073910	13	31846712	31856712	+
ENSG00000124795	6	18254547	18264547	-
ENSG00000106100	7	30468783	30478783	-
ENSG00000101144	20	57256640	57266640	-
ENSG00000166689	11	17004413	17014413	-
ENSG00000173273	8	9555911	9565911	+
ENSG00000101844	X	108091667	108101667	+
ENSG00000198252	14	52730165	52740165	+
ENSG00000157601	21	41420019	41430019	+
ENSG00000181031	17	376253	386253	-
ENSG00000137074	9	33015129	33025129	-
ENSG00000008256	7	6262643	6272643	-
ENSG00000079689	6	25652200	25662200	+
ENSG00000126790	14	59474407	59484407	-
ENSG00000101407	20	38023460	38033460	-
ENSG00000100014	22	24270816	24280816	+
ENSG00000147160	X	70039937	70049937	-
ENSG00000183486	21	41361998	41371998	+
ENSG00000182247	3	23203019	23213019	+
ENSG00000124237	20	58150901	58160901	+
ENSG00000166321	10	73110374	73120374	+
ENSG00000132631	20	18813782	18823782	+
ENSG00000125533	20	62997034	63007034	-
ENSG00000198517	7	1530701	1540701	+
ENSG00000155970	8	17027237	17037237	+
ENSG00000179008	14	60505542	60515542	-
ENSG00000108561	17	5438829	5448829	-
ENSG00000244754	13	32528884	32538884	-
ENSG00000101843	X	108081548	108091548	-
ENSG00000128271	22	24417878	24427878	+
ENSG00000105866	7	21428042	21438042	+
ENSG00000197614	12	8652887	8662887	-
ENSG00000123572	X	105822538	105832538	+
ENSG00000129493	14	31410549	31420549	-
ENSG00000196365	19	5710571	5720571	-
ENSG00000179242	20	61252260	61262260	+
ENSG00000164989	9	15553042	15563042	+
ENSG00000154359	8	12746072	12756072	-
ENSG00000100024	22	24494106	24504106	+
ENSG00000105855	7	20330701	20340701	+
ENSG00000184293	12	9723298	9733298	-
ENSG00000205937	16	2258396	2268396	-
ENSG00000079691	6	25279077	25289077	+
ENSG00000130224	X	115224095	115234095	-
ENSG00000083642	13	32586451	32596451	+
ENSG00000100028	22	24555957	24565957	+
ENSG00000157578	21	39435804	39445804	-
ENSG00000105248	19	4247079	4257079	+
ENSG00000177076	9	19409008	19419008	+
ENSG00000184302	14	60509145	60519145	+
ENSG00000230873	6	17102049	17112049	+
ENSG00000069509	X	44532858	44542858	-
ENSG00000166523	12	8530904	8540904	-
ENSG00000100625	14	60714350	60724350	-
ENSG00000180660	13	35466688	35476688	-
ENSG00000135387	11	34051730	34061730	+
ENSG00000178026	22	24583207	24593207	-
ENSG00000183542	12	10399756	10409756	-
ENSG00000173467	7	16871986	16881986	-
ENSG00000141485	17	6703376	6713376	-
ENSG00000198853	9	35490110	35500110	+
ENSG00000123178	13	49926489	49936489	-
ENSG00000196787	6	27133041	27143041	+
ENSG00000147408	8	19748028	19758028	-
ENSG00000104904	19	2269508	2279508	+
ENSG00000171855	9	21067941	21077941	-
ENSG00000111215	12	10839474	10849474	-
ENSG00000232258	16	8580192	8590192	-
ENSG00000147082	X	50202712	50212712	+
ENSG00000131634	16	1528687	1538687	+
ENSG00000060558	19	3136032	3146032	+
ENSG00000170759	10	32046424	32056424	-
ENSG00000139618	13	32315085	32325085	+
ENSG00000144560	3	11761349	11771349	-
ENSG00000166432	X	101922078	101932078	-
ENSG00000100614	14	60245751	60255751	+
ENSG00000136231	7	23460490	23470490	-
ENSG00000165527	14	49893081	49903081	+
ENSG00000171953	17	18029208	18039208	-
ENSG00000182346	13	105465866	105475866	+
ENSG00000102128	X	102937271	102947271	+
ENSG00000196767	X	83508289	83518289	+
ENSG00000172915	13	34942269	34952269	+
ENSG00000163807	3	44751618	44761618	-
ENSG00000147854	9	6413150	6423150	+
ENSG00000112763	6	26457903	26467903	+
ENSG00000154723	21	25725672	25735672	-
ENSG00000283594	X	72912614	72922614	+
ENSG00000078589	X	78945331	78955331	+
ENSG00000160284	21	46174475	46184475	-
ENSG00000152465	10	15158692	15168692	-
ENSG00000101079	20	36736089	36746089	-
ENSG00000114166	3	20040445	20050445	+
ENSG00000147121	X	46447291	46457291	+
ENSG00000095951	6	12008761	12018761	+
ENSG00000120697	13	36990762	37000762	-
ENSG00000204161	10	49178584	49188584	-
ENSG00000187118	3	28241583	28251583	+
ENSG00000090776	X	68829020	68839020	+
ENSG00000166181	11	43311962	43321962	+
ENSG00000253797	13	52024690	52034690	+
ENSG00000198034	X	72267247	72277247	-
ENSG00000198704	6	28518214	28528214	-
ENSG00000122679	7	45157790	45167790	+
ENSG00000184515	X	102145976	102155976	-
ENSG00000179431	11	35618459	35628459	+
ENSG00000100714	14	64388030	64398030	+
ENSG00000165269	9	33392681	33402681	-
ENSG00000100031	22	24594810	24604810	+
ENSG00000189298	6	28349946	28359946	+
ENSG00000197168	13	52119091	52129091	-
ENSG00000258817	11	49952390	49962390	+
ENSG00000168096	16	4724377	4734377	-
ENSG00000145990	6	13477661	13487661	-
ENSG00000015285	X	48676595	48686595	+
ENSG00000148606	10	78019514	78029514	-
ENSG00000151838	14	59566811	59576811	-
ENSG00000120913	8	22578278	22588278	+
ENSG00000078967	7	43926435	43936435	+
ENSG00000152954	6	24126185	24136185	+
ENSG00000204065	X	103266749	103276749	-
ENSG00000110700	11	17067714	17077714	-
ENSG00000102055	X	42768162	42778162	-
ENSG00000089818	12	8076938	8086938	+
ENSG00000212126	12	10976911	10986911	-
ENSG00000160285	21	46218823	46228823	-
ENSG00000100652	14	69787240	69797240	-
ENSG00000120215	9	5890888	5900888	+
ENSG00000106415	7	7968795	7978795	+
ENSG00000219438	22	48489552	48499552	+
ENSG00000008083	6	15246068	15256068	+
ENSG00000184083	X	54173280	54183280	-
ENSG00000136098	13	52149860	52159860	-
ENSG00000166532	12	8681599	8691599	+
ENSG00000276180	6	27138587	27148587	+
ENSG00000197977	6	11034304	11044304	-
ENSG00000212127	12	11161572	11171572	-
ENSG00000065057	16	2037865	2047865	-
ENSG00000175806	8	10054291	10064291	+
ENSG00000107295	9	17579065	17589065	+
ENSG00000160633	19	5623034	5633034	+
ENSG00000100983	20	34946026	34956026	-
ENSG00000233816	9	21358961	21368961	-
ENSG00000214042	9	21192204	21202204	-
ENSG00000253710	13	52012390	52022390	+
ENSG00000108509	17	4977674	4987674	-
ENSG00000212123	19	5774745	5784745	-
ENSG00000100612	14	60159855	60169855	-
ENSG00000153714	9	12775019	12785019	+
ENSG00000100345	22	36377966	36387966	-
ENSG00000187650	19	5904871	5914871	+
ENSG00000267157	19	5775618	5785618	-
ENSG00000139083	12	11649673	11659673	+
ENSG00000205784	19	4892895	4902895	-
ENSG00000234829	9	21218221	21228221	-
ENSG00000230549	8	7332386	7342386	+
ENSG00000127580	16	680443	690443	-
ENSG00000285471	17	5772925	5782925	+
ENSG00000136243	7	23181840	23191840	+
ENSG00000150048	12	10101626	10111626	-
ENSG00000130255	19	5674946	5684946	+
ENSG00000188921	9	21021639	21031639	-
ENSG00000171860	12	8056358	8066358	-
ENSG00000131374	3	18434816	18444816	-
ENSG00000283329	9	38710427	38720427	-
ENSG00000171858	20	62387102	62397102	+
ENSG00000100030	22	21857679	21867679	-
ENSG00000174898	19	5720636	5730636	+
ENSG00000167969	16	2242299	2252299	-
ENSG00000251655	12	11385565	11395565	-
ENSG00000160282	21	46145578	46155578	-
ENSG00000101152	20	63895125	63905125	+
ENSG00000184937	11	32425563	32435563	-
ENSG00000005100	17	5458981	5468981	-
ENSG00000159267	21	36980235	36990235	-
ENSG00000082458	X	70444834	70454834	+
ENSG00000087510	20	56629305	56639305	+
ENSG00000165271	9	33463929	33473929	-
ENSG00000059145	16	1404750	1414750	-
ENSG00000129235	17	6640984	6650984	+
ENSG00000150045	12	9827480	9837480	+
ENSG00000141994	19	5781224	5791224	-
ENSG00000183035	X	83861125	83871125	+
ENSG00000164649	7	21935902	21945902	-
ENSG00000102786	13	51444263	51454263	-
ENSG00000131050	20	33161767	33171767	+
ENSG00000226761	12	11052293	11062293	-
ENSG00000182315	19	7048639	7058639	-
ENSG00000197601	11	13668667	13678667	+
ENSG00000197992	12	10030677	10040677	+
ENSG00000124782	6	7107596	7117596	+
ENSG00000100731	14	70907404	70917404	+
ENSG00000080572	X	107206610	107216610	+
ENSG00000121318	12	10816357	10826357	-
ENSG00000147223	X	106893340	106903340	-
ENSG00000198920	17	6630710	6640710	-
ENSG00000233024	16	18369330	18379330	-
ENSG00000179600	14	63308934	63318934	-
ENSG00000099956	22	23786930	23796930	+
ENSG00000221954	11	49972534	49982534	-
ENSG00000077713	X	119399335	119409335	+
ENSG00000130254	19	5614045	5624045	-
ENSG00000197417	17	3626249	3636249	-
ENSG00000137075	9	36477547	36487547	-
ENSG00000251537	17	15641652	15651652	-
ENSG00000139505	13	25277487	25287487	-
ENSG00000122033	13	27440590	27450590	-
ENSG00000242173	16	280449	290449	+
ENSG00000185651	22	21549446	21559446	+
ENSG00000185352	13	96090106	96100106	+
ENSG00000123171	13	51861968	51871968	+
ENSG00000125245	13	99251743	99261743	-
ENSG00000181350	17	16482192	16492192	-
ENSG00000184402	20	62143768	62153768	+
ENSG00000020426	14	60734741	60744741	+
ENSG00000183117	8	4984971	4994971	-
ENSG00000074356	17	3836245	3846245	-
ENSG00000267909	14	69564870	69574870	-
ENSG00000132938	13	28820338	28830338	+
ENSG00000133818	11	14354505	14364505	-
ENSG00000100632	14	69388298	69398298	-
ENSG00000204713	6	28913987	28923987	-
ENSG00000179476	14	44897274	44907274	+
ENSG00000070018	12	12257043	12267043	-
ENSG00000220948	11	48973825	48983825	-
ENSG00000284956	8	23084402	23094402	+
ENSG00000198129	8	7495910	7505910	+
ENSG00000102524	13	108251239	108261239	+
ENSG00000151846	13	25096135	25106135	+
ENSG00000184344	12	7685774	7695774	-
ENSG00000256537	12	11171193	11181193	+
ENSG00000060339	10	68721011	68731011	+
ENSG00000176797	8	7881391	7891391	+
ENSG00000186047	13	50833938	50843938	-
ENSG00000196632	X	54348641	54358641	-
ENSG00000165566	13	25162287	25172287	-
ENSG00000108474	17	16217190	16227190	+
ENSG00000134020	8	22989999	22999999	-
ENSG00000262655	11	13962722	13972722	+
ENSG00000185753	X	40637560	40647560	-
ENSG00000086102	9	33290511	33300511	+
ENSG00000187535	16	1602071	1612071	-
ENSG00000100342	22	36253070	36263070	+
ENSG00000189152	17	19127534	19137534	+
ENSG00000187626	6	28242268	28252268	-
ENSG00000189134	6	28259296	28269296	+
ENSG00000139112	12	10212457	10222457	+
ENSG00000101361	20	2652592	2662592	+
ENSG00000167840	17	5113115	5123115	-
ENSG00000197381	21	45073852	45083852	+
ENSG00000127870	13	26212313	26222313	-
ENSG00000180574	12	10505601	10515601	+
ENSG00000105426	19	5330802	5340802	-
ENSG00000119599	14	72926376	72936376	+
ENSG00000244362	21	30551313	30561313	-
ENSG00000103326	16	527711	537711	+
ENSG00000183778	21	39556441	39566441	+
ENSG00000179869	7	48171457	48181457	+
ENSG00000180509	21	34502213	34512213	-
ENSG00000127561	16	1989659	1999659	+
ENSG00000132932	13	25371973	25381973	+
ENSG00000029725	17	5282264	5292264	+
ENSG00000196628	18	55654786	55664786	-
ENSG00000102024	X	115561173	115571173	+
ENSG00000089847	19	4183353	4193353	+
ENSG00000232040	6	28606211	28616211	-
ENSG00000129422	8	17790916	17800916	-
ENSG00000078401	6	12290360	12300360	+
ENSG00000105519	19	5912338	5922338	+
ENSG00000050130	14	59484442	59494442	+
ENSG00000157087	3	10698006	10708006	-
ENSG00000224586	6	28525880	28535880	+
ENSG00000170324	10	48264695	48274695	-
ENSG00000164816	8	7046738	7056738	-
ENSG00000171970	19	2900897	2910897	+
ENSG00000142156	21	45981769	45991769	+
ENSG00000146592	7	28299320	28309320	+
ENSG00000184647	8	10525531	10535531	+
ENSG00000205927	21	33025934	33035934	+
ENSG00000104899	19	2249308	2259308	+
ENSG00000170948	19	8832397	8842397	+
ENSG00000151835	13	23423762	23433762	-
ENSG00000184221	21	33070140	33080140	+
ENSG00000275591	8	6825523	6835523	-
ENSG00000142494	17	19495384	19505384	+
ENSG00000126785	14	63204113	63214113	+
ENSG00000253649	8	10537584	10547584	-
ENSG00000285950	8	7768976	7778976	+
ENSG00000285607	8	7761329	7771329	+
ENSG00000130544	19	7069702	7079702	+
ENSG00000138286	10	73168118	73178118	+
ENSG00000275342	8	8376438	8386438	-
ENSG00000134539	12	10226057	10236057	+
ENSG00000180008	14	55027229	55037229	+
ENSG00000101096	20	51552830	51562830	-
ENSG00000285657	8	7753681	7763681	+
ENSG00000225327	8	7967984	7977984	-
ENSG00000111196	12	10603608	10613608	-
ENSG00000224531	6	11093833	11103833	+
ENSG00000077009	19	3933102	3943102	+
ENSG00000204703	6	29077312	29087312	-
ENSG00000100330	22	29883168	29893168	+
ENSG00000122952	10	56351272	56361272	-
ENSG00000140015	14	63092036	63102036	-
ENSG00000126814	14	60971169	60981169	-
ENSG00000166228	10	70878564	70888564	-
ENSG00000198832	22	31110068	31120068	-
ENSG00000168546	8	21802356	21812356	-
ENSG00000110848	12	9750900	9760900	-
ENSG00000064787	20	54060593	54070593	-
ENSG00000204599	6	30326478	30336478	+
ENSG00000147010	X	19877599	19887599	-
ENSG00000166224	10	70815947	70825947	+
ENSG00000171105	19	7284413	7294413	-
ENSG00000109046	17	27294075	27304075	+
ENSG00000105877	7	21543038	21553038	+
ENSG00000111796	12	9597915	9607915	-
ENSG00000163517	3	13479723	13489723	+
ENSG00000182916	X	103330228	103340228	+
ENSG00000159110	21	33205281	33215281	+
ENSG00000112183	6	17281360	17291360	+
ENSG00000133169	X	103054170	103064170	-
ENSG00000249624	21	33229891	33239891	+
ENSG00000185130	6	27797930	27807930	-
ENSG00000005022	X	119468421	119478421	+
ENSG00000226372	X	27971448	27981448	-
ENSG00000147439	8	22659147	22669147	-
ENSG00000128815	10	48684875	48694875	+
ENSG00000186767	X	63341331	63351331	-
ENSG00000198354	X	126156288	126166288	-
ENSG00000243646	21	33266366	33276366	+
ENSG00000165861	14	73017130	73027130	-
ENSG00000069493	12	9664968	9674968	+
ENSG00000184923	10	87225447	87235447	+
ENSG00000127663	19	4969112	4979112	+
ENSG00000100647	14	69611595	69621595	+
ENSG00000148655	10	75431623	75441623	+
ENSG00000258989	14	61529127	61539127	+
ENSG00000002746	7	43112628	43122628	+
ENSG00000133027	17	17581707	17591707	-
ENSG00000142166	21	33324428	33334428	+
ENSG00000167965	16	2204247	2214247	+
ENSG00000148459	10	26697700	26707700	+
ENSG00000160180	21	42305408	42315408	-
ENSG00000165512	10	45000922	45010922	+
ENSG00000196074	20	59923654	59933654	-
ENSG00000173391	12	10162137	10172137	-
ENSG00000077092	3	25174331	25184331	+
ENSG00000124783	6	7337445	7347445	-
ENSG00000108590	17	6641633	6651633	-
ENSG00000161082	19	3224660	3234660	+
ENSG00000137273	6	1389575	1399575	+
ENSG00000164548	7	23522040	23532040	-
ENSG00000130119	X	54530182	54540182	+
ENSG00000133454	22	25742143	25752143	+
ENSG00000166527	12	8509474	8519474	+
ENSG00000187094	3	42256184	42266184	-
ENSG00000187987	6	28433501	28443501	-
ENSG00000101856	X	119236244	119246244	+
ENSG00000124766	6	21593750	21603750	+
ENSG00000171885	18	26855770	26865770	-
ENSG00000102606	13	111114558	111124558	+
ENSG00000100626	14	69259276	69269276	+
ENSG00000164741	8	13594609	13604609	-
ENSG00000275553	18	46959911	46969911	-
ENSG00000169314	22	23762989	23772989	+
ENSG00000119547	18	57435373	57445373	+
ENSG00000184227	14	73537142	73547142	+
ENSG00000060138	12	10713322	10723322	-
ENSG00000250479	22	23757971	23767971	-
ENSG00000181619	14	59455341	59465341	-
ENSG00000179841	14	64465498	64475498	+
ENSG00000122359	10	80195571	80205571	-
ENSG00000130702	20	62357311	62367311	-
ENSG00000110514	11	47269160	47279160	+
ENSG00000003096	X	118107339	118117339	-
ENSG00000215356	8	7926336	7936336	+
ENSG00000212124	12	11012619	11022619	-
ENSG00000153495	13	111316183	111326183	+
ENSG00000185053	8	15228430	15238430	-
ENSG00000178695	13	76876404	76886404	-
ENSG00000180964	X	103245191	103255191	-
ENSG00000134440	18	57612212	57622212	-
ENSG00000102794	13	76948510	76958510	+
ENSG00000011426	7	36389820	36399820	+
ENSG00000171433	X	48761746	48771746	+
ENSG00000149657	20	62122460	62132460	+
ENSG00000189401	X	70062456	70072456	+
ENSG00000186572	8	7805715	7815715	-
ENSG00000268988	X	143711422	143721422	-
ENSG00000100359	22	40370590	40380590	+
ENSG00000119688	14	74293054	74303054	-
ENSG00000102805	13	76990659	77000659	+
ENSG00000147324	8	8883629	8893629	-
ENSG00000140632	16	4837287	4847287	-
ENSG00000283208	13	76992077	77002077	+
ENSG00000174109	16	1410755	1420755	-
ENSG00000093217	3	38346759	38356759	+
ENSG00000005812	13	77017194	77027194	-
ENSG00000081923	18	57793314	57803314	-
ENSG00000141968	19	6772707	6782707	+
ENSG00000042813	7	50111328	50121328	-
ENSG00000147443	8	21903689	21913689	-
ENSG00000180354	7	30134985	30144985	+
ENSG00000142185	21	44350162	44360162	+
ENSG00000005810	13	77317093	77327093	-
ENSG00000288716	13	77316987	77326987	-
ENSG00000254093	8	10829883	10839883	-
ENSG00000198796	18	58619090	58629090	-
ENSG00000145996	6	20534456	20544456	+
ENSG00000102796	13	51794162	51804162	-
ENSG00000167962	16	1999820	2009820	-
ENSG00000146038	6	24348058	24358058	-
ENSG00000087495	20	59577508	59587508	+
ENSG00000196747	6	27808198	27818198	+
ENSG00000125676	X	123723055	123733055	-
ENSG00000104886	19	2227703	2237703	-
ENSG00000172201	6	19837369	19847369	+
ENSG00000134588	X	133087108	133097108	-
ENSG00000140990	16	1959537	1969537	+
ENSG00000133422	22	30958773	30968773	-
ENSG00000253309	13	51335772	51345772	+
ENSG00000205659	14	74084795	74094795	+
ENSG00000220008	19	2282023	2292023	-
ENSG00000260342	16	18791518	18801518	-
ENSG00000185437	21	39445854	39455854	+
ENSG00000168101	16	4693693	4703693	+
ENSG00000125510	20	64080081	64090081	+
ENSG00000198791	8	17236877	17246877	-
ENSG00000253352	22	30969244	30979244	+
ENSG00000048462	16	11965209	11975209	+
ENSG00000105278	19	3859037	3869037	-
ENSG00000164619	7	33904307	33914307	+
ENSG00000166351	21	13609776	13619776	+
ENSG00000122026	13	27251361	27261361	+
ENSG00000134115	3	1092657	1102657	+
ENSG00000285720	8	7746033	7756033	+
ENSG00000284662	1	676672	686672	-
ENSG00000081177	14	69191510	69201510	+
ENSG00000139780	13	102685043	102695043	-
ENSG00000172175	18	58671464	58681464	+
ENSG00000171700	20	64069987	64079987	-
ENSG00000186827	1	1204152	1214152	-
ENSG00000182983	3	42906141	42916141	+
ENSG00000196396	20	50510320	50520320	+
ENSG00000186891	1	1196591	1206591	-
ENSG00000101400	20	33433762	33443762	-
ENSG00000119661	14	73644874	73654874	+
ENSG00000204271	X	56985826	56995826	-
ENSG00000134899	13	102845830	102855830	+
ENSG00000153391	18	35487978	35497978	-
ENSG00000203880	20	64255694	64265694	+
ENSG00000160072	1	1471764	1481764	+
ENSG00000089486	16	4528827	4538827	-
ENSG00000125255	13	103056416	103066416	-
ENSG00000172458	13	20702126	20712126	+
ENSG00000173681	X	19960297	19970297	-
ENSG00000214940	16	18326735	18336735	-
ENSG00000136205	7	47572557	47582557	-
ENSG00000134864	13	100579527	100589527	-
ENSG00000041988	1	6624865	6634865	+
ENSG00000103489	16	17460959	17470959	-
ENSG00000156030	14	73780284	73790284	-
ENSG00000078596	X	79357666	79367666	-
ENSG00000164850	7	1082207	1092207	+
ENSG00000177398	21	42062958	42072958	+
ENSG00000282815	X	125320119	125330119	+
ENSG00000104723	8	15417214	15427214	+
ENSG00000229674	X	37994251	38004251	+
ENSG00000174837	19	6887565	6897565	+
ENSG00000100099	22	26473836	26483836	-
ENSG00000102021	X	115289714	115299714	+
ENSG00000078579	8	16992344	17002344	-
ENSG00000276289	21	7819925	7829925	-
ENSG00000227234	X	141002593	141012593	+
ENSG00000184785	X	134990990	135000990	+
ENSG00000127540	19	1595472	1605472	-
ENSG00000176782	8	7836435	7846435	+
ENSG00000175691	19	2934970	2944970	-
ENSG00000177257	8	7406862	7416862	-
ENSG00000162104	16	4106441	4116441	-
ENSG00000119711	14	74074491	74084491	-
ENSG00000171703	20	64049835	64059835	+
ENSG00000141027	17	16208184	16218184	-
ENSG00000170011	3	39808913	39818913	+
ENSG00000103381	16	12793886	12803886	-
ENSG00000179388	8	22683479	22693479	-
ENSG00000088256	19	3094361	3104361	+
ENSG00000103199	16	4757623	4767623	-
ENSG00000165555	14	77413516	77423516	-
ENSG00000142611	1	3069167	3079167	+
ENSG00000159200	21	34605112	34615112	-
ENSG00000130700	20	62465994	62475994	-
ENSG00000151150	10	60723489	60733489	-
ENSG00000173482	18	7566781	7576781	+
ENSG00000183628	22	18906027	18916027	+
ENSG00000196700	20	63959929	63969929	-
ENSG00000080503	9	1980289	1990289	+
ENSG00000283809	22	18906237	18916237	+
ENSG00000088387	13	99076624	99086624	-
ENSG00000133243	19	2024880	2034880	-
ENSG00000221818	8	26035412	26045412	-
ENSG00000129988	20	38346481	38356481	+
ENSG00000285937	8	7738386	7748386	+
ENSG00000139800	13	99961908	99971908	-
ENSG00000180332	13	45191044	45201044	-
ENSG00000184983	22	42080883	42090883	-
ENSG00000165300	13	87671370	87681370	+
ENSG00000129521	14	34452773	34462773	-
ENSG00000188846	3	40457291	40467291	+
ENSG00000196227	20	59933763	59943763	+
ENSG00000185811	7	50304067	50314067	+
ENSG00000105549	19	366025	376025	-
ENSG00000267740	19	5893786	5903786	-
ENSG00000205669	14	73610944	73620944	+
ENSG00000148602	10	84231545	84241545	-
ENSG00000171490	16	11841579	11851579	-
ENSG00000203546	14	31447440	31457440	-
ENSG00000171320	8	27771948	27781948	+
ENSG00000142197	21	36156781	36166781	+
ENSG00000165389	14	34452239	34462239	-
ENSG00000177427	17	18260596	18270596	+
ENSG00000122378	10	80407828	80417828	+
ENSG00000067606	1	2050410	2060410	+
ENSG00000154655	18	6405236	6415236	-
ENSG00000151490	12	15322256	15332256	+
ENSG00000068650	13	112690037	112700037	+
ENSG00000080839	20	37085996	37095996	-
ENSG00000118922	13	74123928	74133928	-
ENSG00000206503	6	29941259	29951259	+
ENSG00000141448	18	22169588	22179588	+
ENSG00000204033	10	84215543	84225543	-
ENSG00000152207	13	48653710	48663710	+
ENSG00000165621	13	96984729	96994729	-
ENSG00000248167	6	30328906	30338906	+
ENSG00000205702	22	42139454	42149454	-
ENSG00000124209	20	58309714	58319714	+
ENSG00000139055	12	14928536	14938536	-
ENSG00000101638	18	46749256	46759256	-
ENSG00000196220	3	9353052	9363052	-
ENSG00000158486	16	21149440	21159440	-
ENSG00000112242	6	20401878	20411878	+
ENSG00000124422	17	21033759	21043759	-
ENSG00000111701	12	7655907	7665907	-
ENSG00000153531	13	113443523	113453523	-
ENSG00000025434	11	47248299	47258299	+
ENSG00000235568	22	42422402	42432402	-
ENSG00000137080	9	21156659	21166659	-
ENSG00000188243	13	75539438	75549438	-
ENSG00000187258	7	34658217	34668217	+
ENSG00000176567	11	48263860	48273860	+
ENSG00000124205	20	59300442	59310442	+
ENSG00000029364	14	69398014	69408014	+
ENSG00000131584	1	1299608	1309608	-
ENSG00000156011	8	19074729	19084729	-
ENSG00000170345	14	75278825	75288825	+
ENSG00000101413	20	38033724	38043724	+
ENSG00000136114	13	52406372	52416372	-
ENSG00000241644	7	30697984	30707984	+
ENSG00000189306	22	42509795	42519795	-
ENSG00000168135	22	38445198	38455198	-
ENSG00000107105	9	23816336	23826336	-
ENSG00000100246	22	38784197	38794197	-
ENSG00000196678	16	20890348	20900348	-
ENSG00000172243	12	10120257	10130257	-
ENSG00000221890	22	38834027	38844027	-
ENSG00000169972	1	1308596	1318596	+
ENSG00000088756	18	6729715	6739715	+
ENSG00000155313	21	15729981	15739981	+
ENSG00000104714	8	728105	738105	-
ENSG00000276076	21	6499202	6509202	+
ENSG00000183741	22	38862248	38872248	-
ENSG00000007264	19	3792128	3802128	-
ENSG00000136100	13	52440633	52450633	-
ENSG00000171962	17	17972812	17982812	+
ENSG00000148584	10	50875674	50885674	-
ENSG00000131378	3	16504025	16514025	-
ENSG00000134551	12	10929235	10939235	+
ENSG00000196132	20	64102393	64112393	+
ENSG00000164742	7	45574139	45584139	+
ENSG00000128383	22	38952740	38962740	+
ENSG00000062582	7	43859892	43869892	-
ENSG00000170293	3	32238678	32248678	+
ENSG00000157911	1	2403796	2413796	-
ENSG00000137106	9	37422665	37432665	+
ENSG00000155975	8	17246930	17256930	+
ENSG00000107789	10	87504874	87514874	+
ENSG00000163528	3	14114869	14124869	-
ENSG00000110429	11	33764542	33774542	-
ENSG00000224051	1	1324755	1334755	+
ENSG00000105355	19	4857693	4867693	-
ENSG00000164855	7	1550820	1560820	-
ENSG00000179750	22	38982346	38992346	+
ENSG00000157933	1	2228318	2238318	+
ENSG00000136108	13	52455428	52465428	+
ENSG00000172322	12	9951315	9961315	+
ENSG00000205030	11	55827218	55837218	+
ENSG00000130706	20	62302092	62312092	+
ENSG00000244509	22	39014256	39024256	+
ENSG00000214891	11	49049111	49059111	-
ENSG00000241852	8	22599598	22609598	+
ENSG00000284554	22	39014362	39024362	+
ENSG00000108064	10	58385344	58395344	+
ENSG00000156299	21	31549976	31559976	-
ENSG00000111261	12	12340241	12350241	-
ENSG00000155886	9	19776927	19786927	-
ENSG00000139675	13	52642430	52652430	+
ENSG00000164743	8	13566868	13576868	+
ENSG00000248235	8	22589273	22599273	+
ENSG00000167658	19	3975462	3985462	-
ENSG00000119723	14	73949925	73959925	+
ENSG00000169740	10	43638880	43648880	-
ENSG00000128394	22	39040603	39050603	+
ENSG00000158865	16	24845840	24855840	+
ENSG00000188730	7	49773637	49783637	+
ENSG00000147457	8	23243636	23253636	+
ENSG00000084444	12	13044380	13054380	+
ENSG00000165416	13	52652708	52662708	+
ENSG00000107731	10	71212569	71222569	+
ENSG00000164532	7	35244099	35254099	-
ENSG00000134444	18	62187254	62197254	+
ENSG00000231887	12	11161607	11171607	-
ENSG00000239713	22	39077066	39087066	+
ENSG00000175985	14	69484691	69494691	+
ENSG00000196277	3	6770000	6780000	+
ENSG00000159167	8	23844805	23854805	-
ENSG00000255641	12	10426000	10436000	-
ENSG00000179256	12	14804181	14814181	-
ENSG00000256436	12	11021406	11031406	-
ENSG00000162591	1	3601507	3611507	-
ENSG00000073067	7	983180	993180	+
ENSG00000169962	1	1331279	1341279	+
ENSG00000100324	22	39399777	39409777	+
ENSG00000197265	8	30648235	30658235	-
ENSG00000106483	7	38015694	38025694	-
ENSG00000171847	12	8217617	8227617	-
ENSG00000116285	1	8016308	8026308	-
ENSG00000128268	22	39457011	39467011	+
ENSG00000142347	19	8567576	8577576	-
ENSG00000025293	20	35771973	35781973	+
ENSG00000139053	12	14973041	14983041	+
ENSG00000142655	1	10472287	10482287	+
ENSG00000104228	8	27301271	27311271	-
ENSG00000145002	8	12426342	12436342	-
ENSG00000197183	20	32575073	32585073	-
ENSG00000116014	19	917286	927286	+
ENSG00000094631	X	48801376	48811376	+
ENSG00000070019	12	14686598	14696598	-
ENSG00000074657	18	58862599	58872599	+
ENSG00000100335	22	39499431	39509431	+
ENSG00000103342	16	11906081	11916081	-
ENSG00000177731	17	18248737	18258737	-
ENSG00000121335	12	11491040	11501040	-
ENSG00000285025	22	39504230	39514230	+
ENSG00000104689	8	23215101	23225101	-
ENSG00000187051	22	39522760	39532760	-
ENSG00000177576	18	49477251	49487251	-
ENSG00000179981	18	75210754	75220754	+
ENSG00000182087	19	1011178	1021178	-
ENSG00000197599	16	1434555	1444555	-
ENSG00000198042	8	33485181	33495181	+
ENSG00000182601	16	25691958	25701958	+
ENSG00000154856	18	10454634	10464634	+
ENSG00000131067	20	34862855	34872855	-
ENSG00000183971	16	2009925	2019925	+
ENSG00000119681	14	74602377	74612377	-
ENSG00000119121	9	74878093	74888093	-
ENSG00000130590	20	63970007	63980007	-
ENSG00000149527	1	2425979	2435979	+
ENSG00000133980	14	74303068	74313068	+
ENSG00000182902	22	17563449	17573449	+
ENSG00000136270	7	45102046	45112046	-
ENSG00000175445	8	19901716	19911716	+
ENSG00000165898	14	74493755	74503755	+
ENSG00000134265	18	10525904	10535904	+
ENSG00000086205	11	49198637	49208637	-
ENSG00000166681	X	103376394	103386394	+
ENSG00000026103	10	88990530	89000530	+
ENSG00000007923	1	6691923	6701923	-
ENSG00000140044	14	75427715	75437715	+
ENSG00000046774	X	142195289	142205289	-
ENSG00000197919	9	21440438	21450438	+
ENSG00000140983	16	668104	678104	+
ENSG00000214946	17	15732246	15742246	+
ENSG00000091542	17	18183077	18193077	+
ENSG00000171621	1	9292893	9302893	+
ENSG00000198168	11	22820298	22830298	-
ENSG00000269556	X	149621911	149631911	-
ENSG00000131100	22	17618748	17628748	-
ENSG00000124232	20	45306839	45316839	+
ENSG00000184185	17	21376356	21386356	+
ENSG00000166535	12	8822620	8832620	+
ENSG00000065717	19	3037634	3047634	-
ENSG00000170946	11	31369839	31379839	+
ENSG00000179542	X	143626100	143636100	-
ENSG00000147421	8	28890394	28900394	+
ENSG00000186462	X	73204850	73214850	-
ENSG00000124145	20	45338423	45348423	-
ENSG00000162441	1	9933406	9943406	-
ENSG00000182993	12	14803665	14813665	+
ENSG00000078053	7	38621419	38631419	-
ENSG00000109016	17	21123363	21133363	+
ENSG00000204070	20	45361936	45371936	+
ENSG00000156006	8	18391281	18401281	+
ENSG00000165678	10	84139508	84149508	+
ENSG00000218305	7	48919764	48929764	+
ENSG00000221900	7	53035632	53045632	+
ENSG00000102241	X	136497078	136507078	+
ENSG00000060140	12	10664317	10674317	-
ENSG00000124251	20	45397888	45407888	-
ENSG00000123561	X	106028726	106038726	-
ENSG00000187017	1	6424775	6434775	+
ENSG00000137177	6	17977634	17987634	-
ENSG00000053702	12	2825543	2835543	-
ENSG00000106609	7	66921224	66931224	+
ENSG00000183434	X	133208353	133218353	-
ENSG00000171056	8	10720510	10730510	-
ENSG00000188393	12	9922369	9932369	-
ENSG00000256188	12	11124643	11134643	-
ENSG00000277865	15	22458902	22468902	+
ENSG00000089289	X	70133446	70143446	+
ENSG00000173673	1	6244178	6254178	+
ENSG00000172476	X	103509488	103519488	-
ENSG00000189252	X	143507474	143517474	-
ENSG00000278646	X	120868923	120878923	-
ENSG00000099968	22	17628854	17638854	+
ENSG00000042317	14	88384923	88394923	+
ENSG00000153157	6	10886830	10896830	+
ENSG00000167968	16	2235815	2245815	+
ENSG00000204195	X	70234654	70244654	+
ENSG00000166796	11	18412317	18422317	+
ENSG00000261739	15	23354747	23364747	+
ENSG00000154864	18	11139568	11149568	-
ENSG00000226685	X	120922300	120932300	-
ENSG00000183617	19	3762681	3772681	+
ENSG00000186113	11	55795555	55805555	+
ENSG00000131721	X	120158612	120168612	+
ENSG00000105251	19	4279265	4289265	+
ENSG00000165355	14	39422499	39432499	-
ENSG00000153684	15	28378620	28388620	+
ENSG00000184905	X	102125678	102135678	+
ENSG00000137364	6	18145076	18155076	-
ENSG00000060982	12	24939100	24949100	-
ENSG00000108591	17	18087891	18097891	+
ENSG00000170677	18	70289044	70299044	+
ENSG00000182974	15	21637908	21647908	+
ENSG00000165637	10	75210153	75220153	+
ENSG00000142583	1	9078477	9088477	-
ENSG00000167654	19	3879863	3889863	+
ENSG00000205213	11	27462789	27472789	-
ENSG00000198718	14	44962189	44972189	+
ENSG00000129932	19	3490673	3500673	-
ENSG00000119938	10	91623070	91633070	-
ENSG00000141449	18	21242241	21252241	+
ENSG00000274102	15	22070240	22080240	+
ENSG00000036565	8	20173205	20183205	-
ENSG00000131725	X	118346072	118356072	+
ENSG00000138308	10	72944805	72954805	-
ENSG00000124222	20	58651252	58661252	+
ENSG00000279408	15	21651843	21661843	+
ENSG00000157502	X	106168304	106178304	+
ENSG00000197905	12	2959329	2969329	+
ENSG00000182771	10	86356794	86366794	-
ENSG00000133962	14	91770706	91780706	-
ENSG00000112812	6	27247700	27257700	+
ENSG00000174450	15	23437242	23447242	-
ENSG00000141446	18	21590883	21600883	-
ENSG00000147127	X	70282092	70292092	+
ENSG00000167468	19	1103925	1113925	+
ENSG00000167088	18	21612313	21622313	+
ENSG00000053770	14	57268923	57278923	+
ENSG00000107404	1	1339417	1349417	-
ENSG00000213809	12	10381873	10391873	-
ENSG00000196092	9	37024267	37034267	-
ENSG00000158201	18	21694779	21704779	-
ENSG00000215440	20	58689130	58699130	+
ENSG00000126522	7	66075799	66085799	+
ENSG00000214941	17	15989716	15999716	-
ENSG00000167785	19	8822313	8832313	-
ENSG00000084463	12	14793485	14803485	-
ENSG00000129675	X	136770931	136780931	-
ENSG00000284638	19	3473445	3483445	-
ENSG00000183629	15	28523013	28533013	-
ENSG00000165548	14	77116567	77126567	+
ENSG00000134575	11	47238905	47248905	-
ENSG00000151812	14	57972193	57982193	-
ENSG00000138326	10	78033759	78043759	+
ENSG00000119537	18	63357227	63367227	-
ENSG00000106524	7	16635816	16645816	-
ENSG00000211455	12	27243967	27253967	+
ENSG00000243156	22	18014560	18024560	-
ENSG00000103534	16	19410495	19420495	+
ENSG00000125378	14	53948760	53958760	-
ENSG00000176547	11	48324919	48334919	+
ENSG00000108091	10	59896555	59906555	-
ENSG00000188991	12	16267684	16277684	-
ENSG00000188373	10	84173800	84183800	+
ENSG00000180071	9	38610595	38620595	-
ENSG00000142303	19	8600734	8610734	-
ENSG00000119541	18	63412482	63422482	-
ENSG00000158941	8	22604631	22614631	+
ENSG00000177000	1	11796454	11806454	-
ENSG00000172014	9	64369393	64379393	+
ENSG00000064763	12	29149102	29159102	+
ENSG00000251322	22	50674414	50684414	+
ENSG00000074842	19	4660361	4670361	-
ENSG00000275835	15	23029571	23039571	-
ENSG00000164304	6	7379741	7389741	-
ENSG00000172728	8	33463145	33473145	-
ENSG00000206075	18	63476957	63486957	+
ENSG00000146731	7	56051684	56061684	+
ENSG00000139865	14	37595846	37605846	+
ENSG00000101901	X	111665810	111675810	+
ENSG00000166840	11	58905397	58915397	+
ENSG00000100312	22	50738195	50748195	+
ENSG00000171791	18	63310127	63320127	-
ENSG00000279761	11	55773437	55783437	+
ENSG00000258724	8	10829846	10839846	-
ENSG00000101158	20	58981207	58991207	+
ENSG00000145949	6	2740921	2750921	-
ENSG00000111713	12	21594846	21604846	-
ENSG00000181626	18	12093842	12103842	+
ENSG00000285472	15	22015232	22025232	+
ENSG00000147894	9	27563865	27573865	-
ENSG00000129221	17	6425198	6435198	-
ENSG00000101162	20	59019428	59029428	+
ENSG00000161904	6	33779129	33789129	-
ENSG00000106346	7	6104883	6114883	+
ENSG00000176194	18	12254360	12264360	+
ENSG00000273976	15	23126821	23136821	-
ENSG00000005339	16	3870712	3880712	-
ENSG00000124172	20	59022344	59032344	-
ENSG00000151208	10	77916754	77926754	-
ENSG00000156052	9	78021810	78031810	-
ENSG00000276043	19	4903079	4913079	+
ENSG00000255690	7	28948329	28958329	-
ENSG00000141965	19	4791733	4801733	+
ENSG00000101166	20	59032808	59042808	-
ENSG00000136274	7	45078968	45088968	-
ENSG00000156687	8	35235474	35245474	+
ENSG00000054598	6	1609914	1619914	+
ENSG00000282804	6	24799797	24809797	-
ENSG00000278828	6	27810063	27820063	+
ENSG00000099822	19	589880	599880	+
ENSG00000125965	20	35444745	35454745	-
ENSG00000137168	6	36864802	36874802	-
ENSG00000030066	11	47838554	47848554	-
ENSG00000244476	6	11101724	11111724	-
ENSG00000187688	17	16415570	16425570	+
ENSG00000187790	14	45135929	45145929	+
ENSG00000187566	6	18112676	18122676	-
ENSG00000181143	19	8971341	8981341	-
ENSG00000165092	9	73070441	73080441	-
ENSG00000186509	11	58023880	58033880	+
ENSG00000177294	17	6776214	6786214	+
ENSG00000279514	11	55572127	55582127	+
ENSG00000274180	17	21243409	21253409	-
ENSG00000066044	19	7995658	8005658	-
ENSG00000188732	7	23680129	23690129	+
ENSG00000155621	9	71911509	71921509	+
ENSG00000153046	6	4706158	4716158	+
ENSG00000134419	16	18780382	18790382	-
ENSG00000176014	18	12307668	12317668	+
ENSG00000277322	15	20531799	20541799	-
ENSG00000188215	16	20890357	20900357	-
ENSG00000149177	11	47980557	47990557	+
ENSG00000197506	9	84330757	84340757	-
ENSG00000110888	12	30744950	30754950	-
ENSG00000106635	7	73547689	73557689	-
ENSG00000124260	X	152128577	152138577	-
ENSG00000204612	9	77019654	77029654	+
ENSG00000100416	22	46330874	46340874	+
ENSG00000177150	18	13716662	13726662	-
ENSG00000183134	11	60845949	60855949	-
ENSG00000154330	9	68328307	68338307	+
ENSG00000033867	3	27474419	27484419	-
ENSG00000162009	16	1078780	1088780	+
ENSG00000166326	11	35662774	35672774	+
ENSG00000138119	10	93472333	93482333	-
ENSG00000255374	12	11082312	11092312	-
ENSG00000165704	X	134460164	134470164	+
ENSG00000126001	20	35455163	35465163	+
ENSG00000165714	12	12357077	12367077	+
ENSG00000130227	8	21919661	21929661	+
ENSG00000108582	17	30378926	30388926	+
ENSG00000230657	12	11300435	11310435	-
ENSG00000154997	7	55852754	55862754	-
ENSG00000075240	22	46576011	46586011	+
ENSG00000125975	20	35519651	35529651	-
ENSG00000177842	3	40477130	40487130	+
ENSG00000124615	6	39924550	39934550	-
ENSG00000110048	11	59605773	59615773	-
ENSG00000102245	X	136648157	136658157	+
ENSG00000186297	15	26866910	26876910	+
ENSG00000176555	11	48306222	48316222	+
ENSG00000172772	11	58258259	58268259	-
ENSG00000130158	19	11252523	11262523	-
ENSG00000197786	11	58349068	58359068	-
ENSG00000198883	X	152984115	152994115	-
ENSG00000135069	9	78297124	78307124	+
ENSG00000008394	12	16347141	16357141	+
ENSG00000165733	10	42782794	42792794	+
ENSG00000102239	X	136487946	136497946	+
ENSG00000198881	X	64220606	64230606	-
ENSG00000124602	6	41029220	41039220	-
ENSG00000152804	10	92689954	92699954	+
ENSG00000226929	X	120927157	120937157	-
ENSG00000188626	15	28728383	28738383	-
ENSG00000148057	9	83623048	83633048	+
ENSG00000152766	10	88841843	88851843	-
ENSG00000121381	12	10800167	10810167	-
ENSG00000146729	7	55951792	55961792	+
ENSG00000112212	6	41042466	41052466	+
ENSG00000080815	14	73136417	73146417	+
ENSG00000205846	12	8455961	8465961	+
ENSG00000101654	18	13726659	13736659	+
ENSG00000187569	12	7711432	7721432	+
ENSG00000129682	X	139212776	139222776	-
ENSG00000176136	18	13824148	13834148	+
ENSG00000075275	22	46527619	46537619	-
ENSG00000170468	14	73490932	73500932	+
ENSG00000111339	12	14833525	14843525	-
ENSG00000132205	18	2847005	2857005	+
ENSG00000038945	8	16557489	16567489	-
ENSG00000165105	9	83053176	83063176	-
ENSG00000184675	X	64195707	64205707	-
ENSG00000148935	11	22625508	22635508	+
ENSG00000071246	14	76761467	76771467	+
ENSG00000107771	10	84328585	84338585	+
ENSG00000146733	7	56041603	56051603	-
ENSG00000189326	X	143025917	143035917	+
ENSG00000076344	16	265979	275979	-
ENSG00000156925	X	137566126	137576126	+
ENSG00000154783	3	14810852	14820852	+
ENSG00000178665	7	55887455	55897455	+
ENSG00000101577	18	3003143	3013143	-
ENSG00000149506	11	60867561	60877561	+
ENSG00000165476	10	63521400	63531400	+
ENSG00000176658	17	32867176	32877176	-
ENSG00000106733	9	75078216	75088216	-
ENSG00000100591	14	77457869	77467869	+
ENSG00000147383	X	152830966	152840966	+
ENSG00000065989	19	10416772	10426772	+
ENSG00000184719	10	88574529	88584529	-
ENSG00000178809	7	75395062	75405062	+
ENSG00000198573	X	141232516	141242516	-
ENSG00000100092	22	37634653	37644653	+
ENSG00000189108	X	104566198	104576198	+
ENSG00000203923	X	145247502	145257502	+
ENSG00000147400	X	152820756	152830756	-
ENSG00000105401	19	10410120	10420120	-
ENSG00000165509	X	141838315	141848315	+
ENSG00000244462	20	35654955	35664955	-
ENSG00000137054	9	37485947	37495947	+
ENSG00000048540	12	16600593	16610593	-
ENSG00000197933	19	11729008	11739008	-
ENSG00000197296	20	44301201	44311201	-
ENSG00000183621	10	31021936	31031936	-
ENSG00000124493	6	34145621	34155621	-
ENSG00000171295	19	11814272	11824272	+
ENSG00000092964	8	26514030	26524030	+
ENSG00000164744	7	48019118	48029118	-
ENSG00000171116	X	149774067	149784067	+
ENSG00000148082	9	89168817	89178817	-
ENSG00000182712	X	155061135	155071135	-
ENSG00000170248	3	33798570	33808570	+
ENSG00000101883	X	120105912	120115912	-
ENSG00000124120	20	44475873	44485873	+
ENSG00000111218	12	3381348	3391348	+
ENSG00000108578	17	30282055	30292055	-
ENSG00000268902	X	152704548	152714548	-
ENSG00000095587	10	96503925	96513925	-
ENSG00000100479	14	49678421	49688421	-
ENSG00000137154	9	19370235	19380235	-
ENSG00000007376	16	778396	788396	-
ENSG00000198021	X	141575010	141585010	-
ENSG00000156009	X	149881140	149891140	+
ENSG00000187823	X	112454499	112464499	+
ENSG00000121377	12	10792626	10802626	-
ENSG00000144647	3	43096078	43106078	-
ENSG00000197870	12	11259804	11269804	-
ENSG00000127588	16	790733	800733	-
ENSG00000105397	19	10370571	10380571	-
ENSG00000132824	20	44512084	44522084	-
ENSG00000172197	6	20202468	20212468	-
ENSG00000101605	18	3209967	3219967	-
ENSG00000144655	3	39144561	39154561	-
ENSG00000136250	7	36714548	36724548	-
ENSG00000107796	10	88981338	88991338	-
ENSG00000111341	12	14875856	14885856	-
ENSG00000007944	6	16129085	16139085	+
ENSG00000148572	10	63133246	63143246	+
ENSG00000186136	12	11176936	11186936	-
ENSG00000135052	9	86090172	86100172	-
ENSG00000100401	22	41276186	41286186	-
ENSG00000197044	19	11766999	11776999	+
ENSG00000135372	11	34105616	34115616	+
ENSG00000165525	14	49842820	49852820	-
ENSG00000010404	X	149511095	149521095	-
ENSG00000170788	10	80346754	80356754	-
ENSG00000196646	19	12163063	12173063	+
ENSG00000101608	18	3247480	3257480	+
ENSG00000154781	3	14651745	14661745	+
ENSG00000111203	12	2812621	2822621	+
ENSG00000175619	11	48216809	48226809	+
ENSG00000167664	19	4292430	4302430	-
ENSG00000168734	20	44531784	44541784	+
ENSG00000120885	8	27604699	27614699	-
ENSG00000118680	18	3261478	3271478	+
ENSG00000234127	6	30203426	30213426	-
ENSG00000107719	10	70478766	70488766	+
ENSG00000196653	3	44712642	44722642	+
ENSG00000101342	20	36876120	36886120	+
ENSG00000198930	X	152723734	152733734	-
ENSG00000278803	X	153271617	153281617	+
ENSG00000168447	16	23278230	23288230	+
ENSG00000127952	7	76038003	76048003	-
ENSG00000246705	12	14774382	14784382	+
ENSG00000132823	20	44200770	44210770	-
ENSG00000276203	9	66169473	66179473	-
ENSG00000213401	X	152733756	152743756	+
ENSG00000165841	10	94762680	94772680	+
ENSG00000169964	3	44861903	44871903	+
ENSG00000156639	6	37819726	37829726	+
ENSG00000228517	X	120946599	120956599	-
ENSG00000161992	16	560393	570393	+
ENSG00000164825	8	6867935	6877935	-
ENSG00000015475	22	17764769	17774769	-
ENSG00000285620	8	7730738	7740738	+
ENSG00000182195	X	141167128	141177128	-
ENSG00000152217	18	44680172	44690172	+
ENSG00000149596	20	44177187	44187187	-
ENSG00000214827	X	155137936	155147936	-
ENSG00000197172	X	152759746	152769746	-
ENSG00000152926	7	64996683	65006683	-
ENSG00000010219	12	4562203	4572203	+
ENSG00000124193	20	43457892	43467892	+
ENSG00000288000	20	43458053	43468053	+
ENSG00000123136	19	14409382	14419382	-
ENSG00000011677	X	152441314	152451314	-
ENSG00000134762	18	31032814	31042814	-
ENSG00000241489	X	149530925	149540925	-
ENSG00000168032	3	40387183	40397183	+
ENSG00000069998	22	17155286	17165286	-
ENSG00000149182	11	47167124	47177124	-
ENSG00000105514	19	11336269	11346269	-
ENSG00000185247	X	149688227	149698227	+
ENSG00000100650	14	69726899	69736899	+
ENSG00000102195	X	151176583	151186583	+
ENSG00000100234	22	32801704	32811704	+
ENSG00000147533	8	41490395	41500395	+
ENSG00000108219	10	80454165	80464165	+
ENSG00000171711	8	7894676	7904676	+
ENSG00000168282	14	49620798	49630798	+
ENSG00000065054	16	2025355	2035355	+
ENSG00000134765	18	31152855	31162855	-
ENSG00000253457	8	30638579	30648579	+
ENSG00000212128	12	10899561	10909561	-
ENSG00000083223	9	86344453	86354453	-
ENSG00000177243	8	7420347	7430347	-
ENSG00000134760	18	31318159	31328159	+
ENSG00000107854	10	91798425	91808425	+
ENSG00000101049	20	43558967	43568967	+
ENSG00000110975	12	33429818	33439818	-
ENSG00000221840	11	54706831	54716831	+
ENSG00000107282	9	69662370	69672370	-
ENSG00000107443	10	96043393	96053393	+
ENSG00000101052	20	43590936	43600936	+
ENSG00000154611	18	26133851	26143851	+
ENSG00000144455	3	4457272	4467272	-
ENSG00000123146	19	14380500	14390500	+
ENSG00000168477	6	32105333	32115333	-
ENSG00000187950	12	29487685	29497685	-
ENSG00000107165	9	12685438	12695438	+
ENSG00000009694	X	124953816	124963816	-
ENSG00000177599	19	11797666	11807666	+
ENSG00000127530	19	14825375	14835375	-
ENSG00000101057	20	43667018	43677018	+
ENSG00000156049	9	77638321	77648321	-
ENSG00000124196	20	43717001	43727001	-
ENSG00000173335	20	23595916	23605916	-
ENSG00000166049	X	151563674	151573674	+
ENSG00000167996	11	61957633	61967633	-
ENSG00000147419	8	27762652	27772652	-
ENSG00000184164	22	49918166	49928166	+
ENSG00000105137	19	15107400	15117400	+
ENSG00000138134	10	88879733	88889733	+
ENSG00000130173	19	11237449	11247449	+
ENSG00000160994	19	15010725	15020725	+
ENSG00000131381	3	15089162	15099162	-
ENSG00000065060	6	34792014	34802014	+
ENSG00000154845	18	9605239	9615239	-
ENSG00000107372	9	72355234	72365234	-
ENSG00000244687	20	50105958	50115958	-
ENSG00000157093	3	42400609	42410609	-
ENSG00000033170	14	65410591	65420591	+
ENSG00000147454	8	23528955	23538955	+
ENSG00000095713	10	98020827	98030827	-
ENSG00000206190	15	25855183	25865183	-
ENSG00000186446	3	44729595	44739595	+
ENSG00000176903	14	73704383	73714383	-
ENSG00000120875	8	29340683	29350683	-
ENSG00000156017	9	75018422	75028422	-
ENSG00000149503	11	62123997	62133997	+
ENSG00000232388	20	18567346	18577346	+
ENSG00000122711	9	33218364	33228364	+
ENSG00000106070	7	50783461	50793461	-
ENSG00000168795	9	37455449	37465449	-
ENSG00000104626	8	9002146	9012146	+
ENSG00000175104	11	36500271	36510271	-
ENSG00000188677	22	43999210	44009210	+
ENSG00000181192	10	12068953	12078953	+
ENSG00000177669	8	30134664	30144664	-
ENSG00000130538	22	15528191	15538191	+
ENSG00000166133	15	40569298	40579298	+
ENSG00000125835	20	2460852	2470852	-
ENSG00000135040	9	85941145	85951145	+
ENSG00000135362	11	36296287	36306287	+
ENSG00000187559	9	68302866	68312866	+
ENSG00000155252	10	97640685	97650685	+
ENSG00000197930	14	52685899	52695899	-
ENSG00000130045	9	88534032	88544032	+
ENSG00000223614	7	64207089	64217089	+
ENSG00000187553	10	93060797	93070797	+
ENSG00000101307	20	1610060	1620060	-
ENSG00000165233	9	93096216	93106216	+
ENSG00000102858	16	4616492	4626492	+
ENSG00000069206	8	24440929	24450929	+
ENSG00000196712	17	31094926	31104926	+
ENSG00000139946	14	56117813	56127813	+
ENSG00000029153	12	27332853	27342853	+
ENSG00000110442	11	36279448	36289448	-
ENSG00000125879	20	16748357	16758357	+
ENSG00000271303	20	643199	653199	-
ENSG00000139977	14	57390543	57400543	+
ENSG00000124935	11	62242238	62252238	+
ENSG00000147255	X	131568898	131578898	-
ENSG00000176435	14	38246092	38256092	-
ENSG00000285283	11	31812390	31822390	+
ENSG00000125821	20	18587941	18597941	+
ENSG00000005020	7	26985238	26995238	-
ENSG00000107551	10	44959406	44969406	+
ENSG00000197724	9	93576583	93586583	+
ENSG00000121316	12	14557882	14567882	-
ENSG00000186660	11	58579062	58589062	+
ENSG00000183695	11	19050716	19060716	-
ENSG00000273749	15	22971062	22981062	-
ENSG00000147459	8	25184688	25194688	+
ENSG00000124721	6	38715310	38725310	+
ENSG00000142319	5	1435439	1445439	-
ENSG00000198783	17	34961539	34971539	+
ENSG00000076716	X	133405488	133415488	-
ENSG00000144642	3	28574790	28584790	+
ENSG00000149124	11	58721973	58731973	-
ENSG00000181374	17	34356479	34366479	+
ENSG00000100403	22	41301524	41311524	+
ENSG00000127507	19	14768559	14778559	-
ENSG00000171004	X	132951394	132961394	-
ENSG00000155629	10	96710513	96720513	-
ENSG00000103528	16	19167970	19177970	+
ENSG00000164543	7	43582757	43592757	+
ENSG00000285010	11	59964032	59974032	+
ENSG00000225110	X	153311766	153321766	-
ENSG00000167074	22	41367332	41377332	+
ENSG00000069424	1	5990926	6000926	+
ENSG00000172940	3	38265811	38275811	+
ENSG00000183864	22	41436800	41446800	-
ENSG00000150244	11	55262154	55272154	+
ENSG00000168077	8	27633867	27643867	+
ENSG00000255359	11	22850473	22860473	-
ENSG00000120054	10	100071868	100081868	-
ENSG00000186577	6	34239107	34249107	-
ENSG00000261247	15	30135148	30145148	+
ENSG00000170955	11	6310531	6320531	-
ENSG00000100410	22	41458691	41468691	-
ENSG00000134996	9	75088513	75098513	+
ENSG00000239839	8	7008296	7018296	-
ENSG00000197021	X	149928699	149938699	-
ENSG00000165887	10	97572498	97582498	+
ENSG00000183426	16	14922801	14932801	+
ENSG00000113504	5	1102062	1112062	-
ENSG00000163810	3	44874607	44884607	+
ENSG00000165775	X	155025979	155035979	+
ENSG00000185238	11	20387557	20397557	+
ENSG00000126653	17	30115520	30125520	+
ENSG00000077420	10	26438340	26448340	+
ENSG00000174721	10	91899485	91909485	-
ENSG00000100413	22	41534605	41544605	-
ENSG00000166828	16	23182744	23192744	+
ENSG00000124784	6	7389792	7399792	+
ENSG00000123159	19	14486148	14496148	-
ENSG00000186579	8	7825138	7835138	+
ENSG00000106772	9	76896113	76906113	-
ENSG00000131368	3	15055316	15065316	-
ENSG00000180423	11	46607908	46617908	-
ENSG00000127529	19	14941488	14951488	+
ENSG00000102897	16	20899867	20909867	+
ENSG00000167825	11	55926399	55936399	-
ENSG00000187612	11	55904581	55914581	-
ENSG00000172346	22	41561009	41571009	+
ENSG00000185614	3	49803260	49813260	+
ENSG00000166140	15	40807085	40817085	+
ENSG00000104660	8	30095407	30105407	+
ENSG00000100417	22	41579870	41589870	-
ENSG00000167693	17	969775	979775	-
ENSG00000276040	9	61190002	61200002	+
ENSG00000124772	6	36829443	36839443	-
ENSG00000186115	19	15888076	15898076	-
ENSG00000170364	3	4303303	4313303	+
ENSG00000131196	18	79395855	79405855	+
ENSG00000106078	7	51306817	51316817	-
ENSG00000164530	6	36948262	36958262	+
ENSG00000164362	5	1285067	1295067	-
ENSG00000103375	16	25215730	25225730	+
ENSG00000120907	8	26857277	26867277	-
ENSG00000100418	22	41611042	41621042	-
ENSG00000155592	16	25247844	25257844	-
ENSG00000052841	11	43358919	43368919	+
ENSG00000133878	8	33590022	33600022	-
ENSG00000112164	6	39048780	39058780	+
ENSG00000122254	16	22814161	22824161	+
ENSG00000187546	7	15552014	15562014	-
ENSG00000197620	X	149540354	149550354	+
ENSG00000175928	3	3799430	3809430	+
ENSG00000151491	12	15872328	15882328	-
ENSG00000198681	X	153179283	153189283	+
ENSG00000147465	8	38140991	38150991	-
ENSG00000196406	X	141688738	141698738	-
ENSG00000130703	20	62231921	62241921	+
ENSG00000163788	3	43286511	43296511	+
ENSG00000167034	8	23672937	23682937	-
ENSG00000162174	11	62337447	62347447	+
ENSG00000133135	X	106693793	106703793	+
ENSG00000049656	5	1335098	1345098	-
ENSG00000131355	19	14680026	14690026	-
ENSG00000101074	20	44337042	44347042	+
ENSG00000172159	9	83528545	83538545	-
ENSG00000130032	X	151694606	151704606	+
ENSG00000147416	8	20197380	20207380	+
ENSG00000170537	16	18983933	18993933	+
ENSG00000183960	3	19148509	19158509	+
ENSG00000221867	X	152698766	152708766	+
ENSG00000198826	15	32615143	32625143	+
ENSG00000074800	1	8869189	8879189	-
ENSG00000130856	18	76822556	76832556	+
ENSG00000186204	19	15673017	15683017	+
ENSG00000197006	16	21597217	21607217	+
ENSG00000104081	15	40098891	40108891	-
ENSG00000156675	8	37889496	37899496	-
ENSG00000160951	19	14465353	14475353	-
ENSG00000198146	15	34978286	34988286	-
ENSG00000164151	5	5420663	5430663	+
ENSG00000147257	X	133975593	133985593	-
ENSG00000112186	6	17393504	17403504	+
ENSG00000135048	9	71806689	71816689	-
ENSG00000224440	X	146804725	146814725	-
ENSG00000187840	8	38030533	38040533	+
ENSG00000186599	8	7487678	7497678	+
ENSG00000285687	8	7565005	7575005	-
ENSG00000071539	5	892883	902883	+
ENSG00000167461	19	16111888	16121888	+
ENSG00000153339	18	31943135	31953135	-
ENSG00000104756	8	25448475	25458475	-
ENSG00000101294	20	31514409	31524409	+
ENSG00000160219	X	154741582	154751582	-
ENSG00000174358	5	1201594	1211594	+
ENSG00000139174	12	42580354	42590354	-
ENSG00000114353	3	50226291	50236291	+
ENSG00000196419	22	41621162	41631162	+
ENSG00000182732	14	71932428	71942428	+
ENSG00000120925	8	42887289	42897289	-
ENSG00000102243	X	136532214	136542214	+
ENSG00000158079	9	94030793	94040793	+
ENSG00000100138	22	41680503	41690503	-
ENSG00000282419	X	124246248	124256248	+
ENSG00000214897	X	153391391	153401391	-
ENSG00000101098	20	44800545	44810545	-
ENSG00000145536	5	5140329	5150329	+
ENSG00000144659	3	39383369	39393369	+
ENSG00000137801	15	39581078	39591078	+
ENSG00000130222	9	89605011	89615011	+
ENSG00000172171	17	30896237	30906237	-
ENSG00000116786	1	15684319	15694319	+
ENSG00000109911	11	31509754	31519754	+
ENSG00000135045	9	74942911	74952911	-
ENSG00000176022	1	1232236	1242236	+
ENSG00000171421	5	1791365	1801365	-
ENSG00000149658	20	63206138	63216138	-
ENSG00000178287	8	7847875	7857875	+
ENSG00000100209	22	28742038	28752038	+
ENSG00000111224	12	3863447	3873447	-
ENSG00000130956	9	96450168	96460168	+
ENSG00000162496	1	12608209	12618209	-
ENSG00000070778	14	88545006	88555006	-
ENSG00000124279	5	7859036	7869036	-
ENSG00000101197	20	63235882	63245882	+
ENSG00000096433	6	33620364	33630364	+
ENSG00000178691	17	31937006	31947006	+
ENSG00000130997	4	2232120	2242120	-
ENSG00000091157	18	56651342	56661342	+
ENSG00000130038	12	3754818	3764818	-
ENSG00000183379	14	74416209	74426209	-
ENSG00000131686	1	8945866	8955866	+
ENSG00000274736	17	36007971	36017971	-
ENSG00000166016	11	34348009	34358009	-
ENSG00000136842	9	97501179	97511179	+
ENSG00000164363	5	1225380	1235380	+
ENSG00000111859	6	11372347	11382347	-
ENSG00000101198	20	63262693	63272693	-
ENSG00000106803	9	99222063	99232063	+
ENSG00000162494	1	13504002	13514002	-
ENSG00000021776	15	34959741	34969741	-
ENSG00000167460	19	16067020	16077020	+
ENSG00000172289	11	59703844	59713844	-
ENSG00000165023	9	90632861	90642861	-
ENSG00000153560	3	33431370	33441370	-
ENSG00000173614	1	9943427	9953427	+
ENSG00000134533	12	15338674	15348674	-
ENSG00000279804	1	13216105	13226105	-
ENSG00000101752	18	21704956	21714956	+
ENSG00000141034	17	18039407	18049407	+
ENSG00000116273	1	6613730	6623730	+
ENSG00000136929	9	97934855	97944855	-
ENSG00000162592	1	3746459	3756459	+
ENSG00000150636	18	68715208	68725208	+
ENSG00000175220	11	46690618	46700618	-
ENSG00000198668	14	90396501	90406501	+
ENSG00000177873	3	40477112	40487112	+
ENSG00000011295	17	15999783	16009783	+
ENSG00000078295	5	7396137	7406137	+
ENSG00000130958	9	96373710	96383710	-
ENSG00000015592	8	27248419	27258419	-
ENSG00000144649	3	42979266	42989266	+
ENSG00000105135	19	15115785	15125785	-
ENSG00000023697	12	15911301	15921301	+
ENSG00000236320	17	35550818	35560818	-
ENSG00000058404	7	44324576	44334576	-
ENSG00000188818	5	840985	850985	-
ENSG00000179889	16	14974590	14984590	+
ENSG00000135018	9	83697957	83707957	-
ENSG00000154760	17	35438836	35448836	-
ENSG00000165682	12	10003423	10013423	-
ENSG00000096063	6	35911341	35921341	-
ENSG00000085063	11	33726478	33736478	-
ENSG00000147394	X	152914441	152924441	+
ENSG00000183654	5	16170761	16180761	-
ENSG00000116254	1	6170320	6180320	-
ENSG00000186526	19	15615217	15625217	+
ENSG00000203952	X	134237046	134247046	+
ENSG00000137843	15	40217427	40227427	+
ENSG00000155495	X	141903893	141913893	+
ENSG00000182508	X	112670053	112680053	-
ENSG00000108256	17	29284147	29294147	-
ENSG00000147471	8	37762594	37772594	+
ENSG00000159248	15	34744997	34754997	-
ENSG00000259330	15	40323691	40333691	+
ENSG00000161031	19	15488955	15498955	-
ENSG00000174227	4	499209	509209	+
ENSG00000049245	1	7771295	7781295	+
ENSG00000154040	18	24138986	24148986	+
ENSG00000100523	14	53143322	53153322	-
ENSG00000198551	19	11559373	11569373	+
ENSG00000134013	8	23415327	23425327	-
ENSG00000121380	12	12049843	12059843	+
ENSG00000121690	11	33015875	33025875	+
ENSG00000283297	12	2847038	2857038	-
ENSG00000214943	14	31478038	31488038	-
ENSG00000285231	11	59878808	59888808	+
ENSG00000136874	9	99906653	99916653	+
ENSG00000061337	8	20293962	20303962	-
ENSG00000204624	1	11479154	11489154	+
ENSG00000198502	6	32520286	32530286	-
ENSG00000166889	11	59659036	59669036	-
ENSG00000139921	14	51240161	51250161	+
ENSG00000130731	16	626365	636365	-
ENSG00000130035	12	4720399	4730399	+
ENSG00000131899	17	18225634	18235634	+
ENSG00000102181	X	150888815	150898815	-
ENSG00000160961	19	14689800	14699800	+
ENSG00000185246	14	45084106	45094106	+
ENSG00000109519	4	7058063	7068063	-
ENSG00000188305	19	2272174	2282174	-
ENSG00000144674	3	37243176	37253176	+
ENSG00000166311	11	6390439	6400439	+
ENSG00000184661	8	25459198	25469198	+
ENSG00000119508	9	99821854	99831854	+
ENSG00000106638	7	73568790	73578790	-
ENSG00000214929	9	81988771	81998771	+
ENSG00000141977	19	16163524	16173524	-
ENSG00000124574	6	43427365	43437365	+
ENSG00000145495	5	10353694	10363694	+
ENSG00000156650	10	74824926	74834926	+
ENSG00000101199	20	63272784	63282784	+
ENSG00000277161	17	36534986	36544986	+
ENSG00000177992	9	87882876	87892876	+
ENSG00000134827	11	59856488	59866488	-
ENSG00000185010	X	155016939	155026939	-
ENSG00000186918	8	28392700	28402700	-
ENSG00000119523	9	99211941	99221941	-
ENSG00000109667	4	10044935	10054935	-
ENSG00000171603	1	9813983	9823983	-
ENSG00000277632	17	36080168	36090168	-
ENSG00000183631	X	126819728	126829728	+
ENSG00000099330	19	17226212	17236212	+
ENSG00000235699	X	146809770	146819770	+
ENSG00000177602	17	3723902	3733902	+
ENSG00000087502	12	29371188	29381188	-
ENSG00000249773	7	55887276	55897276	+
ENSG00000153395	5	1513961	1523961	-
ENSG00000108702	17	34353232	34363232	-
ENSG00000165588	14	56806692	56816692	-
ENSG00000256892	10	37592973	37602973	-
ENSG00000182348	7	88759699	88769699	+
ENSG00000175395	10	37966646	37976646	-
ENSG00000163512	3	28339049	28349049	-
ENSG00000166582	17	16343655	16353655	-
ENSG00000126524	7	66985586	66995586	-
ENSG00000183765	22	28732421	28742421	-
ENSG00000145491	5	10441523	10451523	+
ENSG00000127220	19	17300235	17310235	-
ENSG00000011105	12	3077354	3087354	+
ENSG00000119636	14	74019348	74029348	+
ENSG00000152270	11	14643803	14653803	+
ENSG00000166275	10	102854258	102864258	+
ENSG00000130948	9	96292175	96302175	-
ENSG00000178222	4	1103563	1113563	-
ENSG00000112053	6	36014867	36024867	-
ENSG00000179715	12	47079602	47089602	+
ENSG00000134138	15	37091298	37101298	-
ENSG00000155966	X	148500616	148510616	+
ENSG00000089723	14	94026339	94036339	+
ENSG00000142606	1	2623015	2633015	-
ENSG00000133665	10	80344744	80354744	+
ENSG00000102409	X	103215107	103225107	+
ENSG00000176148	11	33039416	33049416	+
ENSG00000170965	X	134754321	134764321	-
ENSG00000139044	12	459938	469938	+
ENSG00000113430	5	1877235	1887235	-
ENSG00000198060	10	92291166	92301166	+
ENSG00000270800	6	34416070	34426070	-
ENSG00000015676	7	44480657	44490657	-
ENSG00000163491	3	27359459	27369459	-
ENSG00000255587	6	36697825	36707825	+
ENSG00000147475	8	37736600	37746600	+
ENSG00000136891	9	100342941	100352941	-
ENSG00000177853	10	96129714	96139714	+
ENSG00000101203	20	63293185	63303185	+
ENSG00000126062	3	50349520	50359520	-
ENSG00000268089	X	152637894	152647894	+
ENSG00000136938	9	97983340	97993340	+
ENSG00000112078	6	36442766	36452766	+
ENSG00000176988	X	147981336	147991336	+
ENSG00000151151	10	58257893	58267893	-
ENSG00000149516	11	60056586	60066586	+
ENSG00000139209	12	46822407	46832407	-
ENSG00000163673	3	36754348	36764348	-
ENSG00000205177	11	33690800	33700800	-
ENSG00000104219	8	17156481	17166481	+
ENSG00000139160	12	31647159	31657159	+
ENSG00000198785	9	101728646	101738646	-
ENSG00000177674	1	11736083	11746083	+
ENSG00000214652	7	64045433	64055433	+
ENSG00000093010	22	19941370	19951370	+
ENSG00000250305	8	12945641	12955641	+
ENSG00000101204	20	63368400	63378400	-
ENSG00000198157	X	81191912	81201912	-
ENSG00000114349	3	50191609	50201609	+
ENSG00000146670	11	65074163	65084163	-
ENSG00000140694	16	14622727	14632727	-
ENSG00000155833	9	102995310	103005310	+
ENSG00000213341	10	100219595	100229595	-
ENSG00000165030	9	91413831	91423831	-
ENSG00000028310	5	882800	892800	-
ENSG00000151743	12	31719120	31729120	-
ENSG00000180644	10	70592758	70602758	-
ENSG00000178950	4	922372	932372	-
ENSG00000179344	6	32658382	32668382	-
ENSG00000003987	8	17403527	17413527	-
ENSG00000075213	7	84482723	84492723	-
ENSG00000125863	20	10424221	10434221	-
ENSG00000108242	10	94683728	94693728	+
ENSG00000285508	20	10421921	10431921	-
ENSG00000285723	20	10410736	10420736	-
ENSG00000104044	15	28089314	28099314	-
ENSG00000075914	3	44975240	44985240	+
ENSG00000162572	1	1280435	1290435	+
ENSG00000280709	15	21552794	21562794	+
ENSG00000124942	11	62546234	62556234	-
ENSG00000129680	X	136246481	136256481	-
ENSG00000151224	10	80279657	80289657	-
ENSG00000096395	6	33794002	33804002	-
ENSG00000169154	8	37930123	37940123	-
ENSG00000148948	11	41449772	41459772	-
ENSG00000101210	20	63489238	63499238	-
ENSG00000204086	X	96883907	96893907	+
ENSG00000120057	10	97761998	97771998	-
ENSG00000273238	4	566294	576294	-
ENSG00000198889	X	126542813	126552813	-
ENSG00000099889	22	20006822	20016822	-
ENSG00000182890	X	121047609	121057609	+
ENSG00000204291	9	98943178	98953178	+
ENSG00000125534	20	63520764	63530764	+
ENSG00000114378	3	50302380	50312380	-
ENSG00000101928	X	134905256	134915256	-
ENSG00000107864	10	92281077	92291077	-
ENSG00000101213	20	63527375	63537375	-
ENSG00000168300	8	51889185	51899185	-
ENSG00000105784	7	87627547	87637547	+
ENSG00000095209	9	105694540	105704540	+
ENSG00000171467	6	43359646	43369646	-
ENSG00000125531	20	63547890	63557890	+
ENSG00000112902	5	9536074	9546074	-
ENSG00000151445	14	77447951	77457951	-
ENSG00000197837	12	14761130	14771130	-
ENSG00000137288	6	33701726	33711726	-
ENSG00000167995	11	61950062	61960062	+
ENSG00000128829	15	39934114	39944114	+
ENSG00000072840	4	5711200	5721200	+
ENSG00000111186	12	1529890	1539890	+
ENSG00000198894	14	77098125	77108125	+
ENSG00000122126	X	129539848	129549848	+
ENSG00000090905	16	24610208	24620208	+
ENSG00000164970	9	34448569	34458569	-
ENSG00000145506	5	1008801	1018801	+
ENSG00000146701	7	76048050	76058050	+
ENSG00000168515	11	62190215	62200215	+
ENSG00000283378	9	61330716	61340716	+
ENSG00000109606	4	24574553	24584553	-
ENSG00000104765	8	26383053	26393053	+
ENSG00000135436	12	49595638	49605638	-
ENSG00000131668	9	93945354	93955354	-
ENSG00000127527	19	16462084	16472084	-
ENSG00000196715	7	65873073	65883073	+
ENSG00000205857	12	7765215	7775215	+
ENSG00000130589	20	63564238	63574238	-
ENSG00000185716	16	22007637	22017637	+
ENSG00000011114	14	93323091	93333091	-
ENSG00000146122	6	39792297	39802297	+
ENSG00000133138	X	106802672	106812672	+
ENSG00000138190	10	92826830	92836830	+
ENSG00000185963	9	92754832	92764832	-
ENSG00000268916	X	152753920	152763920	+
ENSG00000100593	14	77488815	77498815	-
ENSG00000134028	8	24384284	24394284	+
ENSG00000023734	12	15882386	15892386	+
ENSG00000179152	3	44338118	44348118	+
ENSG00000167371	16	29811381	29821381	+
ENSG00000136810	9	110246506	110256506	-
ENSG00000136273	7	47969614	47979614	-
ENSG00000122870	10	58512871	58522871	+
ENSG00000006125	17	35578045	35588045	+
ENSG00000166206	15	26929538	26939538	-
ENSG00000122863	10	71964394	71974394	+
ENSG00000176532	7	29563834	29573834	+
ENSG00000053747	18	23689452	23699452	+
ENSG00000155254	10	97713172	97723172	+
ENSG00000011347	11	61571147	61581147	-
ENSG00000133131	X	106990211	107000211	-
ENSG00000196284	6	45367952	45377952	-
ENSG00000171608	1	9651730	9661730	+
ENSG00000072954	19	16661138	16671138	+
ENSG00000048471	16	11976733	11986733	+
ENSG00000236446	X	120865928	120875928	-
ENSG00000146085	6	49453252	49463252	-
ENSG00000124900	11	55883296	55893296	+
ENSG00000103550	16	19708234	19718234	-
ENSG00000130300	19	17367341	17377341	-
ENSG00000087302	14	51989513	51999513	+
ENSG00000261649	15	28838674	28848674	-
ENSG00000105141	19	15049479	15059479	+
ENSG00000125885	20	5950651	5960651	+
ENSG00000155959	X	155197006	155207006	+
ENSG00000148795	10	102827471	102837471	-
ENSG00000072832	4	5883085	5893085	-
ENSG00000183597	22	20017013	20027013	+
ENSG00000088356	20	31942045	31952045	-
ENSG00000157654	9	109498324	109508324	+
ENSG00000148942	11	26713426	26723426	-
ENSG00000171729	1	15152531	15162531	+
ENSG00000260903	20	31968150	31978150	+
ENSG00000204131	X	71910817	71920817	+
ENSG00000230031	15	20856313	20866313	-
ENSG00000197892	8	29253123	29263123	-
ENSG00000129534	14	45243539	45253539	-
ENSG00000173157	12	43542202	43552202	-
ENSG00000101331	20	32010437	32020437	+
ENSG00000250423	X	119140578	119150578	-
ENSG00000114388	3	50340825	50350825	-
ENSG00000175262	1	10972036	10982036	-
ENSG00000123933	4	2252108	2262108	-
ENSG00000149021	11	62405102	62415102	+
ENSG00000132141	17	34971077	34981077	-
ENSG00000119614	14	74239448	74249448	+
ENSG00000177875	12	48183643	48193643	+
ENSG00000183696	7	48088627	48098627	+
ENSG00000134146	15	35536192	35546192	-
ENSG00000126861	17	31287538	31297538	-
ENSG00000168172	8	42896945	42906945	+
ENSG00000160117	19	17281644	17291644	+
ENSG00000272602	4	53285	63285	+
ENSG00000099899	22	20107391	20117391	-
ENSG00000123496	X	115009976	115019976	-
ENSG00000141404	18	11689263	11699263	+
ENSG00000162571	1	1173879	1183879	+
ENSG00000285547	X	72562842	72572842	-
ENSG00000168301	3	58492095	58502095	+
ENSG00000101337	20	32109713	32119713	+
ENSG00000179938	15	30083052	30093052	+
ENSG00000065613	10	103967139	103977139	+
ENSG00000158109	1	3625014	3635014	+
ENSG00000179913	19	17794827	17804827	+
ENSG00000107242	9	68705239	68715239	+
ENSG00000106605	7	43758679	43768679	+
ENSG00000126003	20	32197742	32207742	-
ENSG00000065308	6	52567059	52577059	-
ENSG00000109625	4	8592659	8602659	+
ENSG00000037637	1	16342479	16352479	-
ENSG00000145555	5	16926287	16936287	-
ENSG00000185290	7	56106416	56116416	-
ENSG00000166923	15	32718003	32728003	+
ENSG00000151320	14	32329297	32339297	+
ENSG00000170456	12	31581135	31591135	-
ENSG00000104613	8	19817390	19827390	+
ENSG00000134758	18	32091873	32101873	+
ENSG00000144566	3	19947096	19957096	+
ENSG00000184163	1	1236721	1246721	-
ENSG00000101346	20	32207879	32217879	+
ENSG00000188277	15	40769979	40779979	+
ENSG00000163993	4	6693877	6703877	+
ENSG00000112079	6	36537478	36547478	-
ENSG00000058600	16	22297374	22307374	+
ENSG00000206113	4	2418973	2428973	+
ENSG00000198547	20	32663940	32673940	-
ENSG00000099194	10	100347232	100357232	+
ENSG00000139874	14	38207903	38217903	+
ENSG00000285382	20	32733566	32743566	-
ENSG00000184060	17	30906343	30916343	+
ENSG00000099901	22	20115937	20125937	+
ENSG00000166068	15	38252835	38262835	+
ENSG00000164822	8	6916075	6926075	-
ENSG00000141434	18	32185068	32195068	+
ENSG00000111405	12	47715566	47725566	-
ENSG00000197119	14	100296546	100306546	-
ENSG00000172738	6	37248154	37258154	-
ENSG00000188375	12	31782297	31792297	-
ENSG00000133398	5	6368570	6378570	-
ENSG00000104671	8	30156318	30166318	+
ENSG00000159337	15	42084561	42094561	-
ENSG00000165138	9	98786964	98796964	-
ENSG00000157259	7	92447481	92457481	+
ENSG00000139146	12	31317057	31327057	-
ENSG00000164237	5	10297901	10307901	-
ENSG00000152953	4	5051479	5061479	+
ENSG00000138316	10	70672505	70682505	+
ENSG00000159423	1	18892723	18902723	-
ENSG00000140323	15	40358218	40368218	+
ENSG00000284283	5	17521800	17531800	+
ENSG00000183826	6	38630147	38640147	-
ENSG00000099904	22	20129455	20139455	+
ENSG00000164647	7	90154455	90164455	+
ENSG00000188647	9	69750010	69760010	-
ENSG00000241935	10	97584322	97594322	+
ENSG00000234409	22	20141054	20151054	-
ENSG00000203942	10	97589720	97599720	+
ENSG00000163132	4	4859664	4869664	+
ENSG00000221914	8	26291507	26301507	+
ENSG00000067177	X	72704318	72714318	-
ENSG00000177463	3	14947583	14957583	+
ENSG00000170950	6	49777284	49787284	-
ENSG00000173039	11	65653089	65663089	-
ENSG00000047578	16	27550132	27560132	+
ENSG00000064102	12	26928325	26938325	-
ENSG00000064490	19	19192228	19202228	+
ENSG00000102383	X	75513501	75523501	-
ENSG00000112149	6	14117255	14127255	+
ENSG00000136859	9	127112634	127122634	-
ENSG00000168334	3	39182595	39192595	-
ENSG00000214686	3	51769240	51779240	-
ENSG00000169306	X	28587445	28597445	+
ENSG00000176231	19	15944298	15954298	+
ENSG00000154978	7	55562987	55572987	-
ENSG00000100629	14	80949516	80959516	-
ENSG00000105708	19	19723111	19733111	-
ENSG00000151552	4	17502205	17512205	-
ENSG00000153443	16	4605026	4615026	-
ENSG00000167778	12	53069403	53079403	-
ENSG00000177485	X	120250751	120260751	+
ENSG00000213694	9	88990862	89000862	+
ENSG00000248905	15	33184713	33194713	-
ENSG00000270617	7	43896588	43906588	-
ENSG00000242732	X	72121900	72131900	-
ENSG00000119632	14	94120252	94130252	-
ENSG00000278023	17	35920772	35930772	-
ENSG00000166167	10	101354032	101364032	+
ENSG00000167210	18	46647219	46657219	-
ENSG00000171262	15	38454126	38464126	+
ENSG00000166959	11	60699584	60709584	+
ENSG00000124275	5	7851185	7861185	+
ENSG00000142599	1	8838920	8848920	-
ENSG00000107447	10	96304408	96314408	+
ENSG00000100084	22	19437449	19447449	-
ENSG00000156920	X	136300962	136310962	+
ENSG00000127415	4	986996	996996	+
ENSG00000215217	5	7841150	7851150	-
ENSG00000170266	3	33087201	33097201	-
ENSG00000196126	6	32579847	32589847	-
ENSG00000128965	15	40952961	40962961	+
ENSG00000137392	6	35787343	35797343	-
ENSG00000156689	11	58894214	58904214	-
ENSG00000164975	9	15422703	15432703	+
ENSG00000127586	16	788045	798045	+
ENSG00000177981	12	48171212	48181212	-
ENSG00000150667	15	39772840	39782840	-
ENSG00000141314	17	32265831	32275831	+
ENSG00000284873	11	59938431	59948431	+
ENSG00000169020	4	664329	674329	-
ENSG00000128191	22	20080231	20090231	+
ENSG00000065491	6	37257771	37267771	+
ENSG00000275954	17	36429565	36439565	-
ENSG00000107438	10	95281011	95291011	-
ENSG00000168078	8	27828081	27838081	-
ENSG00000182256	15	26971180	26981180	+
ENSG00000120500	X	70268304	70278304	+
ENSG00000204711	9	69820816	69830816	+
ENSG00000170891	4	5009457	5019457	-
ENSG00000287585	X	149405494	149415494	-
ENSG00000155961	X	155254490	155264490	-
ENSG00000012660	6	53339178	53349178	-
ENSG00000186310	X	93663577	93673577	-
ENSG00000129173	11	19231619	19241619	-
ENSG00000088305	20	32762384	32772384	+
ENSG00000164626	6	39219474	39229474	-
ENSG00000130299	19	17334919	17344919	+
ENSG00000146221	6	44287697	44297697	-
ENSG00000011021	1	11806095	11816095	+
ENSG00000273611	17	36486628	36496628	+
ENSG00000131669	9	93124250	93134250	-
ENSG00000029993	X	150980508	150990508	+
ENSG00000148468	10	15361288	15371288	-
ENSG00000101367	20	32819953	32829953	+
ENSG00000215375	4	673579	683579	+
ENSG00000103522	16	27402173	27412173	+
ENSG00000215529	20	32858922	32868922	+
ENSG00000165244	9	96408369	96418369	-
ENSG00000078246	12	2877222	2887222	+
ENSG00000157570	11	44726464	44736464	+
ENSG00000148158	9	112750759	112760759	+
ENSG00000101000	20	35172071	35182071	+
ENSG00000137309	6	34236872	34246872	+
ENSG00000215912	1	2791716	2801716	-
ENSG00000268790	19	16650114	16660114	-
ENSG00000155275	4	8436139	8446139	+
ENSG00000189180	10	38010649	38020649	+
ENSG00000286105	6	37247636	37257636	-
ENSG00000119707	14	73058531	73068531	+
ENSG00000126005	20	35268130	35278130	-
ENSG00000197217	8	23447694	23457694	-
ENSG00000120952	1	12857085	12867085	+
ENSG00000135447	12	54578658	54588658	-
ENSG00000243073	1	12876200	12886200	-
ENSG00000167971	16	2186604	2196604	-
ENSG00000181896	19	19668795	19678795	+
ENSG00000165507	10	44968808	44978808	-
ENSG00000125966	20	35226689	35236689	+
ENSG00000070010	22	19469201	19479201	-
ENSG00000254772	11	62564085	62574085	-
ENSG00000112130	6	37353978	37363978	+
ENSG00000125998	20	35282424	35292424	-
ENSG00000142615	1	15456727	15466727	+
ENSG00000171160	10	97623499	97633499	-
ENSG00000139173	12	43835966	43845966	+
ENSG00000184471	16	1086243	1096243	-
ENSG00000101353	20	37169587	37179587	-
ENSG00000105641	19	17871944	17881944	+
ENSG00000131724	X	118727132	118737132	+
ENSG00000257987	12	48727434	48737434	+
ENSG00000031691	6	49463369	49473369	+
ENSG00000215704	1	15465908	15475908	+
ENSG00000180806	12	53994894	54004894	+
ENSG00000160746	3	43681593	43691593	-
ENSG00000147246	X	114584077	114594077	+
ENSG00000176225	18	70195725	70205725	-
ENSG00000148834	10	104235355	104245355	+
ENSG00000074855	19	17324854	17334854	-
ENSG00000170540	16	18791571	18801571	-
ENSG00000151229	12	40096088	40106088	-
ENSG00000258674	19	19516226	19526226	+
ENSG00000132405	4	6909241	6919241	+
ENSG00000179919	12	55221024	55231024	+
ENSG00000165879	10	97319270	97329270	+
ENSG00000065526	1	15836094	15846094	+
ENSG00000158560	7	95772505	95782505	+
ENSG00000175756	1	1365494	1375494	-
ENSG00000147231	X	106611929	106621929	+
ENSG00000204019	X	116452975	116462975	-
ENSG00000105058	19	16185379	16195379	+
ENSG00000169676	4	9781633	9791633	+
ENSG00000196072	10	100276679	100286679	-
ENSG00000256771	19	19865881	19875881	+
ENSG00000124813	6	45328156	45338156	+
ENSG00000165886	10	97498923	97508923	+
ENSG00000164808	8	47260877	47270877	+
ENSG00000133958	14	93333218	93343218	+
ENSG00000118705	20	37178409	37188409	+
ENSG00000161896	6	33736904	33746904	-
ENSG00000272391	7	75476298	75486298	-
ENSG00000133687	12	29774758	29784758	-
ENSG00000197641	18	63586988	63596988	+
ENSG00000157916	1	2391774	2401774	+
ENSG00000139971	14	58288138	58298138	-
ENSG00000213462	7	64996742	65006742	-
ENSG00000165813	10	114164231	114174231	-
ENSG00000196748	6	35776593	35786593	+
ENSG00000077238	16	27313667	27323667	+
ENSG00000180116	12	39626166	39636166	+
ENSG00000169862	5	11894445	11904445	-
ENSG00000170092	7	75493624	75503624	+
ENSG00000146243	6	78867550	78877550	+
ENSG00000198053	20	1894166	1904166	+
ENSG00000172575	15	38555574	38565574	-
ENSG00000111704	12	7787793	7797793	+
ENSG00000120053	10	99420623	99430623	-
ENSG00000112624	6	42746957	42756957	+
ENSG00000165644	10	75226029	75236029	-
ENSG00000055955	3	52820687	52830687	-
ENSG00000165973	11	20669550	20679550	+
ENSG00000105829	7	93994381	94004381	-
ENSG00000206073	18	63634255	63644255	-
ENSG00000157881	1	2516596	2526596	-
ENSG00000119986	10	97677240	97687240	-
ENSG00000093009	22	19479456	19489456	+
ENSG00000070367	14	57258904	57268904	-
ENSG00000169193	7	23597381	23607381	+
ENSG00000119929	10	99702557	99712557	+
ENSG00000196636	7	97117697	97127697	+
ENSG00000171044	8	11191832	11201832	-
ENSG00000206072	18	63647578	63657578	+
ENSG00000187581	14	93347181	93357181	+
ENSG00000148950	11	31499644	31509644	-
ENSG00000080603	16	30698208	30708208	+
ENSG00000105393	19	17267375	17277375	+
ENSG00000170113	15	22773062	22783062	+
ENSG00000285880	8	37955952	37965952	-
ENSG00000116213	1	3642760	3652760	-
ENSG00000100811	14	100238297	100248297	+
ENSG00000147437	8	25414653	25424653	-
ENSG00000273173	15	24954985	24964985	+
ENSG00000141127	17	18840084	18850084	+
ENSG00000178093	19	19505547	19515547	-
ENSG00000134812	11	59835498	59845498	-
ENSG00000145569	5	14581791	14591791	+
ENSG00000205029	11	55838751	55848751	+
ENSG00000255393	11	59978019	59988019	+
ENSG00000186010	19	19515735	19525735	+
ENSG00000124939	11	62208672	62218672	+
ENSG00000176971	11	26994111	27004111	+
ENSG00000057149	18	63651892	63661892	-
ENSG00000119720	14	90321968	90331968	-
ENSG00000159788	4	3293027	3303027	+
ENSG00000149636	20	36763817	36773817	-
ENSG00000184702	22	19714502	19724502	+
ENSG00000122882	10	73159054	73169054	-
ENSG00000130287	19	19211957	19221957	+
ENSG00000130584	20	63822037	63832037	-
ENSG00000163520	3	13549124	13559124	+
ENSG00000243716	16	22479120	22489120	+
ENSG00000128917	15	40929339	40939339	+
ENSG00000141431	18	33578218	33588218	+
ENSG00000197818	20	49812712	49822712	+
ENSG00000203618	22	19723538	19733538	+
ENSG00000274933	17	36254552	36264552	-
ENSG00000166450	15	55733151	55743151	-
ENSG00000276023	17	37489890	37499890	+
ENSG00000107742	10	72079031	72089031	-
ENSG00000213445	11	65638100	65648100	+
ENSG00000127463	1	19241526	19251526	-
ENSG00000125814	20	23411518	23421518	-
ENSG00000178690	18	54587756	54597756	+
ENSG00000089737	14	94071211	94081211	-
ENSG00000185838	22	19844938	19854938	-
ENSG00000183128	10	103469239	103479239	-
ENSG00000197302	16	31713228	31723228	+
ENSG00000278848	16	33459044	33469044	+
ENSG00000215012	22	19844895	19854895	-
ENSG00000055957	3	52777594	52787594	+
ENSG00000040608	22	20273245	20283245	-
ENSG00000110717	11	68030616	68040616	+
ENSG00000168675	18	13217497	13227497	+
ENSG00000105705	19	19310508	19320508	-
ENSG00000197969	9	77177444	77187444	+
ENSG00000205476	14	99594206	99604206	-
ENSG00000128185	22	20310079	20320079	-
ENSG00000152969	4	6190590	6200590	-
ENSG00000173621	11	66856646	66866646	+
ENSG00000111371	12	46260016	46270016	-
ENSG00000013364	16	29820393	29830393	+
ENSG00000197745	11	62289074	62299074	-
ENSG00000132437	7	50555404	50565404	-
ENSG00000113569	5	37361105	37371105	-
ENSG00000170871	4	6781374	6791374	+
ENSG00000005156	17	34980511	34990511	+
ENSG00000197565	X	108429496	108439496	-
ENSG00000051180	15	40694773	40704773	+
ENSG00000183580	5	15500179	15510179	+
ENSG00000215187	9	35553898	35563898	-
ENSG00000175548	12	38316761	38326761	+
ENSG00000064489	19	19182157	19192157	-
ENSG00000164715	7	98106861	98116861	+
ENSG00000256797	12	9881488	9891488	+
ENSG00000078747	20	34363240	34373240	+
ENSG00000178449	12	50112081	50122081	+
ENSG00000277972	17	38730340	38740340	+
ENSG00000259680	16	33835228	33845228	-
ENSG00000159251	15	34785548	34795548	-
ENSG00000123975	9	89311194	89321194	+
ENSG00000203926	X	141589707	141599707	+
ENSG00000105122	19	15454543	15464543	-
ENSG00000164236	5	10564069	10574069	+
ENSG00000278845	17	38297022	38307022	+
ENSG00000124678	6	35138609	35148609	-
ENSG00000023318	9	100088999	100098999	-
ENSG00000109684	4	10674767	10684767	-
ENSG00000129315	12	48706997	48716997	-
ENSG00000136932	9	97912515	97922515	-
ENSG00000105750	19	20923221	20933221	+
ENSG00000172939	3	38165088	38175088	+
ENSG00000160229	19	20776303	20786303	+
ENSG00000101311	20	6113029	6123029	-
ENSG00000087095	17	28041736	28051736	+
ENSG00000091651	16	46689642	46699642	+
ENSG00000165072	9	70043847	70053847	+
ENSG00000163956	4	3522445	3532445	-
ENSG00000183632	16	32666731	32676731	-
ENSG00000188056	6	41228338	41238338	+
ENSG00000119318	9	107283136	107293136	+
ENSG00000105072	19	16496393	16506393	+
ENSG00000030110	6	33570292	33580292	-
ENSG00000080823	14	102295189	102305189	-
ENSG00000124194	20	44247098	44257098	+
ENSG00000106785	9	98109221	98119221	-
ENSG00000112309	6	70947059	70957059	-
ENSG00000112167	6	39105185	39115185	-
ENSG00000171954	19	15508524	15518524	+
ENSG00000052749	10	97416075	97426075	-
ENSG00000152582	5	35617843	35627843	+
ENSG00000213231	14	95686425	95696425	+
ENSG00000169155	9	126805005	126815005	+
ENSG00000120915	8	27490780	27500780	+
ENSG00000171208	16	47133944	47143944	-
ENSG00000008056	X	47609856	47619856	-
ENSG00000177613	10	51689594	51699594	-
ENSG00000171462	6	43446631	43456631	-
ENSG00000187866	9	68780064	68790064	+
ENSG00000275034	16	33303738	33313738	+
ENSG00000079974	22	50773661	50783661	-
ENSG00000009950	7	73614542	73624542	-
ENSG00000164076	3	49859934	49869934	-
ENSG00000250067	19	19528860	19538860	+
ENSG00000089177	20	16563447	16573447	-
ENSG00000180628	10	91163011	91173011	+
ENSG00000185158	17	32007871	32017871	+
ENSG00000096401	6	44387705	44397705	+
ENSG00000126767	X	47640603	47650603	-
ENSG00000122547	7	36153253	36163253	+
ENSG00000196663	14	102362940	102372940	+
ENSG00000177409	7	93138384	93148384	-
ENSG00000161911	6	41144336	41154336	-
ENSG00000126756	X	47649179	47659179	-
ENSG00000197122	20	37344684	37354684	+
ENSG00000172156	17	34285741	34295741	+
ENSG00000130307	19	17272785	17282785	-
ENSG00000048707	1	12230029	12240029	+
ENSG00000241149	7	63998873	64008873	+
ENSG00000087266	4	2793070	2803070	+
ENSG00000213390	10	97282672	97292672	-
ENSG00000136944	9	126613927	126623927	+
ENSG00000256229	19	20167213	20177213	+
ENSG00000100764	14	90256526	90266526	+
ENSG00000095380	9	98056731	98066731	+
ENSG00000038382	5	14143341	14153341	+
ENSG00000102265	X	47582407	47592407	+
ENSG00000197124	19	20029504	20039504	-
ENSG00000134014	8	28089672	28099672	+
ENSG00000166171	10	101570559	101580559	+
ENSG00000275832	17	38419279	38429279	+
ENSG00000164746	7	48035510	48045510	+
ENSG00000125384	14	52314304	52324304	+
ENSG00000269095	19	17245447	17255447	-
ENSG00000158748	1	19664874	19674874	+
ENSG00000166734	15	44288718	44298718	+
ENSG00000137221	6	43477522	43487522	+
ENSG00000188171	19	20651595	20661595	-
ENSG00000275152	17	35971496	35981496	-
ENSG00000071127	4	10106948	10116948	-
ENSG00000108688	17	34270220	34280220	+
ENSG00000159433	15	42575605	42585605	+
ENSG00000186472	7	83152929	83162929	-
ENSG00000275385	17	36064271	36074271	+
ENSG00000130762	1	3454664	3464664	+
ENSG00000101150	20	63865227	63875227	+
ENSG00000163808	3	44761720	44771720	+
ENSG00000188676	8	39934613	39944613	+
ENSG00000275718	17	35991552	36001552	-
ENSG00000140320	15	40439720	40449720	+
ENSG00000085872	19	16532436	16542436	-
ENSG00000136848	9	121567056	121577056	+
ENSG00000166444	11	8900950	8910950	-
ENSG00000187144	1	16427423	16437423	-
ENSG00000124490	6	49703589	49713589	-
ENSG00000162444	1	9997205	10007205	+
ENSG00000113492	5	35038134	35048134	-
ENSG00000279169	1	13191408	13201408	-
ENSG00000180758	1	9119101	9129101	-
ENSG00000088543	3	50561026	50571026	-
ENSG00000169139	8	48008414	48018414	+
ENSG00000013573	12	31073859	31083859	+
ENSG00000185634	15	48953918	48963918	-
ENSG00000168273	3	52534012	52544012	+
ENSG00000286131	8	32647201	32657201	+
ENSG00000114383	3	50318250	50328250	-
ENSG00000101251	20	13986442	13996442	-
ENSG00000166169	10	101578269	101588269	-
ENSG00000184677	1	22428837	22438837	+
ENSG00000182979	14	105419819	105429819	+
ENSG00000168575	8	42531925	42541925	-
ENSG00000103544	16	19555239	19565239	+
ENSG00000105726	19	19653675	19663675	-
ENSG00000141738	17	39737926	39747926	+
ENSG00000147130	X	71245145	71255145	-
ENSG00000168061	11	65040900	65050900	+
ENSG00000169744	4	16888677	16898677	-
ENSG00000144724	3	61561568	61571568	+
ENSG00000160352	19	21082158	21092158	+
ENSG00000165669	10	118332327	118342327	-
ENSG00000197020	19	21757578	21767578	-
ENSG00000147166	X	71301749	71311749	+
ENSG00000196470	16	48438401	48448401	-
ENSG00000183921	16	22165582	22175582	+
ENSG00000165502	14	49610625	49620625	-
ENSG00000104611	8	19313692	19323692	+
ENSG00000160161	19	19538247	19548247	+
ENSG00000132879	1	11654374	11664374	+
ENSG00000123094	12	25959028	25969028	+
ENSG00000110107	11	60896584	60906584	-
ENSG00000107829	10	101685294	101695294	-
ENSG00000187545	1	12888269	12898269	-
ENSG00000105717	19	19608692	19618692	-
ENSG00000069345	16	46963673	46973673	-
ENSG00000170927	6	52077612	52087612	-
ENSG00000184470	22	19931819	19941819	-
ENSG00000019995	10	124942122	124952122	+
ENSG00000239810	1	12821409	12831409	-
ENSG00000155265	10	97849842	97859842	+
ENSG00000071537	14	81523852	81533852	-
ENSG00000176102	11	33152370	33162370	-
ENSG00000125991	20	35542037	35552037	+
ENSG00000146166	6	63309982	63319982	-
ENSG00000120889	8	23059030	23069030	-
ENSG00000198018	10	99659508	99669508	+
ENSG00000013288	4	6575188	6585188	+
ENSG00000067365	16	8621682	8631682	+
ENSG00000105662	19	18683677	18693677	+
ENSG00000206579	8	55102027	55112027	+
ENSG00000116731	1	13700197	13710197	+
ENSG00000092531	15	42491232	42501232	+
ENSG00000168993	4	816128	826128	-
ENSG00000134294	12	46362772	46372772	-
ENSG00000116721	1	12791396	12801396	+
ENSG00000184635	19	19900912	19910912	+
ENSG00000147162	X	71533103	71543103	+
ENSG00000233041	15	40351032	40361032	+
ENSG00000158901	20	45569325	45579325	-
ENSG00000183260	20	63861497	63871497	+
ENSG00000164327	5	39064398	39074398	-
ENSG00000132671	20	23035311	23045311	+
ENSG00000186810	X	71608510	71618510	-
ENSG00000155330	16	46821179	46831179	-
ENSG00000129933	19	19320828	19330828	+
ENSG00000156414	14	103928455	103938455	+
ENSG00000155962	X	155324656	155334656	-
ENSG00000283740	5	17604176	17614176	+
ENSG00000277745	X	155450004	155460004	-
ENSG00000182836	5	41500627	41510627	-
ENSG00000197548	3	11272308	11282308	+
ENSG00000140299	15	59679533	59689533	-
ENSG00000275778	12	11161599	11171599	-
ENSG00000185973	X	155709097	155719097	-
ENSG00000100987	20	25072140	25082140	-
ENSG00000168939	X	155612571	155622571	+
ENSG00000187735	8	54012455	54022455	-
ENSG00000196730	9	87497227	87507227	+
ENSG00000205765	5	41904187	41914187	+
ENSG00000148843	10	103396625	103406625	+
ENSG00000101464	20	34688789	34698789	-
ENSG00000124333	X	155881344	155891344	+
ENSG00000063978	4	2462219	2472219	+
ENSG00000204193	9	110327883	110337883	-
ENSG00000163812	3	44966184	44976184	-
ENSG00000095627	10	114179269	114189269	+
ENSG00000179058	9	129610775	129620775	-
ENSG00000101335	20	36541496	36551496	+
ENSG00000168081	8	28316985	28326985	+
ENSG00000249967	10	97584373	97594373	+
ENSG00000124334	X	155997580	156007580	+
ENSG00000118707	20	36573487	36583487	+
ENSG00000131697	1	5982472	5992472	-
ENSG00000175216	11	46836307	46846307	-
ENSG00000198752	14	103047548	103057548	-
ENSG00000138613	15	63276017	63286017	+
ENSG00000183638	8	10702186	10712186	-
ENSG00000135413	12	54624894	54634894	-
ENSG00000203837	10	116427846	116437846	+
ENSG00000136925	9	97623367	97633367	-
ENSG00000248592	3	52887561	52897561	-
ENSG00000259399	20	36574552	36584552	+
ENSG00000107807	10	101131299	101141299	+
ENSG00000181215	4	6190554	6200554	-
ENSG00000165383	10	48904231	48914231	-
ENSG00000240694	8	26504091	26514091	-
ENSG00000101084	20	36605778	36615778	+
ENSG00000102076	X	154144242	154154242	+
ENSG00000140107	14	100323338	100333338	+
ENSG00000215612	4	8861838	8871838	-
ENSG00000170484	12	52563842	52573842	-
ENSG00000073146	22	50089878	50099878	+
ENSG00000185652	12	5432107	5442107	+
ENSG00000182179	3	49803952	49813952	-
ENSG00000078725	9	119359434	119369434	-
ENSG00000268221	X	154182595	154192595	+
ENSG00000101082	20	36636195	36646195	-
ENSG00000269433	X	154257537	154267537	+
ENSG00000100628	14	93966738	93976738	-
ENSG00000168826	4	4290250	4300250	+
ENSG00000278057	X	154285852	154295852	-
ENSG00000125901	20	3046051	3056051	+
ENSG00000073150	22	50170730	50180730	+
ENSG00000101405	20	3071619	3081619	+
ENSG00000148123	9	101028726	101038726	+
ENSG00000140798	16	48146017	48156017	-
ENSG00000101200	20	3074723	3084723	-
ENSG00000112759	6	44219552	44229552	+
ENSG00000133704	12	30685868	30695868	-
ENSG00000171877	15	44185270	44195270	-
ENSG00000148600	10	84194536	84204536	+
ENSG00000088280	1	23474567	23484567	-
ENSG00000129691	8	38105492	38115492	+
ENSG00000185019	20	3150195	3160195	-
ENSG00000110719	11	68039024	68049024	+
ENSG00000215251	20	3149864	3159864	-
ENSG00000154079	6	70566916	70576916	+
ENSG00000119698	14	94146127	94156127	+
ENSG00000007350	X	154295794	154305794	+
ENSG00000056097	5	32434739	32444739	-
ENSG00000170638	22	50185912	50195912	+
ENSG00000167588	12	50103981	50113981	+
ENSG00000152990	4	22506065	22516065	-
ENSG00000198171	20	3194684	3204684	-
ENSG00000149507	11	60040408	60050408	+
ENSG00000242689	11	58622664	58632664	+
ENSG00000226174	14	105398537	105408537	+
ENSG00000136937	9	97633667	97643667	+
ENSG00000188807	1	9588910	9598910	+
ENSG00000164078	3	49893872	49903872	-
ENSG00000127152	14	99262196	99272196	-
ENSG00000013563	X	154402111	154412111	-
ENSG00000073169	22	50200978	50210978	+
ENSG00000167566	12	49818749	49828749	-
ENSG00000254087	8	55879834	55889834	+
ENSG00000122507	7	33109556	33119556	+
ENSG00000143727	2	264139	274139	+
ENSG00000069329	16	46679517	46689517	-
ENSG00000196711	8	52555429	52565429	-
ENSG00000174840	3	57556273	57566273	+
ENSG00000205413	7	93108022	93118022	-
ENSG00000107581	10	119070822	119080822	-
ENSG00000125877	20	3208867	3218867	+
ENSG00000185875	10	25016611	25026611	+
ENSG00000104237	8	54509421	54519421	+
ENSG00000101898	20	31547411	31557411	+
ENSG00000005981	7	95478443	95488443	+
ENSG00000125968	20	31605282	31615282	+
ENSG00000278540	17	37396835	37406835	-
ENSG00000128159	22	50235022	50245022	-
ENSG00000261509	16	33360273	33370273	+
ENSG00000131055	20	31637911	31647911	+
ENSG00000072422	10	60991439	61001439	-
ENSG00000139180	12	4649094	4659094	+
ENSG00000154814	3	16265159	16275159	+
ENSG00000066739	14	96353340	96363340	-
ENSG00000177058	5	55763193	55773193	-
ENSG00000106351	7	100539202	100549202	+
ENSG00000108187	10	68323048	68333048	-
ENSG00000047365	4	36234513	36244513	-
ENSG00000174442	15	66504958	66514958	+
ENSG00000237515	16	12901597	12911597	+
ENSG00000127993	7	92528772	92538772	+
ENSG00000155269	4	8558724	8568724	+
ENSG00000127989	7	91870701	91880701	-
ENSG00000040731	5	24634977	24644977	-
ENSG00000284439	5	17518366	17528366	+
ENSG00000198793	1	11252550	11262550	-
ENSG00000108733	17	35568862	35578862	-
ENSG00000174123	4	38772989	38782989	-
ENSG00000106236	7	98617284	98627284	+
ENSG00000171532	17	39599776	39609776	-
ENSG00000100784	14	91050640	91060640	-
ENSG00000242950	7	92467985	92477985	-
ENSG00000088325	20	31739270	31749270	+
ENSG00000154274	4	37453924	37463924	+
ENSG00000151575	15	56244008	56254008	+
ENSG00000112936	5	40909496	40919496	+
ENSG00000164645	7	88785736	88795736	-
ENSG00000173599	11	66948385	66958385	-
ENSG00000147481	8	49909788	49919788	+
ENSG00000164294	5	55160166	55170166	+
ENSG00000106261	7	100015571	100025571	+
ENSG00000101306	20	31819307	31829307	+
ENSG00000179772	20	31835603	31845603	-
ENSG00000165949	14	94104835	94114835	+
ENSG00000197816	9	97307303	97317303	+
ENSG00000156381	14	102499798	102509798	-
ENSG00000016082	5	51383447	51393447	+
ENSG00000171552	20	31713988	31723988	-
ENSG00000182199	12	57229572	57239572	+
ENSG00000065618	10	104075879	104085879	-
ENSG00000154122	5	14861777	14871777	-
ENSG00000006042	17	32927909	32937909	+
ENSG00000134569	11	46908641	46918641	-
ENSG00000130475	19	17747717	17757717	+
ENSG00000120563	10	29289060	29299060	+
ENSG00000103512	16	14833720	14843720	+
ENSG00000110484	11	62270157	62280157	+
ENSG00000006128	7	97732083	97742083	+
ENSG00000197134	19	22052429	22062429	+
ENSG00000278619	17	36601582	36611582	+
ENSG00000196350	19	22286440	22296440	+
ENSG00000102125	X	154411523	154421523	+
ENSG00000115705	2	1374065	1384065	+
ENSG00000229676	19	22634323	22644323	+
ENSG00000120029	10	102046192	102056192	-
ENSG00000090989	4	55853647	55863647	+
ENSG00000205838	5	34838832	34848832	+
ENSG00000205457	16	33193658	33203658	+
ENSG00000135046	9	73151864	73161864	+
ENSG00000204172	10	47513637	47523637	-
ENSG00000132432	7	54749973	54759973	-
ENSG00000167487	19	18637024	18647024	+
ENSG00000169519	11	28108247	28118247	+
ENSG00000185775	9	42183658	42193658	+
ENSG00000171314	10	97426190	97436190	+
ENSG00000128581	7	101311822	101321822	-
ENSG00000088970	20	21125982	21135982	+
ENSG00000127526	19	16562414	16572414	-
ENSG00000095596	10	93073474	93083474	+
ENSG00000103319	16	22206277	22216277	+
ENSG00000189292	2	278850	288850	-
ENSG00000261130	16	15395753	15405753	+
ENSG00000184916	14	105158823	105168823	-
ENSG00000277258	17	38739816	38749816	-
ENSG00000176697	11	27712057	27722057	-
ENSG00000106927	9	114068327	114078327	-
ENSG00000273604	17	38664956	38674956	-
ENSG00000125850	20	18049187	18059187	-
ENSG00000113593	5	65563235	65573235	+
ENSG00000100429	22	50241404	50251404	-
ENSG00000182512	14	95533502	95543502	+
ENSG00000185040	7	76531458	76541458	-
ENSG00000187210	9	76419849	76429849	+
ENSG00000125871	20	17969017	17979017	+
ENSG00000108691	17	34255217	34265217	+
ENSG00000179241	11	35943980	35953980	+
ENSG00000174628	16	19716455	19726455	+
ENSG00000165948	14	94081300	94091300	+
ENSG00000086061	9	33025272	33035272	+
ENSG00000203879	X	154436912	154446912	+
ENSG00000185479	12	52442145	52452145	-
ENSG00000171853	2	3379674	3389674	+
ENSG00000094804	17	40287878	40297878	+
ENSG00000136819	9	129825862	129835862	-
ENSG00000167191	16	19876166	19886166	-
ENSG00000078900	1	3652515	3662515	+
ENSG00000086288	7	37848596	37858596	+
ENSG00000150756	5	10239896	10249896	-
ENSG00000140057	14	96392127	96402127	+
ENSG00000064545	19	19128512	19138512	-
ENSG00000182551	2	3509530	3519530	-
ENSG00000239789	7	55951876	55961876	+
ENSG00000071859	X	154444140	154454140	+
ENSG00000149474	20	18137227	18147227	+
ENSG00000006534	11	68008577	68018577	+
ENSG00000103485	16	29663278	29673278	+
ENSG00000232838	20	18137862	18147862	+
ENSG00000148541	10	59353180	59363180	-
ENSG00000172115	7	25115259	25125259	-
ENSG00000109680	4	26576436	26586436	+
ENSG00000166902	11	59800777	59810777	-
ENSG00000284969	11	33712466	33722466	-
ENSG00000151876	5	41925253	41935253	+
ENSG00000185905	16	29735989	29745989	-
ENSG00000108344	17	39980806	39990806	+
ENSG00000125869	20	9514357	9524357	+
ENSG00000105656	19	18512115	18522115	-
ENSG00000142661	1	24102134	24112134	-
ENSG00000168884	4	2746341	2756341	-
ENSG00000173465	11	65570459	65580459	+
ENSG00000163939	3	52675916	52685916	-
ENSG00000099139	9	75890643	75900643	+
ENSG00000130508	2	1734851	1744851	-
ENSG00000130827	X	154458280	154468280	+
ENSG00000156671	10	75099585	75109585	+
ENSG00000125818	20	1113239	1123239	+
ENSG00000088808	14	103837574	103847574	-
ENSG00000171819	1	11189354	11199354	+
ENSG00000196976	X	154469256	154479256	-
ENSG00000215595	20	1203453	1213453	+
ENSG00000197921	1	2520262	2530262	-
ENSG00000204669	9	72062720	72072720	-
ENSG00000113389	5	32689069	32699069	+
ENSG00000102178	X	154476614	154486614	-
ENSG00000173327	11	65605381	65615381	-
ENSG00000188130	22	50251715	50261715	-
ENSG00000101298	20	1266279	1276279	+
ENSG00000126903	X	154480689	154490689	-
ENSG00000283967	5	17580959	17590959	-
ENSG00000283988	5	17584393	17594393	-
ENSG00000169271	5	54455698	54465698	+
ENSG00000148841	10	104328464	104338464	-
ENSG00000066455	14	92794304	92804304	+
ENSG00000115738	2	8678844	8688844	+
ENSG00000134363	5	53480625	53490625	+
ENSG00000165912	11	47176442	47186442	-
ENSG00000116288	1	7954290	7964290	+
ENSG00000135423	12	56478413	56488413	-
ENSG00000125775	20	1319138	1329138	-
ENSG00000173473	3	47772105	47782105	-
ENSG00000105676	19	19033574	19043574	+
ENSG00000109819	4	23894088	23904088	-
ENSG00000142677	1	24133139	24143139	-
ENSG00000131910	1	26903974	26913974	-
ENSG00000196781	9	81679546	81689546	-
ENSG00000150593	10	110871794	110881794	+
ENSG00000099814	14	104865267	104875267	+
ENSG00000196209	20	1481586	1491586	-
ENSG00000137878	15	57591907	57601907	+
ENSG00000151360	2	3658199	3668199	+
ENSG00000164692	7	94394894	94404894	+
ENSG00000185386	22	50260766	50270766	-
ENSG00000140030	14	88005134	88015134	+
ENSG00000170275	3	33114013	33124013	+
ENSG00000148331	9	129632168	129642168	-
ENSG00000184160	4	3766347	3776347	+
ENSG00000160321	19	22000948	22010948	-
ENSG00000132356	5	40788373	40798373	-
ENSG00000125900	20	1547704	1557704	-
ENSG00000180447	9	86937505	86947505	-
ENSG00000161634	12	54638492	54648492	-
ENSG00000120051	10	104353832	104363832	+
ENSG00000160211	X	154537571	154547571	-
ENSG00000159674	4	1198961	1208961	-
ENSG00000185436	1	24177958	24187958	-
ENSG00000242259	22	19437710	19447710	-
ENSG00000284465	5	17575757	17585757	-
ENSG00000106789	9	98182636	98192636	-
ENSG00000079841	6	71886702	71896702	+
ENSG00000102893	16	47461122	47471122	+
ENSG00000284373	5	17498230	17508230	+
ENSG00000131914	1	26410816	26420816	+
ENSG00000124104	20	45833798	45843798	+
ENSG00000167077	22	41699502	41709502	+
ENSG00000112996	5	44808946	44818946	+
ENSG00000172554	2	950848	960848	+
ENSG00000232423	1	12937579	12947579	-
ENSG00000168060	11	65048552	65058552	-
ENSG00000147180	X	85243990	85253990	+
ENSG00000169504	1	24745381	24755381	+
ENSG00000070269	14	56488353	56498353	+
ENSG00000169919	7	65972214	65982214	-
ENSG00000005175	12	47696029	47706029	-
ENSG00000130479	19	17719241	17729241	+
ENSG00000140795	16	46780406	46790406	-
ENSG00000169641	1	23167807	23177807	-
ENSG00000181773	1	27392621	27402621	+
ENSG00000138346	10	68462120	68472120	-
ENSG00000175707	1	26950467	26960467	-
ENSG00000101473	20	45847404	45857404	-
ENSG00000185069	12	52767344	52777344	-
ENSG00000233954	1	15799347	15809347	-
ENSG00000123570	X	103822256	103832256	-
ENSG00000180818	12	53985064	53995064	+
ENSG00000174950	1	27373332	27383332	-
ENSG00000137770	15	44427621	44437621	+
ENSG00000132801	20	45857613	45867613	+
ENSG00000140743	16	22427164	22437164	-
ENSG00000158427	X	103918895	103928895	+
ENSG00000144619	3	2098812	2108812	+
ENSG00000161405	17	39854311	39864311	-
ENSG00000233932	15	48178121	48188121	+
ENSG00000269226	X	104066211	104076211	-
ENSG00000149806	11	65112176	65122176	-
ENSG00000055070	1	16352574	16362574	+
ENSG00000279395	11	55811366	55821366	+
ENSG00000213988	19	20077993	20087993	+
ENSG00000110104	11	60842112	60852112	+
ENSG00000112964	5	42423438	42433438	+
ENSG00000068001	3	50312781	50322781	-
ENSG00000157456	15	59105125	59115125	+
ENSG00000148604	10	84230665	84240665	+
ENSG00000198911	22	41833078	41843078	+
ENSG00000118620	19	21020633	21030633	+
ENSG00000175087	1	26111164	26121164	+
ENSG00000196109	19	22205800	22215800	-
ENSG00000159958	22	41916805	41926805	-
ENSG00000183706	15	22094521	22104521	+
ENSG00000118004	2	3594831	3604831	+
ENSG00000100979	20	45902154	45912154	-
ENSG00000261652	15	55408494	55418494	+
ENSG00000186451	3	57060663	57070663	+
ENSG00000095303	9	122370529	122380529	+
ENSG00000189079	12	45729705	45739705	+
ENSG00000167232	19	23385470	23395470	-
ENSG00000107954	10	103493978	103503978	+
ENSG00000171735	1	6785453	6795453	+
ENSG00000100902	14	35278632	35288632	+
ENSG00000197013	19	21496681	21506681	+
ENSG00000110025	11	65027438	65037438	+
ENSG00000100982	20	45934682	45944682	+
ENSG00000113100	5	27111149	27121149	-
ENSG00000232653	15	32593455	32603455	+
ENSG00000175267	16	22092537	22102537	+
ENSG00000123388	12	53973125	53983125	+
ENSG00000171989	15	59206842	59216842	+
ENSG00000100162	22	41937151	41947151	-
ENSG00000205704	22	41952173	41962173	+
ENSG00000138604	15	69160583	69170583	+
ENSG00000198026	20	45962202	45972202	-
ENSG00000157191	1	16440720	16450720	+
ENSG00000100985	20	46008907	46018907	+
ENSG00000170423	12	52839091	52849091	-
ENSG00000107960	10	103908183	103918183	-
ENSG00000049759	18	58044225	58054225	+
ENSG00000103642	15	63121832	63131832	+
ENSG00000171865	2	3548332	3558332	-
ENSG00000037965	12	54008984	54018984	+
ENSG00000275302	17	36103826	36113826	+
ENSG00000151388	5	33882018	33892018	-
ENSG00000126391	11	65386620	65396620	+
ENSG00000107593	10	100320263	100330263	-
ENSG00000173825	11	65354750	65364750	+
ENSG00000146147	6	53929981	53939981	+
ENSG00000234602	5	55217314	55227314	-
ENSG00000102910	16	48244299	48254299	+
ENSG00000157168	8	31639221	31649221	+
ENSG00000100167	22	41969474	41979474	+
ENSG00000127980	7	92518519	92528519	-
ENSG00000105664	19	18781304	18791304	-
ENSG00000127084	9	92947522	92957522	+
ENSG00000134330	2	9473657	9483657	+
ENSG00000161395	17	39686796	39696796	-
ENSG00000172689	11	60785332	60795332	+
ENSG00000133226	1	24631715	24641715	+
ENSG00000146247	6	79068253	79078253	-
ENSG00000204710	11	65170153	65180153	+
ENSG00000183066	22	41998724	42008724	+
ENSG00000139117	12	38897429	38907429	-
ENSG00000169855	3	79757997	79767997	-
ENSG00000157593	6	44247889	44257889	-
ENSG00000162139	11	74988278	74998278	+
ENSG00000273559	17	38815354	38825354	-
ENSG00000145626	5	35991027	36001027	-
ENSG00000054983	14	87983664	87993664	-
ENSG00000161798	12	49961871	49971871	+
ENSG00000162482	1	19278769	19288769	-
ENSG00000133872	8	30073207	30083207	-
ENSG00000236782	1	26161830	26171830	-
ENSG00000148943	11	27496768	27506768	-
ENSG00000171811	10	132932822	132942822	-
ENSG00000065615	6	83859655	83869655	+
ENSG00000139610	12	51336678	51346678	-
ENSG00000157045	16	15046078	15056078	-
ENSG00000166200	15	49145660	49155660	-
ENSG00000100739	14	96256209	96266209	+
ENSG00000215910	1	11761786	11771786	+
ENSG00000145526	5	20565872	20575872	-
ENSG00000275023	17	38705272	38715272	+
ENSG00000186529	19	15640896	15650896	+
ENSG00000198951	22	42060841	42070841	-
ENSG00000101746	18	34214951	34224951	-
ENSG00000175785	14	93778484	93788484	-
ENSG00000173421	3	49198427	49208427	+
ENSG00000172817	8	64788736	64798736	-
ENSG00000116663	1	11664199	11674199	+
ENSG00000183779	8	37695781	37705781	+
ENSG00000215695	1	15659868	15669868	+
ENSG00000177096	22	42074247	42084247	+
ENSG00000065833	6	83421050	83431050	-
ENSG00000205045	17	35477856	35487856	-
ENSG00000132749	11	68741519	68751519	-
ENSG00000151694	2	9546731	9556731	-
ENSG00000215906	1	22955337	22965337	-
ENSG00000124140	20	46021689	46031689	+
ENSG00000178538	8	60271399	60281399	-
ENSG00000170779	14	105011082	105021082	-
ENSG00000188822	1	23903361	23913361	-
ENSG00000100147	22	41800678	41810678	+
ENSG00000137834	15	66702235	66712235	+
ENSG00000145147	4	20251904	20261904	+
ENSG00000156968	16	15395753	15405753	+
ENSG00000156042	10	73348858	73358858	-
ENSG00000165238	9	93184915	93194915	+
ENSG00000011198	3	43690107	43700107	+
ENSG00000151353	2	667405	677405	-
ENSG00000182180	10	73242692	73252692	-
ENSG00000197372	19	23677219	23687219	-
ENSG00000088832	20	1383163	1393163	-
ENSG00000196172	19	23748890	23758890	-
ENSG00000090273	1	26900237	26910237	+
ENSG00000173227	11	67006777	67016777	+
ENSG00000146143	6	57314804	57324804	+
ENSG00000227868	1	23005851	23015851	-
ENSG00000171475	17	40219303	40229303	+
ENSG00000213973	19	22774150	22784150	-
ENSG00000100281	22	35257451	35267451	+
ENSG00000166123	16	46884361	46894361	+
ENSG00000214435	10	102869469	102879469	+
ENSG00000142751	1	26880282	26890282	-
ENSG00000124664	6	34546332	34556332	-
ENSG00000020181	8	37784190	37794190	+
ENSG00000156564	6	40577363	40587363	-
ENSG00000171067	11	68262000	68272000	-
ENSG00000130311	19	17309517	17319517	+
ENSG00000184486	6	98834573	98844573	+
ENSG00000189266	1	23956838	23966838	+
ENSG00000196932	10	61443380	61453380	-
ENSG00000131931	8	42833324	42843324	-
ENSG00000174276	11	65107700	65117700	-
ENSG00000174992	16	29778255	29788255	+
ENSG00000204140	6	35781018	35791018	+
ENSG00000135002	9	76384516	76394516	-
ENSG00000004766	7	93232339	93242339	+
ENSG00000278311	17	36544911	36554911	+
ENSG00000203877	6	83853265	83863265	+
ENSG00000162511	1	30747773	30757773	-
ENSG00000171863	2	3575259	3585259	+
ENSG00000213996	19	19263390	19273390	-
ENSG00000137038	9	7878379	7888379	-
ENSG00000102921	16	48610147	48620147	-
ENSG00000132182	3	13410321	13420321	-
ENSG00000169550	11	26562262	26572262	-
ENSG00000185774	4	21938771	21948771	-
ENSG00000151379	2	17816459	17826459	+
ENSG00000158014	1	26036117	26046117	-
ENSG00000137776	15	58923678	58933678	-
ENSG00000170315	17	16380797	16390797	+
ENSG00000146192	6	37005645	37015645	+
ENSG00000100297	22	35400133	35410133	+
ENSG00000204138	1	28369581	28379581	+
ENSG00000174343	4	40335332	40345332	+
ENSG00000161999	16	674527	684527	-
ENSG00000277791	17	38752740	38762740	+
ENSG00000064607	19	19024022	19034022	-
ENSG00000088836	20	3229558	3239558	-
ENSG00000119509	9	100099242	100109242	+
ENSG00000171476	4	56671898	56681898	-
ENSG00000108100	10	35247024	35257024	+
ENSG00000140105	14	100366804	100376804	-
ENSG00000100292	22	35380360	35390360	+
ENSG00000137193	6	37170151	37180151	+
ENSG00000083099	6	89628748	89638748	-
ENSG00000144677	3	37861879	37871879	+
ENSG00000005302	X	11758158	11768158	+
ENSG00000135324	6	84033771	84043771	+
ENSG00000100364	22	45230893	45240893	-
ENSG00000108599	17	19968342	19978342	-
ENSG00000103429	16	14632930	14642930	+
ENSG00000119979	10	119104085	119114085	+
ENSG00000138593	15	49036446	49046446	-
ENSG00000276085	17	36186757	36196757	-
ENSG00000163029	2	17790241	17800241	-
ENSG00000082397	18	5620699	5630699	-
ENSG00000151893	10	118745248	118755248	-
ENSG00000213999	19	19182130	19192130	-
ENSG00000183484	14	105055444	105065444	-
ENSG00000181274	10	97324728	97334728	-
ENSG00000188175	7	93216468	93226468	-
ENSG00000091490	4	25853759	25863759	-
ENSG00000196664	X	12867071	12877071	+
ENSG00000136824	9	104094259	104104259	+
ENSG00000107560	10	118036940	118046940	-
ENSG00000196705	19	21142023	21152023	+
ENSG00000162267	3	52794767	52804767	+
ENSG00000224712	16	14708943	14718943	+
ENSG00000104738	8	47960184	47970184	+
ENSG00000125967	20	33664462	33674462	-
ENSG00000169933	X	11822422	11832422	+
ENSG00000136939	9	122723989	122733989	+
ENSG00000107957	10	103845542	103855542	-
ENSG00000106384	7	101191037	101201037	-
ENSG00000142675	1	26177483	26187483	+
ENSG00000188620	10	123135969	123145969	+
ENSG00000167037	22	24806168	24816168	+
ENSG00000127418	4	1009935	1019935	+
ENSG00000197360	19	22522484	22532484	-
ENSG00000204379	X	52495807	52505807	+
ENSG00000182141	19	21319424	21329424	-
ENSG00000021300	11	73646177	73656177	+
ENSG00000178163	4	10447425	10457425	-
ENSG00000237038	8	7963252	7973252	-
ENSG00000249319	7	66087760	66097760	+
ENSG00000276234	17	37406885	37416885	+
ENSG00000255378	8	7771412	7781412	-
ENSG00000163935	3	53036749	53046749	-
ENSG00000103657	15	63823947	63833947	-
ENSG00000133874	8	33557127	33567127	-
ENSG00000186777	4	295473	305473	-
ENSG00000179934	3	39329708	39339708	+
ENSG00000204382	X	52510802	52520802	-
ENSG00000151553	10	114821743	114831743	+
ENSG00000283434	3	88338415	88348415	+
ENSG00000149609	20	33662326	33672326	+
ENSG00000187754	X	52644899	52654899	-
ENSG00000189319	10	124734377	124744377	-
ENSG00000129636	16	47454148	47464148	-
ENSG00000197245	1	26159078	26169078	+
ENSG00000175920	4	3463305	3473305	+
ENSG00000150594	10	111077028	111087028	+
ENSG00000100350	22	36497042	36507042	-
ENSG00000101412	20	33676384	33686384	-
ENSG00000104221	8	37839860	37849860	-
ENSG00000165124	9	110569879	110579879	-
ENSG00000182903	4	489155	499155	-
ENSG00000116237	1	6225971	6235971	-
ENSG00000141316	17	32970375	32980375	+
ENSG00000089902	14	102592648	102602648	+
ENSG00000101417	20	33710318	33720318	-
ENSG00000241476	X	52697188	52707188	-
ENSG00000204363	X	52787426	52797426	-
ENSG00000251349	9	100442270	100452270	+
ENSG00000227729	14	103932560	103942560	-
ENSG00000053501	19	17215345	17225345	+
ENSG00000168907	15	42146635	42156635	-
ENSG00000158195	1	27480166	27490166	-
ENSG00000125691	17	38843763	38853763	-
ENSG00000130772	1	28329001	28339001	+
ENSG00000162337	11	68312590	68322590	+
ENSG00000039560	5	34656327	34666327	+
ENSG00000157303	9	93058687	93068687	+
ENSG00000013375	6	83183935	83193935	-
ENSG00000213967	19	23914875	23924875	+
ENSG00000138867	22	24545934	24555934	-
ENSG00000131061	20	33731656	33741656	+
ENSG00000154832	18	50277838	50287838	-
ENSG00000035115	2	256397	266397	-
ENSG00000166862	22	36693751	36703751	-
ENSG00000204160	1	26826687	26836687	+
ENSG00000148204	9	123356169	123366169	+
ENSG00000100191	22	32245346	32255346	-
ENSG00000131323	14	102777448	102787448	+
ENSG00000006715	7	38922393	38932393	-
ENSG00000177125	9	126860664	126870664	+
ENSG00000118369	11	78188811	78198811	+
ENSG00000147488	8	52450958	52460958	-
ENSG00000137814	15	42548827	42558827	+
ENSG00000184986	14	105526582	105536582	+
ENSG00000077721	X	119574535	119584535	+
ENSG00000130560	9	135951372	135961372	-
ENSG00000102900	16	56730117	56740117	+
ENSG00000101421	20	33811347	33821347	+
ENSG00000152556	12	48105138	48115138	+
ENSG00000131771	17	39626739	39636739	+
ENSG00000065882	4	37891083	37901083	+
ENSG00000185008	3	75906694	75916694	+
ENSG00000106689	9	124001669	124011669	+
ENSG00000001629	7	92245973	92255973	+
ENSG00000186895	11	69809415	69819415	-
ENSG00000174446	15	66487779	66497779	-
ENSG00000166183	14	104085685	104095685	+
ENSG00000162981	2	14632699	14642699	+
ENSG00000149798	11	65314865	65324865	+
ENSG00000089639	19	19633656	19643656	-
ENSG00000090020	1	27156980	27166980	-
ENSG00000170545	12	51260414	51270414	-
ENSG00000275722	17	35933712	35943712	-
ENSG00000105825	7	93880752	93890752	-
ENSG00000101751	18	54269516	54279516	+
ENSG00000183850	19	23075209	23085209	+
ENSG00000047634	X	17737448	17747448	+
ENSG00000157978	1	25543605	25553605	+
ENSG00000187773	18	74447943	74457943	-
ENSG00000274211	17	38351843	38361843	+
ENSG00000109705	4	13534507	13544507	-
ENSG00000158246	1	27002849	27012849	-
ENSG00000081665	19	19811750	19821750	-
ENSG00000173653	11	66842834	66852834	+
ENSG00000188158	X	17375199	17385199	+
ENSG00000214819	17	20579723	20589723	+
ENSG00000036530	14	99684297	99694297	+
ENSG00000130770	1	28236108	28246108	+
ENSG00000169019	4	47453701	47463701	-
ENSG00000278505	17	37375984	37385984	+
ENSG00000187664	19	19252803	19262803	-
ENSG00000175264	11	45655621	45665621	-
ENSG00000133424	22	33912840	33922840	-
ENSG00000075336	18	74148522	74158522	+
ENSG00000150753	5	10249928	10259928	+
ENSG00000112200	6	57086843	57096843	+
ENSG00000183153	17	40354736	40364736	-
ENSG00000085788	8	38225217	38235217	+
ENSG00000117305	1	23828619	23838619	-
ENSG00000135407	12	57808703	57818703	-
ENSG00000204450	11	89968501	89978501	+
ENSG00000269067	19	22993175	23003175	-
ENSG00000206043	18	74315838	74325838	+
ENSG00000151693	2	9206764	9216764	+
ENSG00000198353	12	54016930	54026930	+
ENSG00000197712	4	38867676	38877676	+
ENSG00000157214	7	90167589	90177589	+
ENSG00000162512	1	30898757	30908757	-
ENSG00000150394	16	62027034	62037034	-
ENSG00000185633	12	57230714	57240714	-
ENSG00000081377	9	96609842	96619842	-
ENSG00000153879	19	33373684	33383684	+
ENSG00000166347	18	74281972	74291972	-
ENSG00000198746	1	26890466	26900466	-
ENSG00000236125	8	7337114	7347114	+
ENSG00000154162	5	22843343	22853343	-
ENSG00000255346	15	68930524	68940524	+
ENSG00000185513	20	43489441	43499441	+
ENSG00000137513	11	78564873	78574873	-
ENSG00000131944	19	32972208	32982208	+
ENSG00000283201	19	23264220	23274220	-
ENSG00000170846	4	6663395	6673395	+
ENSG00000284234	5	17525234	17535234	+
ENSG00000121297	19	31339435	31349435	-
ENSG00000170477	12	52804115	52814115	-
ENSG00000134308	2	9620996	9630996	-
ENSG00000205629	16	25111730	25121730	+
ENSG00000107187	9	136195127	136205127	-
ENSG00000164346	5	74766990	74776990	+
ENSG00000158006	1	25988116	25998116	-
ENSG00000169006	2	11660194	11670194	-
ENSG00000109171	4	48341528	48351528	+
ENSG00000120162	9	27519813	27529813	-
ENSG00000188779	15	67819703	67829703	+
ENSG00000124614	6	34416068	34426068	-
ENSG00000108306	17	39392522	39402522	-
ENSG00000129028	15	70882432	70892432	-
ENSG00000174718	12	31959369	31969369	+
ENSG00000131127	4	337813	347813	+
ENSG00000196156	17	41158220	41168220	-
ENSG00000164659	7	87049653	87059653	-
ENSG00000130304	19	17468768	17478768	+
ENSG00000276409	17	35977003	35987003	-
ENSG00000100600	14	92738678	92748678	-
ENSG00000285765	8	7572652	7582652	-
ENSG00000212659	17	41265338	41275338	+
ENSG00000171241	16	46611378	46621378	-
ENSG00000242372	20	35274984	35284984	-
ENSG00000183963	22	31064104	31074104	+
ENSG00000284292	7	99325878	99335878	+
ENSG00000188529	1	23970926	23980926	-
ENSG00000103647	15	68578992	68588992	+
ENSG00000141741	17	39720531	39730531	-
ENSG00000198780	5	74856965	74866965	-
ENSG00000127318	12	68243603	68253603	-
ENSG00000070193	5	44379705	44389705	-
ENSG00000126249	19	34404398	34414398	+
ENSG00000241839	15	64841882	64851882	+
ENSG00000204952	17	38957402	38967402	-
ENSG00000198535	15	62066976	62076976	+
ENSG00000132646	20	5116625	5126625	-
ENSG00000077514	11	74493850	74503850	+
ENSG00000038219	4	13617724	13627724	-
ENSG00000171956	15	60004233	60014233	+
ENSG00000156313	X	38317543	38327543	-
ENSG00000148200	9	124761310	124771310	-
ENSG00000178988	4	6699864	6709864	-
ENSG00000151276	3	66028833	66038833	-
ENSG00000142784	1	27234631	27244631	+
ENSG00000167065	22	30657886	30667886	-
ENSG00000165966	12	41188319	41198319	+
ENSG00000095015	5	56815548	56825548	+
ENSG00000167186	16	19067613	19077613	+
ENSG00000057657	6	105993462	106003462	+
ENSG00000188848	4	42142877	42152877	-
ENSG00000101290	20	5126878	5136878	+
ENSG00000090061	14	99481168	99491168	+
ENSG00000042980	8	24294068	24304068	+
ENSG00000272325	6	34382668	34392668	-
ENSG00000277150	X	155448619	155458619	-
ENSG00000198173	X	37008365	37018365	+
ENSG00000101292	20	5306953	5316953	-
ENSG00000152932	5	58582220	58592220	+
ENSG00000110092	11	69641155	69651155	+
ENSG00000170915	6	52361420	52371420	+
ENSG00000141756	17	41812679	41822679	+
ENSG00000124302	19	33621952	33631952	+
ENSG00000268696	19	22832290	22842290	+
ENSG00000148175	9	121360303	121370303	-
ENSG00000084674	2	21034072	21044072	-
ENSG00000152944	12	27022545	27032545	+
ENSG00000203972	6	49499922	49509922	+
ENSG00000140104	14	104985774	104995774	+
ENSG00000169181	16	28053713	28063713	-
ENSG00000172244	5	43505147	43515147	-
ENSG00000224578	16	51553435	51563435	+
ENSG00000114738	3	50611519	50621519	+
ENSG00000119771	2	23385178	23395178	+
ENSG00000156531	X	134373311	134383311	+
ENSG00000165061	8	40887832	40897832	-
ENSG00000184388	X	73002938	73012938	+
ENSG00000234719	16	11966642	11976642	-
ENSG00000125971	20	34516413	34526413	+
ENSG00000128944	15	40382720	40392720	+
ENSG00000177990	12	63658938	63668938	-
ENSG00000153015	5	64768929	64778929	+
ENSG00000113966	3	97764520	97774520	+
ENSG00000158528	7	94907201	94917201	+
ENSG00000249240	15	64841882	64851882	+
ENSG00000089335	19	34677638	34687638	+
ENSG00000183576	14	99470888	99480888	-
ENSG00000241484	22	44752557	44762557	+
ENSG00000166012	11	93774390	93784390	-
ENSG00000206538	3	86981148	86991148	-
ENSG00000156535	6	73695784	73705784	+
ENSG00000188501	15	66555978	66565978	-
ENSG00000170571	5	50433247	50443247	-
ENSG00000121005	8	74984504	74994504	+
ENSG00000114480	3	81751644	81761644	-
ENSG00000122299	16	11787257	11797257	-
ENSG00000165025	9	90801786	90811786	+
ENSG00000175699	14	93987224	93997224	+
ENSG00000117682	1	26432281	26442281	+
ENSG00000137880	15	40764067	40774067	+
ENSG00000100298	22	39097223	39107223	+
ENSG00000089006	20	17958979	17968979	-
ENSG00000185567	14	104968373	104978373	-
ENSG00000084754	2	26234671	26244671	-
ENSG00000108576	17	30226001	30236001	-
ENSG00000164181	5	60834273	60844273	-
ENSG00000175793	1	26863148	26873148	+
ENSG00000126698	1	28223028	28233028	-
ENSG00000125798	20	22575454	22585454	-
ENSG00000104679	8	23270119	23280119	+
ENSG00000185264	22	36997850	37007850	-
ENSG00000100865	14	102352915	102362915	-
ENSG00000105672	19	35641744	35651744	+
ENSG00000214866	2	3703574	3713574	+
ENSG00000245848	19	33292533	33302533	-
ENSG00000130766	1	28259517	28269517	+
ENSG00000149600	20	32733466	32743466	-
ENSG00000104722	8	24913757	24923757	+
ENSG00000088538	3	50674926	50684926	+
ENSG00000135315	6	84217642	84227642	-
ENSG00000128309	22	37019634	37029634	+
ENSG00000127946	7	75728961	75738961	-
ENSG00000176887	2	5692383	5702383	+
ENSG00000163794	2	27298444	27308444	-
ENSG00000172986	3	72888045	72898045	+
ENSG00000164751	8	76991043	77001043	-
ENSG00000074410	15	63371845	63381845	-
ENSG00000188895	17	40121970	40131970	+
ENSG00000171303	2	26692689	26702689	+
ENSG00000101349	20	9829075	9839075	-
ENSG00000105849	7	19699036	19709036	-
ENSG00000128346	22	37943668	37953668	-
ENSG00000125787	20	3043621	3053621	+
ENSG00000249481	6	44342649	44352649	+
ENSG00000104427	8	78666088	78676088	+
ENSG00000158169	9	95416795	95426795	-
ENSG00000067248	5	55297693	55307693	-
ENSG00000125888	20	17693671	17703671	+
ENSG00000165914	14	90806478	90816478	-
ENSG00000168528	1	31409564	31419564	+
ENSG00000087245	16	55389699	55399699	+
ENSG00000147485	8	51799444	51809444	-
ENSG00000285082	9	117704156	117714156	+
ENSG00000197406	14	101561350	101571350	+
ENSG00000084764	2	26970636	26980636	+
ENSG00000106336	7	100583981	100593981	+
ENSG00000100142	22	37952606	37962606	+
ENSG00000106723	9	88388429	88398429	+
ENSG00000119714	14	91243924	91253924	-
ENSG00000163697	4	41206713	41216713	-
ENSG00000196581	1	4654608	4664608	+
ENSG00000164627	6	39715407	39725407	-
ENSG00000169403	1	28183935	28193935	-
ENSG00000277893	2	31570937	31580937	-
ENSG00000156050	14	73940413	73950413	-
ENSG00000106244	7	99398596	99408596	-
ENSG00000100146	22	37977421	37987421	-
ENSG00000157483	15	59362870	59372870	-
ENSG00000140067	14	93918893	93928893	+
ENSG00000157657	9	113876281	113886281	+
ENSG00000119669	14	77018707	77028707	-
ENSG00000073921	11	86059881	86069881	-
ENSG00000167904	8	55763406	55773406	-
ENSG00000143797	2	8993708	9003708	-
ENSG00000153558	3	33277024	33287024	+
ENSG00000213949	5	52787915	52797915	+
ENSG00000105852	7	95386374	95396374	-
ENSG00000213145	14	105486316	105496316	+
ENSG00000124507	6	34466060	34476060	+
ENSG00000075131	15	66376745	66386745	-
ENSG00000143867	2	19348622	19358622	-
ENSG00000258691	14	96204843	96214843	+
ENSG00000171033	8	78516339	78526339	+
ENSG00000101160	20	58998237	59008237	-
ENSG00000258484	15	68818220	68828220	+
ENSG00000168350	14	100149644	100159644	-
ENSG00000161813	12	50392382	50402382	+
ENSG00000163026	2	24039574	24049574	-
ENSG00000152315	14	90061993	90071993	+
ENSG00000148737	10	112950246	112960246	+
ENSG00000183891	2	19891982	19901982	-
ENSG00000131759	17	40309179	40319179	+
ENSG00000106366	7	101127103	101137103	+
ENSG00000145247	4	48896936	48906936	-
ENSG00000112081	6	36594352	36604352	+
ENSG00000187742	9	89318499	89328499	+
ENSG00000091656	8	76681238	76691238	+
ENSG00000159398	16	55946030	55956030	-
ENSG00000005421	7	95314531	95324531	-
ENSG00000128422	17	41614841	41624841	-
ENSG00000272514	6	87407971	87417971	+
ENSG00000117676	1	26529760	26539760	+
ENSG00000198900	20	41028821	41038821	+
ENSG00000134627	11	94543839	94553839	+
ENSG00000100151	22	38056310	38066310	+
ENSG00000177182	8	61057157	61067157	+
ENSG00000118407	6	75483799	75493799	-
ENSG00000112218	6	96827476	96837476	-
ENSG00000100156	22	38074092	38084092	-
ENSG00000171867	20	4686349	4696349	+
ENSG00000171060	8	10672627	10682627	+
ENSG00000171864	20	4721908	4731908	+
ENSG00000157851	2	26847746	26857746	+
ENSG00000128298	22	38101014	38111014	-
ENSG00000181481	17	30970983	30980983	+
ENSG00000197859	9	133532163	133542163	+
ENSG00000164077	3	49920172	49930172	-
ENSG00000103540	16	19523810	19533810	+
ENSG00000163694	4	40620874	40630874	-
ENSG00000126353	17	40555471	40565471	-
ENSG00000134323	2	15940549	15950549	+
ENSG00000198830	1	26472439	26482439	+
ENSG00000101265	20	4813607	4823607	-
ENSG00000178597	4	7424929	7434929	-
ENSG00000214013	15	42273232	42283232	+
ENSG00000084628	1	31229886	31239886	-
ENSG00000104442	8	65624216	65634216	-
ENSG00000139624	12	50157532	50167532	-
ENSG00000096092	6	52671112	52681112	+
ENSG00000119522	9	123920151	123930151	-
ENSG00000124731	6	41276681	41286681	-
ENSG00000060688	1	31286787	31296787	-
ENSG00000164736	8	54457934	54467934	+
ENSG00000038532	16	10944563	10954563	+
ENSG00000114541	3	69532582	69542582	-
ENSG00000127081	9	92868037	92878037	-
ENSG00000166128	15	63189559	63199559	+
ENSG00000171612	1	9539464	9549464	+
ENSG00000228083	9	21230004	21240004	-
ENSG00000181826	4	37676375	37686375	-
ENSG00000173451	12	71664300	71674300	+
ENSG00000137478	11	73132317	73142317	-
ENSG00000173530	8	23154026	23164026	-
ENSG00000042088	14	89954938	89964938	+
ENSG00000111536	12	68215809	68225809	-
ENSG00000186803	9	21197142	21207142	-
ENSG00000273049	12	53985844	53995844	+
ENSG00000213185	10	122869640	122879640	-
ENSG00000112182	6	90286907	90296907	-
ENSG00000119973	10	118585647	118595647	-
ENSG00000255529	15	57706694	57716694	+
ENSG00000221947	8	70669338	70679338	+
ENSG00000134769	18	34493290	34503290	+
ENSG00000141086	16	67922364	67932364	-
ENSG00000115204	2	27315679	27325679	-
ENSG00000162458	1	15756606	15766606	+
ENSG00000146233	6	46642829	46652829	-
ENSG00000187492	3	49789872	49799872	-
ENSG00000180210	11	46719195	46729195	+
ENSG00000188910	1	34781213	34791213	+
ENSG00000177302	17	18305006	18315006	-
ENSG00000019991	7	81760437	81770437	-
ENSG00000103449	16	51141366	51151366	-
ENSG00000244005	20	35689354	35699354	-
ENSG00000118596	12	59596028	59606028	+
ENSG00000076641	8	81102067	81112067	-
ENSG00000272573	3	52825018	52835018	-
ENSG00000261210	16	19285730	19295730	+
ENSG00000281613	6	112236805	112246805	+
ENSG00000166025	11	94706430	94716430	+
ENSG00000130649	10	133520405	133530405	+
ENSG00000102970	16	57404766	57414766	+
ENSG00000235268	11	95025257	95035257	+
ENSG00000035928	4	39356374	39366374	-
ENSG00000166233	15	72474329	72484329	+
ENSG00000180233	7	30284596	30294596	+
ENSG00000138152	10	122271295	122281295	+
ENSG00000166634	18	63542368	63552368	+
ENSG00000125995	20	35699271	35709271	+
ENSG00000136206	7	43997896	44007896	+
ENSG00000171451	18	67506719	67516719	-
ENSG00000196739	9	114155536	114165536	+
ENSG00000170442	12	52249299	52259299	+
ENSG00000167216	18	46917491	46927491	+
ENSG00000131203	8	39902274	39912274	+
ENSG00000266200	10	116620952	116630952	+
ENSG00000033327	11	78408347	78418347	-
ENSG00000135443	12	52357480	52367480	-
ENSG00000196588	22	40626718	40636718	-
ENSG00000166246	16	4734343	4744343	+
ENSG00000172927	11	69294150	69304150	+
ENSG00000065154	10	124408975	124418975	-
ENSG00000161179	22	21620063	21630063	-
ENSG00000241685	7	99325897	99335897	+
ENSG00000135605	4	48259837	48269837	-
ENSG00000255855	11	95049421	95059421	+
ENSG00000161180	22	21632715	21642715	+
ENSG00000214414	11	89710298	89720298	+
ENSG00000170430	10	129467189	129477189	+
ENSG00000128228	22	21642301	21652301	+
ENSG00000141385	18	12367226	12377226	-
ENSG00000175832	17	43569619	43579619	-
ENSG00000196405	14	99971448	99981448	+
ENSG00000112159	6	89809793	89819793	-
ENSG00000234545	7	92580392	92590392	-
ENSG00000116138	1	15526812	15536812	+
ENSG00000101972	X	123960211	123970211	+
ENSG00000030304	9	110668778	110678778	+
ENSG00000076067	12	56521819	56531819	+
ENSG00000169902	7	66205316	66215316	+
ENSG00000156398	10	102714537	102724537	+
ENSG00000165496	14	46641780	46651780	-
ENSG00000203989	X	120067689	120077689	-
ENSG00000175718	X	115189409	115199409	+
ENSG00000084710	2	25042075	25052075	+
ENSG00000141391	18	12407895	12417895	+
ENSG00000157796	4	39182503	39192503	+
ENSG00000137494	11	83193711	83203711	+
ENSG00000136942	9	124851980	124861980	-
ENSG00000125170	16	57477326	57487326	-
ENSG00000277363	17	38595951	38605951	-
ENSG00000148215	9	122788932	122798932	+
ENSG00000268447	X	52751131	52761131	+
ENSG00000142765	1	27342019	27352019	+
ENSG00000137841	15	40297934	40307934	-
ENSG00000148735	10	113751261	113761261	+
ENSG00000147036	X	37571568	37581568	+
ENSG00000275520	X	72938162	72948162	+
ENSG00000283463	X	149929572	149939572	+
ENSG00000063587	X	153334146	153344146	+
ENSG00000141744	17	39667980	39677980	+
ENSG00000166004	11	93661681	93671681	+
ENSG00000113448	5	60512119	60522119	-
ENSG00000100023	22	21665999	21675999	+
ENSG00000002587	4	11419563	11429563	-
ENSG00000131966	14	58200079	58210079	+
ENSG00000060069	18	79679802	79689802	+
ENSG00000184384	11	96333194	96343194	-
ENSG00000066117	12	50085199	50095199	+
ENSG00000250312	4	124500	134500	+
ENSG00000274419	17	38003975	38013975	+
ENSG00000150316	11	94963585	94973585	-
ENSG00000178342	18	79863667	79873667	+
ENSG00000174130	4	38846816	38856816	-
ENSG00000148824	10	133394093	133404093	+
ENSG00000100027	22	21725793	21735793	-
ENSG00000196208	2	11482340	11492340	+
ENSG00000100744	14	96363451	96373451	+
ENSG00000161133	22	20367250	20377250	-
ENSG00000175215	12	57836728	57846728	-
ENSG00000225899	10	133616794	133626794	-
ENSG00000070669	7	97862541	97872541	-
ENSG00000162344	11	69694021	69704021	-
ENSG00000122490	18	79941656	79951656	-
ENSG00000095574	10	122998811	123008811	-
ENSG00000137809	15	68422162	68432162	-
ENSG00000110218	11	94128840	94138840	+
ENSG00000166272	10	102743947	102753947	+
ENSG00000242265	7	94656324	94666324	+
ENSG00000131242	17	31391674	31401674	+
ENSG00000185252	22	20394114	20404114	+
ENSG00000178295	2	17753857	17763857	+
ENSG00000035499	5	60690189	60700189	-
ENSG00000158161	1	28078636	28088636	-
ENSG00000205426	12	52281533	52291533	-
ENSG00000178301	11	77589390	77599390	+
ENSG00000186280	11	94973708	94983708	+
ENSG00000170967	11	104036639	104046639	+
ENSG00000107949	10	125823545	125833545	+
ENSG00000002834	17	38869858	38879858	+
ENSG00000163032	2	17539125	17549125	+
ENSG00000244486	22	20427825	20437825	-
ENSG00000142684	1	26169907	26179907	+
ENSG00000099910	22	20485843	20495843	-
ENSG00000185013	2	18579571	18589571	-
ENSG00000154277	4	41256412	41266412	+
ENSG00000060642	1	26787053	26797053	+
ENSG00000198604	14	34865646	34875646	-
ENSG00000134755	18	31092521	31102521	-
ENSG00000005700	6	82237753	82247753	-
ENSG00000121769	1	31366849	31376849	-
ENSG00000133433	22	23951194	23961194	-
ENSG00000049860	5	74640022	74650022	+
ENSG00000050405	12	50273545	50283545	-
ENSG00000099974	22	23966887	23976887	+
ENSG00000285762	22	23970468	23980468	-
ENSG00000206418	18	8609436	8619436	+
ENSG00000276950	22	23995452	24005452	-
ENSG00000068383	10	132537786	132547786	+
ENSG00000138050	2	39769266	39779266	-
ENSG00000074696	15	65530417	65540417	+
ENSG00000152380	5	80487968	80497968	+
ENSG00000157330	1	12746199	12756199	+
ENSG00000186222	4	6716173	6726173	+
ENSG00000162413	1	6604606	6614606	-
ENSG00000183324	15	73443163	73453163	+
ENSG00000115194	2	27265816	27275816	-
ENSG00000198865	5	42756817	42766817	+
ENSG00000182223	4	48490251	48500251	+
ENSG00000182022	10	124083597	124093597	-
ENSG00000149972	11	99020948	99030948	+
ENSG00000140859	16	57853052	57863052	-
ENSG00000196935	12	63844699	63854699	+
ENSG00000124608	6	44303346	44313346	-
ENSG00000066926	18	57576731	57586731	-
ENSG00000013392	6	83193356	83203356	+
ENSG00000142627	1	16146068	16156068	-
ENSG00000166896	12	57906038	57916038	+
ENSG00000167139	15	73873563	73883563	+
ENSG00000142632	1	16202651	16212651	-
ENSG00000077498	11	89177874	89187874	+
ENSG00000039123	5	55307988	55317988	+
ENSG00000162490	1	11691709	11701709	+
ENSG00000158292	1	6251097	6261097	-
ENSG00000007171	17	27790528	27800528	-
ENSG00000099991	22	24011191	24021191	+
ENSG00000102081	X	147911918	147921918	+
ENSG00000174695	5	83067862	83077862	-
ENSG00000118113	11	102717049	102727049	-
ENSG00000176749	17	32486992	32496992	+
ENSG00000187272	17	41237998	41247998	+
ENSG00000025796	6	107948207	107958207	-
ENSG00000178502	17	41855422	41865422	-
ENSG00000156642	15	73624133	73634133	-
ENSG00000183762	22	29073034	29083034	+
ENSG00000212658	17	41292850	41302850	-
ENSG00000046604	18	31498176	31508176	+
ENSG00000115761	2	10679986	10689986	-
ENSG00000256463	18	78979817	78989817	+
ENSG00000183918	X	124227867	124237867	+
ENSG00000172497	5	81384178	81394178	-
ENSG00000186453	2	24175052	24185052	+
ENSG00000142733	1	27356960	27366960	-
ENSG00000091129	7	108446716	108456716	-
ENSG00000145681	5	83710854	83720854	-
ENSG00000115129	2	24075860	24085860	-
ENSG00000109184	4	51842999	51852999	+
ENSG00000080546	6	109084818	109094818	-
ENSG00000134508	18	23134563	23144563	+
ENSG00000198363	8	61704639	61714639	-
ENSG00000236396	18	11609595	11619595	+
ENSG00000189337	1	13892791	13902791	+
ENSG00000102054	X	16860361	16870361	-
ENSG00000077616	11	90131514	90141514	+
ENSG00000186998	22	29205895	29215895	+
ENSG00000270601	1	13254211	13264211	+
ENSG00000135249	7	105532168	105542168	+
ENSG00000101945	X	48695553	48705553	+
ENSG00000173567	2	26336816	26346816	-
ENSG00000147117	X	47370577	47380577	+
ENSG00000137691	11	102047436	102057436	+
ENSG00000131051	20	35732311	35742311	-
ENSG00000284684	4	6060161	6070161	-
ENSG00000118276	18	31675835	31685835	-
ENSG00000206181	18	47025620	47035620	-
ENSG00000077235	16	27539912	27549912	-
ENSG00000205307	7	100563899	100573899	-
ENSG00000100263	22	29258208	29268208	-
ENSG00000136861	9	120570169	120580169	-
ENSG00000123901	11	94391418	94401418	-
ENSG00000028137	1	12166990	12176990	+
ENSG00000179270	2	29064522	29074522	-
ENSG00000137675	11	102695768	102705768	-
ENSG00000091536	17	18108705	18118705	+
ENSG00000183206	18	14533599	14543599	-
ENSG00000182359	11	106067458	106077458	-
ENSG00000162460	1	15742498	15752498	+
ENSG00000058272	12	79925459	79935459	-
ENSG00000007545	16	1612336	1622336	+
ENSG00000185619	4	705747	715747	+
ENSG00000038427	5	83471617	83481617	+
ENSG00000178802	15	74890004	74900004	+
ENSG00000138085	2	27212026	27222026	+
ENSG00000165895	11	100687287	100697287	+
ENSG00000138061	2	38099901	38109901	-
ENSG00000168876	11	94493978	94503978	+
ENSG00000152154	2	39664981	39674981	+
ENSG00000169925	9	134058534	134068534	-
ENSG00000006007	16	19512122	19522122	-
ENSG00000145220	4	4280153	4290153	-
ENSG00000255009	11	90085949	90095949	+
ENSG00000196990	9	133599388	133609388	-
ENSG00000169018	15	68277744	68287744	+
ENSG00000163288	4	46993722	47003722	+
ENSG00000250254	4	37960397	37970397	+
ENSG00000090565	16	425648	435648	+
ENSG00000241697	9	100473148	100483148	+
ENSG00000265681	18	49482507	49492507	-
ENSG00000141068	17	27456469	27466469	+
ENSG00000154678	7	32418130	32428130	-
ENSG00000023445	11	102317449	102327449	+
ENSG00000118961	2	20813129	20823129	-
ENSG00000106771	9	109109946	109119946	-
ENSG00000083720	5	41860424	41870424	-
ENSG00000179222	X	51803006	51813006	+
ENSG00000142687	1	35547949	35557949	-
ENSG00000101665	18	48940964	48950964	-
ENSG00000149289	11	110093391	110103391	+
ENSG00000139626	12	53197281	53207281	-
ENSG00000136826	9	107480481	107490481	-
ENSG00000169189	16	27258771	27268771	-
ENSG00000132031	2	20002667	20012667	-
ENSG00000130021	X	7138157	7148157	-
ENSG00000130054	X	69504325	69514325	+
ENSG00000136827	9	129814243	129824243	-
ENSG00000276070	17	36210923	36220923	+
ENSG00000137573	8	69466623	69476623	+
ENSG00000141429	18	35581116	35591116	+
ENSG00000102962	16	57358782	57368782	+
ENSG00000167157	9	129665646	129675646	+
ENSG00000256812	16	55566683	55576683	+
ENSG00000139291	12	71686081	71696081	+
ENSG00000135070	9	86273101	86283101	-
ENSG00000118960	2	20641129	20651129	-
ENSG00000215421	18	74597869	74607869	+
ENSG00000167914	17	39953262	39963262	+
ENSG00000161249	19	35503657	35513657	-
ENSG00000263874	17	38925167	38935167	+
ENSG00000180386	17	41275658	41285658	+
ENSG00000047644	X	10015253	10025253	+
ENSG00000184194	X	53048788	53058788	+
ENSG00000113387	5	32531632	32541632	+
ENSG00000018610	X	119555408	119565408	-
ENSG00000130939	1	10032831	10042831	+
ENSG00000268629	X	105210693	105220693	-
ENSG00000235961	X	153072453	153082453	+
ENSG00000161638	12	54409265	54419265	-
ENSG00000145244	4	47828105	47838105	-
ENSG00000102898	16	67846922	67856922	+
ENSG00000182944	22	29268008	29278008	+
ENSG00000165084	8	68330954	68340954	+
ENSG00000161040	7	103064842	103074842	-
ENSG00000172057	17	39917600	39927600	-
ENSG00000152611	5	35928778	35938778	-
ENSG00000127472	1	20028178	20038178	+
ENSG00000106799	9	99104037	99114037	+
ENSG00000124074	16	67657264	67667264	-
ENSG00000178919	9	97853225	97863225	+
ENSG00000205221	2	36696689	36706689	+
ENSG00000111058	12	80936413	80946413	+
ENSG00000126777	14	55559071	55569071	+
ENSG00000004799	7	95586515	95596515	-
ENSG00000198597	19	30228289	30238289	+
ENSG00000141696	17	41802603	41812603	-
ENSG00000170465	12	52463804	52473804	-
ENSG00000064547	19	19618929	19628929	-
ENSG00000160563	9	132069866	132079866	-
ENSG00000119778	2	23917122	23927122	-
ENSG00000113597	5	65625003	65635003	+
ENSG00000185640	12	52824310	52834310	-
ENSG00000136950	9	124862129	124872129	+
ENSG00000185340	22	29306581	29316581	+
ENSG00000135720	16	66741608	66751608	-
ENSG00000197863	19	36840786	36850786	-
ENSG00000100276	22	29309678	29319678	-
ENSG00000205356	7	98242231	98252231	-
ENSG00000168036	3	41194740	41204740	+
ENSG00000128250	22	29438582	29448582	+
ENSG00000100285	22	29480217	29490217	+
ENSG00000121892	4	39967955	39977955	-
ENSG00000168286	16	67842319	67852319	+
ENSG00000147872	9	19139289	19149289	-
ENSG00000143994	2	27123788	27133788	+
ENSG00000142279	19	34481757	34491757	+
ENSG00000249861	19	39655912	39665912	+
ENSG00000177683	7	108559749	108569749	-
ENSG00000153044	5	69189573	69199573	+
ENSG00000113088	5	55024255	55034255	+
ENSG00000187994	19	38868274	38878274	-
ENSG00000188153	X	108439837	108449837	+
ENSG00000136930	9	124405443	124415443	-
ENSG00000068784	2	45602164	45612164	-
ENSG00000135185	7	87210586	87220586	-
ENSG00000214078	20	35654955	35664955	-
ENSG00000148411	9	136085288	136095288	-
ENSG00000101916	X	12906619	12916619	+
ENSG00000174839	3	57683076	57693076	-
ENSG00000138162	10	121989162	121999162	+
ENSG00000253729	8	47950177	47960177	-
ENSG00000186416	X	119596442	119606442	-
ENSG00000113273	5	78976086	78986086	-
ENSG00000076650	19	33080898	33090898	+
ENSG00000134594	X	130171961	130181961	+
ENSG00000159753	16	67644987	67654987	+
ENSG00000140464	15	73994672	74004672	+
ENSG00000018699	2	32628031	32638031	+
ENSG00000164879	8	85373435	85383435	+
ENSG00000106355	7	32485282	32495282	-
ENSG00000142539	19	50415798	50425798	+
ENSG00000186350	9	134317097	134327097	+
ENSG00000060656	1	29236515	29246515	+
ENSG00000170323	8	81473235	81483235	-
ENSG00000130881	19	33177602	33187602	+
ENSG00000056277	X	130258898	130268898	-
ENSG00000196357	19	36236256	36246256	-
ENSG00000162949	2	30810541	30820541	-
ENSG00000103460	16	52537801	52547801	-
ENSG00000131473	17	41920541	41930541	-
ENSG00000148702	10	113550836	113560836	+
ENSG00000106367	7	101154455	101164455	+
ENSG00000186795	10	117197488	117207488	+
ENSG00000163867	1	35021944	35031944	-
ENSG00000229544	10	124440034	124450034	-
ENSG00000086991	11	89488186	89498186	-
ENSG00000161558	19	48354058	48364058	-
ENSG00000134852	4	55536908	55546908	-
ENSG00000213398	16	67934130	67944130	-
ENSG00000189280	1	34755046	34765046	+
ENSG00000107902	10	124461822	124471822	+
ENSG00000100296	22	29545215	29555215	-
ENSG00000158669	8	41577186	41587186	+
ENSG00000065609	6	83699690	83709690	-
ENSG00000078304	14	101761797	101771797	+
ENSG00000167081	9	125747344	125757344	+
ENSG00000157445	3	54122546	54132546	+
ENSG00000173156	11	67056846	67066846	+
ENSG00000215372	8	7375557	7385557	-
ENSG00000123219	5	65553167	65563167	-
ENSG00000134698	1	35808015	35818015	+
ENSG00000106397	7	101208419	101218419	-
ENSG00000269404	19	50418937	50428937	+
ENSG00000164684	8	80864780	80874780	-
ENSG00000161800	12	50023135	50033135	-
ENSG00000089876	10	125886435	125896435	-
ENSG00000261594	11	75240773	75250773	+
ENSG00000260287	17	36323883	36333883	+
ENSG00000179331	11	107928447	107938447	+
ENSG00000284057	11	93741663	93751663	+
ENSG00000240542	17	41189886	41199886	+
ENSG00000165661	9	136235811	136245811	-
ENSG00000134690	1	37692480	37702480	+
ENSG00000110777	11	111445629	111455629	-
ENSG00000132881	1	16227182	16237182	-
ENSG00000038358	16	67873051	67883051	+
ENSG00000273274	1	32465071	32475071	+
ENSG00000184117	22	29571326	29581326	-
ENSG00000171914	15	62390525	62400525	+
ENSG00000140025	14	89944776	89954776	-
ENSG00000164749	8	75407913	75417913	+
ENSG00000131746	17	40491622	40501622	-
ENSG00000196422	9	135479078	135489078	+
ENSG00000133401	5	31639130	31649130	+
ENSG00000104331	8	56983866	56993866	-
ENSG00000171346	17	41512528	41522528	-
ENSG00000116251	1	6199388	6209388	-
ENSG00000086967	19	50432891	50442891	+
ENSG00000188994	6	87152832	87162832	+
ENSG00000171345	17	41518307	41528307	-
ENSG00000167779	12	53097435	53107435	+
ENSG00000083807	19	58502412	58512412	-
ENSG00000158286	1	6205474	6215474	+
ENSG00000166033	10	122458550	122468550	+
ENSG00000203772	10	133414571	133424571	-
ENSG00000167178	15	74100310	74110310	+
ENSG00000172867	12	52642210	52652210	-
ENSG00000006659	19	39704480	39714480	+
ENSG00000272398	6	106965626	106975626	-
ENSG00000172301	17	31849290	31859290	-
ENSG00000176731	8	85210420	85220420	-
ENSG00000087008	4	8430722	8440722	-
ENSG00000148773	10	128116422	128126422	-
ENSG00000196911	6	116681186	116691186	+
ENSG00000009709	1	18630845	18640845	+
ENSG00000186566	17	44493429	44503429	-
ENSG00000165650	10	117365439	117375439	-
ENSG00000042429	11	93784226	93794226	+
ENSG00000203795	10	122910609	122920609	+
ENSG00000164823	8	89901848	89911848	+
ENSG00000273777	19	44519787	44529787	-
ENSG00000175018	10	125673162	125683162	-
ENSG00000183560	11	94305591	94315591	+
ENSG00000134480	5	87402929	87412929	-
ENSG00000138172	10	103442401	103452401	-
ENSG00000101333	20	9068762	9078762	+
ENSG00000103599	15	67254785	67264785	+
ENSG00000119487	9	125697233	125707233	-
ENSG00000181333	11	94021353	94031353	+
ENSG00000141076	16	69131290	69141290	+
ENSG00000204007	9	135629539	135639539	-
ENSG00000149218	11	95089845	95099845	+
ENSG00000145241	4	67535502	67545502	-
ENSG00000203791	10	124781886	124791886	-
ENSG00000111602	12	56439425	56449425	-
ENSG00000214376	11	93840617	93850617	-
ENSG00000135535	6	109372466	109382466	-
ENSG00000085265	9	134907911	134917911	-
ENSG00000177425	12	79680963	79690963	-
ENSG00000049323	2	32946952	32956952	+
ENSG00000180209	16	30370933	30380933	+
ENSG00000180304	15	64693280	64703280	-
ENSG00000111110	12	62925149	62935149	-
ENSG00000185052	20	19212641	19222641	+
ENSG00000214711	2	31223857	31233857	-
ENSG00000111850	6	87322582	87332582	+
ENSG00000105186	19	32666596	32676596	-
ENSG00000204103	20	40679235	40689235	-
ENSG00000095383	9	98245648	98255648	-
ENSG00000163618	3	62865415	62875415	-
ENSG00000237440	19	20555808	20565808	-
ENSG00000077147	10	96577451	96587451	-
ENSG00000132846	5	77077284	77087284	-
ENSG00000136940	9	122818587	122828587	-
ENSG00000186081	12	52510529	52520529	-
ENSG00000187616	9	133518611	133528611	-
ENSG00000156709	X	130155878	130165878	-
ENSG00000109133	4	41935128	41945128	+
ENSG00000239961	19	54329161	54339161	-
ENSG00000132793	20	41340820	41350820	+
ENSG00000163376	3	66998306	67008306	+
ENSG00000111860	6	118700074	118710074	-
ENSG00000119471	9	112380079	112390079	+
ENSG00000213639	2	28751639	28761639	+
ENSG00000171659	X	41688972	41698972	+
ENSG00000183798	20	41356817	41366817	-
ENSG00000171657	X	41724180	41734180	+
ENSG00000137486	11	75341704	75351704	-
ENSG00000140750	16	25005665	25015665	-
ENSG00000131174	X	77899439	77909439	+
ENSG00000166938	15	66293216	66303216	+
ENSG00000205678	4	64399467	64409467	-
ENSG00000135472	12	49894216	49904216	-
ENSG00000257057	11	94512460	94522460	+
ENSG00000167614	19	54415218	54425218	+
ENSG00000112796	6	46160979	46170979	-
ENSG00000165584	X	48346706	48356706	-
ENSG00000124177	20	41608383	41618383	-
ENSG00000043514	1	39873510	39883510	-
ENSG00000244067	6	52753474	52763474	-
ENSG00000135218	7	80369574	80379574	+
ENSG00000168930	11	89798574	89808574	-
ENSG00000124107	20	45244563	45254563	-
ENSG00000268009	X	48383515	48393515	+
ENSG00000187720	15	71096951	71106951	+
ENSG00000162510	1	30713584	30723584	-
ENSG00000152670	5	55738016	55748016	+
ENSG00000087253	16	55509071	55519071	+
ENSG00000179002	1	18849681	18859681	-
ENSG00000144744	3	69070407	69080407	-
ENSG00000188984	1	12716109	12726109	+
ENSG00000142530	19	50466847	50476847	-
ENSG00000248919	7	99456196	99466196	-
ENSG00000158008	1	26019883	26029883	+
ENSG00000105205	19	39728028	39738028	-
ENSG00000150527	14	39230230	39240230	+
ENSG00000014138	11	65261919	65271919	+
ENSG00000160862	7	99966041	99976041	-
ENSG00000216588	19	44613562	44623562	+
ENSG00000124159	20	45298528	45308528	-
ENSG00000130449	5	61332257	61342257	+
ENSG00000173769	3	44241885	44251885	+
ENSG00000267041	19	36762824	36772824	-
ENSG00000168928	16	75197160	75207160	-
ENSG00000017483	X	48460259	48470259	-
ENSG00000040341	8	73737707	73747707	-
ENSG00000130940	1	10786649	10796649	-
ENSG00000112077	6	49626838	49636838	-
ENSG00000249961	16	66791619	66801619	-
ENSG00000174444	15	66514531	66524531	-
ENSG00000116771	1	15575050	15585050	-
ENSG00000100599	14	92513780	92523780	+
ENSG00000152034	6	99984246	99994246	-
ENSG00000123892	11	88165442	88175442	-
ENSG00000068438	X	48476020	48486020	+
ENSG00000008838	17	40051214	40061214	-
ENSG00000145216	4	53377640	53387640	+
ENSG00000121440	3	73614940	73624940	-
ENSG00000103089	16	74764830	74774830	-
ENSG00000069482	11	68683778	68693778	+
ENSG00000041982	9	115108256	115118256	-
ENSG00000127995	7	94509218	94519218	+
ENSG00000159792	16	67893253	67903253	+
ENSG00000137673	11	102520749	102530749	-
ENSG00000147155	X	48521798	48531798	+
ENSG00000080819	3	98583647	98593647	-
ENSG00000286268	X	48521805	48531805	+
ENSG00000100522	14	52781667	52791667	-
ENSG00000162585	1	2202719	2212719	-
ENSG00000250317	4	25861829	25871829	+
ENSG00000178741	15	74928082	74938082	-
ENSG00000102048	X	15260466	15270466	-
ENSG00000103044	16	69105652	69115652	+
ENSG00000110660	11	107918292	107928292	-
ENSG00000263201	16	68005910	68015910	-
ENSG00000163879	1	37556918	37566918	+
ENSG00000168309	3	58617609	58627609	-
ENSG00000127129	1	41474682	41484682	-
ENSG00000141644	18	50271773	50281773	-
ENSG00000095002	2	47403066	47413066	+
ENSG00000143869	2	20667143	20677143	+
ENSG00000137674	11	102615331	102625331	-
ENSG00000068903	19	38889861	38899861	-
ENSG00000015133	14	91407843	91417843	-
ENSG00000131471	17	42851183	42861183	+
ENSG00000169410	15	75569314	75579314	-
ENSG00000139644	12	49707724	49717724	+
ENSG00000165192	X	15305639	15315639	-
ENSG00000227124	3	75775582	75785582	-
ENSG00000176994	17	18315292	18325292	+
ENSG00000172137	16	71358712	71368712	+
ENSG00000186575	22	29603555	29613555	+
ENSG00000135341	6	90577071	90587071	-
ENSG00000188522	17	18994763	19004763	-
ENSG00000197261	6	49550645	49560645	+
ENSG00000164171	5	52989339	52999339	+
ENSG00000054967	11	73376398	73386398	+
ENSG00000119574	19	58528910	58538910	-
ENSG00000165195	X	15325553	15335553	-
ENSG00000135338	6	79527457	79537457	-
ENSG00000100314	22	29720002	29730002	+
ENSG00000158125	2	31404741	31414741	-
ENSG00000255501	11	105521696	105531696	-
ENSG00000100319	22	29757010	29767010	-
ENSG00000167261	16	67990585	68000585	-
ENSG00000184076	22	29767368	29777368	+
ENSG00000140481	15	74202704	74212704	+
ENSG00000165197	X	15374412	15384412	-
ENSG00000118162	19	47474264	47484264	-
ENSG00000171307	10	97446169	97456169	+
ENSG00000239282	22	30279621	30289621	-
ENSG00000110934	12	51314667	51324667	-
ENSG00000005483	7	105014189	105024189	+
ENSG00000119760	2	27653839	27663839	-
ENSG00000141096	16	67970548	67980548	-
ENSG00000010803	1	41232153	41242153	-
ENSG00000129562	14	22579223	22589223	-
ENSG00000183605	10	119155713	119165713	-
ENSG00000100439	14	22598236	22608236	+
ENSG00000204920	19	43967861	43977861	+
ENSG00000152409	5	79236130	79246130	+
ENSG00000064225	3	98732235	98742235	+
ENSG00000177994	2	54330033	54340033	+
ENSG00000147606	8	91209493	91219493	+
ENSG00000248751	22	30289481	30299481	-
ENSG00000169991	1	18946675	18956675	-
ENSG00000166575	11	87037843	87047843	+
ENSG00000096384	6	44246165	44256165	+
ENSG00000173114	7	111091005	111101005	+
ENSG00000154485	10	125765820	125775820	-
ENSG00000116954	1	38849771	38859771	-
ENSG00000163793	2	27275432	27285432	+
ENSG00000127920	7	93921734	93931734	+
ENSG00000073464	X	10156974	10166974	+
ENSG00000127325	12	69689475	69699475	-
ENSG00000232593	X	53094144	53104144	+
ENSG00000104432	8	78795522	78805522	-
ENSG00000175470	10	131901007	131911007	+
ENSG00000173214	6	111259326	111269326	+
ENSG00000141698	17	41826259	41836259	-
ENSG00000155463	14	22766521	22776521	+
ENSG00000165494	11	83156987	83166987	+
ENSG00000152359	5	75707447	75717447	-
ENSG00000104140	15	40864233	40874233	-
ENSG00000171132	2	45651344	45661344	+
ENSG00000187189	6	116244074	116254074	-
ENSG00000117013	1	40783786	40793786	+
ENSG00000187871	6	55327468	55337468	+
ENSG00000130726	19	58544063	58554063	+
ENSG00000099992	22	30316946	30326946	-
ENSG00000278535	17	36591878	36601878	+
ENSG00000197324	14	22871739	22881739	+
ENSG00000075223	7	80912358	80922358	-
ENSG00000168621	5	37830040	37840040	-
ENSG00000139890	14	22883221	22893221	+
ENSG00000137269	6	53794496	53804496	+
ENSG00000131482	17	42900796	42910796	+
ENSG00000138161	10	122836174	122846174	-
ENSG00000163873	1	37024514	37034514	-
ENSG00000104825	19	38899699	38909699	+
ENSG00000117215	1	20109565	20119565	-
ENSG00000008196	6	50818722	50828722	+
ENSG00000108828	17	43015122	43025122	-
ENSG00000196449	1	37798207	37808207	-
ENSG00000137672	11	101862561	101872561	-
ENSG00000188916	10	127186590	127196590	-
ENSG00000237700	1	13303538	13313538	+
ENSG00000106245	7	99408640	99418640	+
ENSG00000253368	1	26993691	27003691	+
ENSG00000179709	19	55947831	55957831	+
ENSG00000179862	1	40852362	40862362	-
ENSG00000180745	10	127882940	127892940	-
ENSG00000164683	8	79757856	79767856	-
ENSG00000163378	3	69003683	69013683	-
ENSG00000164252	5	77029250	77039250	+
ENSG00000138039	2	48745729	48755729	-
ENSG00000137707	11	111502353	111512353	-
ENSG00000128918	15	58487865	58497865	-
ENSG00000099995	22	30346918	30356918	-
ENSG00000146802	7	112780422	112790422	-
ENSG00000167637	19	43827320	43837320	+
ENSG00000173221	5	95812725	95822725	-
ENSG00000116661	1	11645784	11655784	-
ENSG00000138018	2	26308546	26318546	+
ENSG00000138835	9	113444730	113454730	+
ENSG00000099999	22	30411770	30421770	-
ENSG00000171487	19	55999725	56009725	+
ENSG00000162461	1	15736257	15746257	+
ENSG00000044012	1	42153409	42163409	+
ENSG00000082293	6	69866555	69876555	+
ENSG00000168079	8	27982672	27992672	-
ENSG00000180881	12	75380927	75390927	-
ENSG00000135269	7	116210505	116220505	+
ENSG00000007129	19	41549517	41559517	+
ENSG00000120008	10	120851304	120861304	+
ENSG00000169071	9	91940227	91950227	-
ENSG00000170854	3	97962456	97972456	-
ENSG00000104497	8	81832865	81842865	-
ENSG00000126243	19	35935357	35945357	+
ENSG00000128564	7	101155568	101165568	-
ENSG00000179051	1	17429676	17439676	-
ENSG00000164300	5	80246047	80256047	-
ENSG00000137693	11	102110446	102120446	+
ENSG00000102908	16	69565093	69575093	+
ENSG00000126012	X	53215421	53225421	-
ENSG00000073008	19	44643797	44653797	+
ENSG00000181104	5	76716125	76726125	+
ENSG00000111912	6	125781160	125791160	+
ENSG00000127191	9	136881911	136891911	+
ENSG00000177508	16	54276786	54286786	-
ENSG00000176928	5	75042557	75052557	-
ENSG00000053372	1	19251804	19261804	+
ENSG00000176222	19	43891384	43901384	-
ENSG00000137124	9	38392701	38402701	+
ENSG00000131748	17	39637089	39647089	+
ENSG00000130349	6	107028198	107038198	+
ENSG00000158423	X	53422689	53432689	+
ENSG00000139629	12	51382866	51392866	-
ENSG00000182111	7	57450176	57460176	+
ENSG00000134595	X	140495068	140505068	-
ENSG00000178150	19	48270080	48280080	+
ENSG00000262179	6	44216925	44226925	+
ENSG00000104327	8	90085474	90095474	-
ENSG00000146250	6	83512533	83522533	+
ENSG00000173442	11	65576045	65586045	+
ENSG00000126067	1	35631525	35641525	-
ENSG00000163938	3	52681155	52691155	+
ENSG00000130829	X	153642491	153652491	+
ENSG00000269547	19	38939854	38949854	-
ENSG00000086289	7	37683842	37693842	+
ENSG00000165113	9	83819515	83829515	-
ENSG00000274944	1	38871616	38881616	-
ENSG00000146352	6	122996234	123006234	+
ENSG00000100003	22	30396940	30406940	+
ENSG00000282218	6	117563570	117573570	-
ENSG00000165672	10	119168811	119178811	-
ENSG00000075388	11	69765340	69775340	-
ENSG00000105352	19	41617073	41627073	-
ENSG00000160345	9	135491733	135501733	-
ENSG00000141101	16	69744925	69754925	-
ENSG00000249590	22	30409254	30419254	+
ENSG00000146232	6	44255787	44265787	-
ENSG00000133639	12	92135845	92145845	-
ENSG00000100461	14	22909181	22919181	-
ENSG00000269028	3	96608235	96618235	-
ENSG00000105176	19	29923643	29933643	+
ENSG00000242114	22	30425622	30435622	+
ENSG00000186439	6	123627092	123637092	-
ENSG00000136935	9	124938491	124948491	-
ENSG00000011566	2	39427300	39437300	-
ENSG00000266202	17	27883364	27893364	-
ENSG00000171311	10	97436016	97446016	-
ENSG00000137142	9	38414453	38424453	-
ENSG00000111605	12	69239568	69249568	+
ENSG00000118557	16	72166877	72176877	-
ENSG00000005102	17	43651921	43661921	-
ENSG00000135241	7	108559665	108569665	-
ENSG00000044524	3	89107620	89117620	+
ENSG00000133731	8	81676330	81686330	-
ENSG00000186442	12	52786116	52796116	-
ENSG00000100012	22	30462016	30472016	-
ENSG00000112305	6	70667775	70677775	+
ENSG00000164190	5	36876768	36886768	+
ENSG00000138028	2	27109127	27119127	-
ENSG00000161849	12	52375651	52385651	-
ENSG00000130822	X	153679009	153689009	-
ENSG00000081148	3	101310574	101320574	-
ENSG00000118402	6	79937552	79947552	-
ENSG00000105204	19	39824200	39834200	-
ENSG00000228474	2	27061653	27071653	-
ENSG00000173120	11	67119262	67129262	+
ENSG00000067141	15	73051709	73061709	+
ENSG00000169129	10	114394755	114404755	-
ENSG00000170162	6	117265557	117275557	+
ENSG00000123268	12	50763709	50773709	+
ENSG00000123119	8	90791740	90801740	+
ENSG00000075426	2	28392447	28402447	+
ENSG00000187239	9	130033193	130043193	-
ENSG00000205186	8	81451578	81461578	-
ENSG00000124444	19	43596391	43606391	+
ENSG00000133488	22	30495710	30505710	-
ENSG00000159882	19	44002956	44012956	+
ENSG00000140382	15	77420411	77430411	+
ENSG00000105854	7	95425328	95435328	-
ENSG00000131730	5	81233319	81243319	+
ENSG00000007306	19	41696975	41706975	-
ENSG00000214491	22	30536681	30546681	-
ENSG00000067596	17	43483864	43493864	+
ENSG00000144747	3	69042338	69052338	-
ENSG00000105374	19	51362700	51372700	-
ENSG00000226763	19	43596616	43606616	+
ENSG00000138279	10	73404075	73414075	-
ENSG00000124459	19	43925281	43935281	-
ENSG00000134056	5	69217759	69227759	+
ENSG00000182950	15	75724040	75734040	+
ENSG00000188613	10	119029713	119039713	+
ENSG00000186523	8	12184132	12194132	-
ENSG00000131116	19	43609628	43619628	-
ENSG00000138030	2	27086746	27096746	+
ENSG00000130559	9	135897545	135907545	-
ENSG00000185825	X	153714564	153724564	-
ENSG00000067715	12	78863992	78873992	+
ENSG00000152404	11	107447843	107457843	-
ENSG00000001084	6	53606969	53616969	-
ENSG00000183185	3	98025303	98035303	-
ENSG00000203780	10	125896563	125906563	+
ENSG00000173805	17	41724643	41734643	-
ENSG00000197943	16	81739096	81749096	+
ENSG00000101986	X	153724855	153734855	+
ENSG00000186567	19	44662277	44672277	+
ENSG00000165272	9	33437595	33447595	-
ENSG00000138080	2	27078614	27088614	+
ENSG00000197753	6	35797205	35807205	+
ENSG00000133640	12	85036313	85046313	+
ENSG00000128242	22	30564664	30574664	-
ENSG00000196177	10	123008978	123018978	+
ENSG00000145623	5	38845857	38855857	+
ENSG00000253251	5	65625026	65635026	+
ENSG00000164949	8	94252349	94262349	-
ENSG00000171724	16	77788563	77798563	+
ENSG00000130724	19	58545104	58555104	-
ENSG00000214954	8	91101831	91111831	+
ENSG00000203867	10	110644335	110654335	+
ENSG00000159885	19	44025341	44035341	+
ENSG00000198753	X	153764195	153774195	+
ENSG00000003756	3	50088918	50098918	+
ENSG00000137731	11	117818697	117828697	-
ENSG00000125686	17	39441271	39451271	-
ENSG00000152348	5	81972022	81982022	+
ENSG00000102977	16	67650814	67660814	-
ENSG00000205189	8	80485618	80495618	+
ENSG00000066136	1	40691647	40701647	+
ENSG00000105388	19	41708584	41718584	+
ENSG00000141753	17	40443449	40453449	+
ENSG00000108700	17	34319434	34329434	+
ENSG00000178573	16	79590736	79600736	-
ENSG00000156103	8	88318024	88328024	-
ENSG00000103047	16	68843530	68853530	+
ENSG00000131941	19	33054887	33064887	-
ENSG00000253250	8	90975237	90985237	-
ENSG00000100462	14	22919407	22929407	-
ENSG00000138629	15	74451181	74461181	-
ENSG00000147613	8	86078620	86088620	-
ENSG00000196436	16	74377877	74387877	+
ENSG00000196098	3	98353853	98363853	+
ENSG00000171401	17	41495704	41505704	-
ENSG00000147596	8	70061692	70071692	-
ENSG00000269858	19	40798995	40808995	+
ENSG00000132906	1	15516533	15526533	-
ENSG00000184343	X	153776411	153786411	+
ENSG00000100029	22	30597082	30607082	-
ENSG00000274226	17	36378422	36388422	-
ENSG00000155100	8	91070195	91080195	+
ENSG00000084774	2	27217368	27227368	+
ENSG00000124155	20	45416083	45426083	+
ENSG00000105767	19	43629849	43639849	-
ENSG00000178105	11	108665068	108675068	+
ENSG00000197312	1	15617457	15627457	+
ENSG00000140350	15	68810896	68820896	-
ENSG00000267881	19	41708656	41718656	+
ENSG00000164687	8	81280535	81290535	+
ENSG00000113319	5	80960362	80970362	+
ENSG00000171126	2	42483981	42493981	-
ENSG00000189253	11	89866016	89876016	-
ENSG00000173660	1	46303697	46313697	+
ENSG00000108861	17	43768976	43778976	-
ENSG00000170290	11	107709692	107719692	-
ENSG00000140505	15	74748844	74758844	+
ENSG00000170903	11	106012402	106022402	-
ENSG00000259132	14	22972257	22982257	-
ENSG00000154589	8	73991391	74001391	+
ENSG00000182271	17	30324058	30334058	-
ENSG00000197860	5	65713034	65723034	-
ENSG00000130635	9	134641802	134651802	+
ENSG00000115808	2	36956535	36966535	-
ENSG00000101443	20	45469752	45479752	+
ENSG00000105738	19	37907207	37917207	+
ENSG00000113384	5	32164318	32174318	-
ENSG00000129474	14	22972550	22982550	-
ENSG00000036054	3	100260991	100270991	+
ENSG00000101446	20	45505621	45515621	-
ENSG00000110723	11	108583767	108593767	-
ENSG00000243543	20	45529481	45539481	-
ENSG00000108039	10	109913552	109923552	-
ENSG00000145592	5	40825221	40835221	-
ENSG00000140284	15	50182195	50192195	+
ENSG00000249139	20	45537661	45547661	-
ENSG00000115163	2	26764288	26774288	+
ENSG00000067829	X	153784522	153794522	-
ENSG00000196358	9	132161675	132171675	+
ENSG00000154174	3	100391088	100401088	-
ENSG00000152910	16	76277277	76287277	+
ENSG00000153233	12	70910737	70920737	-
ENSG00000189127	5	80560279	80570279	-
ENSG00000009413	6	111473714	111483714	-
ENSG00000179833	2	64741004	64751004	-
ENSG00000140478	15	75282834	75292834	+
ENSG00000101448	20	45537751	45547751	-
ENSG00000169067	5	57472810	57482810	-
ENSG00000185339	22	30607002	30617002	+
ENSG00000092847	1	35869807	35879807	+
ENSG00000170962	11	104154378	104164378	-
ENSG00000164951	8	93857806	93867806	+
ENSG00000186766	10	127737184	127747184	+
ENSG00000112874	5	103552789	103562789	-
ENSG00000204510	1	12916609	12926609	+
ENSG00000152661	6	121435594	121445594	+
ENSG00000105202	19	39836378	39846378	-
ENSG00000126581	17	42823349	42833349	-
ENSG00000123454	9	133636362	133646362	+
ENSG00000170454	12	52424370	52434370	-
ENSG00000099958	22	23829127	23839127	-
ENSG00000167941	17	43748790	43758790	-
ENSG00000079950	6	132503197	132513197	-
ENSG00000124116	20	45781931	45791931	-
ENSG00000180879	X	153793515	153803515	+
ENSG00000166266	11	108008897	108018897	+
ENSG00000131398	19	50323514	50333514	-
ENSG00000100802	14	23000165	23010165	-
ENSG00000163798	2	27663470	27673470	+
ENSG00000108379	17	46823153	46833153	-
ENSG00000151746	12	32106834	32116834	+
ENSG00000136381	15	78437430	78447430	+
ENSG00000054118	1	36224431	36234431	+
ENSG00000122133	9	135561755	135571755	+
ENSG00000104321	8	72065583	72075583	-
ENSG00000103196	16	84819984	84829984	+
ENSG00000173786	17	41966762	41976762	+
ENSG00000165646	10	117241092	117251092	+
ENSG00000146410	6	136240334	136250334	-
ENSG00000189227	15	67521130	67531130	+
ENSG00000148826	10	132776146	132786146	-
ENSG00000177181	1	42380791	42390791	+
ENSG00000001561	6	46129988	46139988	+
ENSG00000165660	10	124801818	124811818	+
ENSG00000153989	6	117675468	117685468	+
ENSG00000276747	1	17372195	17382195	+
ENSG00000138621	15	75023585	75033585	+
ENSG00000198963	9	74497334	74507334	+
ENSG00000100804	14	23025229	23035229	-
ENSG00000101457	20	45791953	45801953	+
ENSG00000129009	15	74173709	74183709	+
ENSG00000222028	14	23042211	23052211	+
ENSG00000153071	5	39452299	39462299	-
ENSG00000179933	14	23095504	23105504	+
ENSG00000159339	1	17308194	17318194	+
ENSG00000283654	14	23094988	23104988	-
ENSG00000122140	9	135499983	135509983	+
ENSG00000138622	15	73358957	73368957	-
ENSG00000162373	1	48766968	48776968	-
ENSG00000115380	2	55914138	55924138	-
ENSG00000168010	11	72814405	72824405	+
ENSG00000187164	10	117116585	117126585	-
ENSG00000197982	1	37806978	37816978	+
ENSG00000172819	12	53222979	53232979	-
ENSG00000187607	17	15699576	15709576	+
ENSG00000064042	4	41359606	41369606	+
ENSG00000079112	8	94207302	94217302	-
ENSG00000175063	20	45812575	45822575	+
ENSG00000138468	3	101503240	101513240	-
ENSG00000183317	1	37755132	37765132	-
ENSG00000156466	8	96150805	96160805	-
ENSG00000179151	15	74686291	74696291	-
ENSG00000133460	22	23856702	23866702	+
ENSG00000170820	2	49144526	49154526	-
ENSG00000101470	20	45823744	45833744	-
ENSG00000090382	12	69348380	69358380	+
ENSG00000168612	20	45881226	45891226	+
ENSG00000013016	2	31234151	31244151	+
ENSG00000183386	1	37995605	38005605	-
ENSG00000133636	12	85874294	85884294	+
ENSG00000070159	9	109488312	109498312	-
ENSG00000108830	17	43025230	43035230	+
ENSG00000112701	6	75601508	75611508	+
ENSG00000175906	17	43398992	43408992	+
ENSG00000158315	1	38931829	38941829	-
ENSG00000176563	17	42798799	42808799	+
ENSG00000243749	1	34975352	34985352	-
ENSG00000057019	3	98891694	98901694	-
ENSG00000239704	17	15493607	15503607	-
ENSG00000157765	4	25648010	25658010	+
ENSG00000092068	14	23173673	23183673	-
ENSG00000170689	17	48616357	48626357	-
ENSG00000035681	8	58649852	58659852	-
ENSG00000187021	10	116590384	116600384	+
ENSG00000109181	4	68815993	68825993	+
ENSG00000062194	5	57173947	57183947	+
ENSG00000124207	20	49046245	49056245	+
ENSG00000197566	17	16643855	16653855	-
ENSG00000154478	10	123666354	123676354	+
ENSG00000124496	6	42442050	42452050	-
ENSG00000244537	17	41168220	41178220	-
ENSG00000198910	X	153876172	153886172	-
ENSG00000260458	17	21692522	21702522	+
ENSG00000204084	1	37937056	37947056	-
ENSG00000184220	3	99817836	99827836	+
ENSG00000115421	2	60756252	60766252	+
ENSG00000251357	22	23862187	23872187	+
ENSG00000147649	8	97644183	97654183	+
ENSG00000137713	11	111756388	111766388	-
ENSG00000186973	1	43145152	43155152	+
ENSG00000215277	14	23185315	23195315	+
ENSG00000240972	22	23894382	23904382	+
ENSG00000159593	16	66863255	66873255	-
ENSG00000215271	14	23289446	23299446	-
ENSG00000114021	3	100334738	100344738	+
ENSG00000099984	22	23980057	23990057	+
ENSG00000107518	10	115093364	115103364	+
ENSG00000142698	1	34166882	34176882	+
ENSG00000174125	4	38846816	38856816	-
ENSG00000198087	6	47477788	47487788	+
ENSG00000235194	14	23292858	23302858	-
ENSG00000099994	22	24181486	24191486	+
ENSG00000137764	15	67542702	67552702	+
ENSG00000105048	19	55139205	55149205	-
ENSG00000108773	17	42111366	42121366	-
ENSG00000144815	3	101779201	101789201	+
ENSG00000173597	4	69777960	69787960	-
ENSG00000255423	3	73061658	73071658	+
ENSG00000100842	14	23355751	23365751	-
ENSG00000112234	6	98938005	98948005	-
ENSG00000182557	17	4433939	4443939	+
ENSG00000165752	10	132321846	132331846	-
ENSG00000166090	14	23372808	23382808	+
ENSG00000178343	4	42397487	42407487	+
ENSG00000198833	6	89342721	89352721	-
ENSG00000163735	4	73988676	73998676	-
ENSG00000159761	16	67666813	67676813	+
ENSG00000119844	2	64524304	64534304	+
ENSG00000183688	17	435938	445938	-
ENSG00000163683	4	39628901	39638901	-
ENSG00000130725	19	58548953	58558953	-
ENSG00000124214	20	49178366	49188366	-
ENSG00000109610	4	24789911	24799911	+
ENSG00000186847	17	41576894	41586894	-
ENSG00000118690	6	108848415	108858415	+
ENSG00000260325	17	42122803	42132803	+
ENSG00000086548	19	41750976	41760976	+
ENSG00000186143	2	27129409	27139409	-
ENSG00000182308	4	41981755	41991755	+
ENSG00000166839	15	64911901	64921901	+
ENSG00000163736	4	73978189	73988189	-
ENSG00000100284	22	35299274	35309274	+
ENSG00000143942	2	53767803	53777803	+
ENSG00000267261	17	42144915	42154915	-
ENSG00000183783	4	44438808	44448808	-
ENSG00000166091	14	23376772	23386772	+
ENSG00000088682	16	57447424	57457424	+
ENSG00000165304	9	36572861	36582861	+
ENSG00000067798	12	77324640	77334640	+
ENSG00000146285	6	107814316	107824316	-
ENSG00000176390	17	30814691	30824691	-
ENSG00000113318	5	80654651	80664651	+
ENSG00000178033	6	116511638	116521638	+
ENSG00000168813	19	32345593	32355593	+
ENSG00000101187	20	62642502	62652502	+
ENSG00000146463	1	35268708	35278708	+
ENSG00000175782	12	68746124	68756124	+
ENSG00000249948	4	22692913	22702913	+
ENSG00000070761	16	58119380	58129380	-
ENSG00000164299	5	80319624	80329624	+
ENSG00000231256	17	43780434	43790434	+
ENSG00000239886	17	41226647	41236647	+
ENSG00000166211	12	101475335	101485335	+
ENSG00000183520	1	38009257	38019257	+
ENSG00000138623	15	74423957	74433957	-
ENSG00000101188	20	62708835	62718835	+
ENSG00000148153	9	112708148	112718148	-
ENSG00000100206	22	38560203	38570203	-
ENSG00000101189	20	62796472	62806472	+
ENSG00000188089	15	42041189	42051189	-
ENSG00000185958	12	50386621	50396621	-
ENSG00000089820	X	153924998	153934998	-
ENSG00000140945	16	82626964	82636964	+
ENSG00000064999	6	34889254	34899254	+
ENSG00000079102	8	92093285	92103285	-
ENSG00000114423	3	105859551	105869551	-
ENSG00000142186	11	65525076	65535076	+
ENSG00000092054	14	23425659	23435659	-
ENSG00000060491	20	62804834	62814834	+
ENSG00000011422	19	43660546	43670546	-
ENSG00000131153	16	85680072	85690072	-
ENSG00000180318	12	85280219	85290219	+
ENSG00000167195	15	75258598	75268598	+
ENSG00000100211	22	38656635	38666635	+
ENSG00000100216	22	38681956	38691956	+
ENSG00000251247	19	36850360	36860360	+
ENSG00000172551	12	54830517	54840517	+
ENSG00000206535	3	100401531	100411531	+
ENSG00000168925	16	75218987	75228987	+
ENSG00000197651	12	90945175	90955175	-
ENSG00000129460	14	23469688	23479688	+
ENSG00000167768	12	52670406	52680406	-
ENSG00000178386	19	44051366	44061366	+
ENSG00000173801	17	41776930	41786930	-
ENSG00000100226	22	38705741	38715741	+
ENSG00000171310	12	104455294	104465294	+
ENSG00000135698	16	82160223	82170223	-
ENSG00000136367	14	23546191	23556191	-
ENSG00000110721	11	68111443	68121443	-
ENSG00000198301	4	75980961	75990961	-
ENSG00000135736	16	57526570	57536570	-
ENSG00000139343	12	95858927	95868927	+
ENSG00000188690	10	125813257	125823257	-
ENSG00000140367	15	75843306	75853306	+
ENSG00000259431	14	23555987	23565987	+
ENSG00000102030	X	153925079	153935079	-
ENSG00000080224	3	96814580	96824580	+
ENSG00000085382	6	104849918	104859918	-
ENSG00000092758	20	62816243	62826243	+
ENSG00000179873	19	55826799	55836799	-
ENSG00000079557	4	73481744	73491744	+
ENSG00000184988	17	43211834	43221834	+
ENSG00000183559	10	122689845	122699845	-
ENSG00000069020	5	66596360	66606360	+
ENSG00000181090	9	137618991	137628991	+
ENSG00000186026	19	44072158	44082158	+
ENSG00000134061	5	67186798	67196798	-
ENSG00000186832	17	41605898	41615898	-
ENSG00000066084	12	50504984	50514984	+
ENSG00000090686	1	21773605	21783605	-
ENSG00000100197	22	42120864	42130864	-
ENSG00000112773	6	81742773	81752773	-
ENSG00000136378	15	78801463	78811463	-
ENSG00000170956	19	41796586	41806586	+
ENSG00000101190	20	62851821	62861821	-
ENSG00000104356	8	98117292	98127292	+
ENSG00000188263	22	50002658	50012658	-
ENSG00000177459	8	98064521	98074521	+
ENSG00000156136	4	70992537	71002537	+
ENSG00000126562	17	42780609	42790609	+
ENSG00000102032	X	153934686	153944686	-
ENSG00000138892	22	50046934	50056934	-
ENSG00000168685	5	35852694	35862694	+
ENSG00000145309	4	70334980	70344980	+
ENSG00000197416	8	81521377	81531377	-
ENSG00000153789	16	85102471	85112471	-
ENSG00000127184	5	86617927	86627927	+
ENSG00000286140	16	69122150	69132150	-
ENSG00000176692	16	86566828	86576828	+
ENSG00000185873	4	68235693	68245693	-
ENSG00000136816	9	129803156	129813156	+
ENSG00000112276	6	105127156	105137156	-
ENSG00000154473	10	123154401	123164401	+
ENSG00000213983	14	23558069	23568069	-
ENSG00000285446	6	116399394	116409394	+
ENSG00000140465	15	74715535	74725535	-
ENSG00000004838	3	50335731	50345731	-
ENSG00000203778	6	112087590	112097590	+
ENSG00000186479	5	64506014	64516014	+
ENSG00000176171	10	131972012	131982012	-
ENSG00000214338	6	127509190	127519190	-
ENSG00000145777	5	111070061	111080061	+
ENSG00000178904	19	32405542	32415542	+
ENSG00000101191	20	62927951	62937951	-
ENSG00000100427	22	50075425	50085425	-
ENSG00000115310	2	55102620	55112620	-
ENSG00000166682	11	113696372	113706372	-
ENSG00000172534	X	153961817	153971817	-
ENSG00000085998	1	46210304	46220304	-
ENSG00000177854	X	153972753	153982753	+
ENSG00000125861	20	3653398	3663398	-
ENSG00000144821	3	108519321	108529321	-
ENSG00000160505	19	55836539	55846539	+
ENSG00000104343	8	73868909	73878909	-
ENSG00000145214	4	976894	986894	-
ENSG00000153266	3	62364323	62374323	-
ENSG00000135655	12	62260337	62270337	+
ENSG00000121410	19	58343491	58353491	-
ENSG00000171201	4	70370092	70380092	+
ENSG00000211454	1	19264193	19274193	-
ENSG00000157322	16	69950704	69960704	+
ENSG00000110675	11	107591090	107601090	+
ENSG00000124449	19	43716075	43726075	+
ENSG00000142686	1	35708893	35718893	-
ENSG00000186666	12	49833105	49843105	-
ENSG00000213892	19	44699150	44709150	+
ENSG00000160293	9	133982603	133992603	-
ENSG00000117148	1	17755332	17765332	+
ENSG00000238227	9	136108874	136118874	-
ENSG00000078140	4	39698108	39708108	+
ENSG00000163617	3	114046593	114056593	-
ENSG00000127125	1	42456116	42466116	+
ENSG00000175029	10	125151169	125161169	-
ENSG00000170516	4	46899244	46909244	-
ENSG00000197429	1	45740652	45750652	-
ENSG00000163739	4	73869392	73879392	+
ENSG00000184216	X	154009901	154019901	-
ENSG00000139287	12	71938844	71948844	+
ENSG00000164082	3	51707067	51717067	+
ENSG00000132406	4	4238222	4248222	-
ENSG00000117000	1	40161386	40171386	+
ENSG00000119965	10	122944310	122954310	-
ENSG00000105771	19	43744961	43754961	-
ENSG00000107290	9	132344985	132354985	-
ENSG00000254636	10	122454652	122464652	+
ENSG00000131467	17	42824384	42834384	+
ENSG00000050820	16	75258052	75268052	-
ENSG00000171209	4	70242587	70252587	+
ENSG00000148344	9	129743041	129753041	-
ENSG00000196576	22	50297645	50307645	-
ENSG00000126953	X	101338741	101348741	-
ENSG00000133773	12	82348804	82358804	-
ENSG00000213759	4	69204747	69214747	-
ENSG00000138472	3	108943878	108953878	-
ENSG00000104231	8	81722902	81732902	-
ENSG00000105198	19	39602500	39612500	+
ENSG00000239388	3	57282684	57292684	-
ENSG00000178585	1	9900335	9910335	-
ENSG00000125482	9	132396850	132406850	-
ENSG00000138771	4	76435228	76445228	+
ENSG00000229637	17	48723184	48733184	+
ENSG00000134352	5	55985021	55995021	-
ENSG00000255974	19	40840446	40850446	-
ENSG00000149451	20	3672245	3682245	-
ENSG00000205078	16	77199407	77209407	+
ENSG00000138029	2	26243169	26253169	+
ENSG00000092051	14	23568789	23578789	-
ENSG00000111057	12	52948870	52958870	+
ENSG00000111879	6	119139386	119149386	-
ENSG00000049283	17	50532681	50542681	+
ENSG00000099326	19	58563574	58573574	-
ENSG00000174844	3	57534343	57544343	-
ENSG00000132622	20	3732684	3742684	+
ENSG00000041357	15	78540404	78550404	+
ENSG00000009844	6	142147161	142157161	+
ENSG00000104823	19	38821840	38831840	-
ENSG00000177103	11	117807524	117817524	-
ENSG00000107938	10	125719514	125729514	+
ENSG00000070413	22	19112453	19122453	-
ENSG00000170209	11	113387778	113397778	+
ENSG00000070214	9	105244621	105254621	+
ENSG00000101220	20	3757780	3767780	-
ENSG00000133302	5	94618668	94628668	+
ENSG00000178425	6	116100850	116110850	+
ENSG00000235106	9	134025480	134035480	+
ENSG00000269533	19	57389883	57399883	+
ENSG00000101222	20	3771447	3781447	-
ENSG00000179673	17	46969252	46979252	-
ENSG00000144802	3	101827990	101837990	+
ENSG00000152669	5	55223607	55233607	-
ENSG00000125817	20	3776739	3786739	-
ENSG00000010671	X	101380795	101390795	-
ENSG00000147586	8	80020288	80030288	-
ENSG00000173572	19	55922335	55932335	-
ENSG00000176769	10	131301720	131311720	-
ENSG00000236383	17	43295396	43305396	-
ENSG00000100056	22	19134683	19144683	-
ENSG00000125843	20	3820523	3830523	+
ENSG00000080200	3	97822010	97832010	+
ENSG00000131149	16	85169524	85179524	+
ENSG00000157326	14	23953733	23963733	+
ENSG00000241343	X	101390823	101400823	+
ENSG00000110237	11	73308275	73318275	+
ENSG00000140459	15	74357645	74367645	-
ENSG00000171055	2	36636086	36646086	-
ENSG00000156735	8	38176532	38186532	+
ENSG00000176566	8	87864014	87874014	-
ENSG00000069399	19	44747704	44757704	+
ENSG00000206203	22	19131307	19141307	+
ENSG00000063515	22	19140291	19150291	-
ENSG00000257529	X	101391010	101401010	+
ENSG00000126945	X	101408221	101418221	+
ENSG00000213578	15	74826626	74836626	+
ENSG00000248385	19	54071364	54081364	-
ENSG00000268533	19	57394182	57404182	+
ENSG00000158955	17	46833200	46843200	+
ENSG00000088888	20	3846798	3856798	+
ENSG00000198873	10	119207570	119217570	+
ENSG00000189114	19	45178783	45188783	+
ENSG00000144810	3	99638474	99648474	+
ENSG00000162881	2	42754260	42764260	-
ENSG00000273111	19	41834696	41844696	-
ENSG00000159289	15	74072549	74082549	-
ENSG00000137571	8	69824977	69834977	-
ENSG00000088827	20	3702599	3712599	-
ENSG00000262919	X	153590044	153600044	-
ENSG00000100075	22	19168738	19178738	-
ENSG00000119946	10	99329355	99339355	+
ENSG00000167508	16	88653160	88663160	-
ENSG00000204815	17	41930616	41940616	+
ENSG00000043591	10	114043865	114053865	+
ENSG00000136828	9	126914773	126924773	+
ENSG00000241595	17	41249686	41259686	+
ENSG00000163608	3	113009860	113019860	-
ENSG00000173809	19	32719752	32729752	+
ENSG00000050438	12	51391316	51401316	+
ENSG00000141098	16	67709338	67719338	-
ENSG00000111907	6	125119048	125129048	+
ENSG00000127990	7	94646571	94656571	-
ENSG00000130821	X	153687925	153697925	+
ENSG00000196814	9	126326828	126336828	+
ENSG00000184979	22	18150169	18160169	+
ENSG00000151640	10	132186947	132196947	+
ENSG00000092853	1	35759977	35769977	-
ENSG00000160339	9	134880809	134890809	+
ENSG00000178233	6	44270449	44280449	+
ENSG00000147164	X	71063425	71073425	-
ENSG00000164253	5	77610610	77620610	-
ENSG00000075290	10	100463008	100473008	+
ENSG00000198754	1	39761347	39771347	-
ENSG00000180264	9	124451424	124461424	+
ENSG00000214279	10	133453927	133463927	+
ENSG00000249115	19	35612734	35622734	+
ENSG00000184481	X	71095850	71105850	+
ENSG00000111530	12	67269357	67279357	+
ENSG00000204165	X	71096787	71106787	-
ENSG00000174586	19	58352847	58362847	-
ENSG00000188343	8	93698560	93708560	+
ENSG00000266953	19	34396314	34406314	+
ENSG00000183785	22	18110099	18120099	+
ENSG00000134697	1	37585936	37595936	-
ENSG00000187630	14	23969873	23979873	+
ENSG00000265763	10	47374292	47384292	-
ENSG00000137491	11	75100562	75110562	+
ENSG00000138079	2	44275457	44285457	+
ENSG00000187513	1	34792998	34802998	+
ENSG00000153292	6	47032349	47042349	-
ENSG00000278139	1	46166487	46176487	-
ENSG00000161298	19	36604816	36614816	+
ENSG00000100721	14	95704195	95714195	-
ENSG00000182645	10	116324447	116334447	+
ENSG00000147168	X	71102107	71112107	-
ENSG00000132466	4	73248797	73258797	-
ENSG00000170486	12	52591537	52601537	-
ENSG00000170017	3	105366908	105376908	+
ENSG00000148908	10	119532718	119542718	-
ENSG00000166439	11	74748848	74758848	+
ENSG00000137574	8	55773445	55783445	+
ENSG00000184058	22	19756702	19766702	+
ENSG00000116151	1	2381706	2391706	-
ENSG00000105697	19	35280715	35290715	+
ENSG00000170523	12	52311397	52321397	-
ENSG00000186230	19	57435324	57445324	+
ENSG00000158604	7	44572286	44582286	-
ENSG00000175606	8	73972436	73982436	+
ENSG00000144827	3	111979009	111989009	+
ENSG00000126267	19	35648322	35658322	+
ENSG00000272104	3	50350891	50360891	+
ENSG00000145284	4	82788795	82798795	-
ENSG00000006555	1	54791322	54801322	-
ENSG00000100604	14	92923149	92933149	+
ENSG00000130758	19	40191425	40201425	+
ENSG00000109787	4	38664196	38674196	+
ENSG00000066651	6	125986478	125996478	+
ENSG00000198382	11	75815209	75825209	+
ENSG00000109272	4	73853295	73863295	+
ENSG00000146856	7	134986507	134996507	+
ENSG00000174500	3	112123269	112133269	-
ENSG00000088367	20	36091503	36101503	+
ENSG00000124780	6	39304460	39314460	-
ENSG00000136010	12	105097642	105107642	-
ENSG00000242019	19	54724478	54734478	+
ENSG00000168961	17	27629797	27639797	+
ENSG00000066056	1	43300981	43310981	+
ENSG00000124067	16	67959600	67969600	-
ENSG00000196975	2	69644424	69654424	+
ENSG00000142025	19	41844742	41854742	+
ENSG00000104325	8	90001404	90011404	+
ENSG00000110057	11	67994981	68004981	-
ENSG00000148408	9	137877781	137887781	+
ENSG00000105971	7	116287379	116297379	+
ENSG00000214114	1	38863367	38873367	-
ENSG00000131043	20	36236130	36246130	+
ENSG00000184634	X	71118555	71128555	+
ENSG00000186458	20	257723	267723	+
ENSG00000239900	22	40346460	40356460	+
ENSG00000173436	1	19484402	19494402	+
ENSG00000196476	20	280777	290777	-
ENSG00000137868	15	74202266	74212266	-
ENSG00000247315	20	297569	307569	+
ENSG00000100605	14	93106319	93116319	-
ENSG00000188385	10	132036335	132046335	+
ENSG00000125841	20	346781	356781	+
ENSG00000162300	11	65084209	65094209	+
ENSG00000169562	X	71212810	71222810	+
ENSG00000182752	9	116153790	116163790	+
ENSG00000116544	1	34919649	34929649	-
ENSG00000188293	19	46229741	46239741	+
ENSG00000131263	X	74604623	74614623	-
ENSG00000204060	1	41361921	41371921	+
ENSG00000165943	14	93174922	93184922	-
ENSG00000153485	14	93184950	93194950	+
ENSG00000259066	14	93184972	93194972	+
ENSG00000100218	22	23135020	23145020	-
ENSG00000170270	14	93197064	93207064	-
ENSG00000186094	1	50013953	50023953	-
ENSG00000120963	8	101196192	101206192	-
ENSG00000093134	6	132726934	132736934	-
ENSG00000050030	X	74915471	74925471	-
ENSG00000119514	9	98807669	98817669	+
ENSG00000128266	22	23070518	23080518	+
ENSG00000108848	17	50719564	50729564	+
ENSG00000189037	X	44844020	44854020	+
ENSG00000161281	19	36142448	36152448	-
ENSG00000113494	5	35220486	35230486	-
ENSG00000103111	16	77190834	77200834	+
ENSG00000147113	X	45190900	45200900	-
ENSG00000253598	8	81685057	81695057	-
ENSG00000152475	19	58371029	58381029	-
ENSG00000118363	11	74949246	74959246	+
ENSG00000175535	10	116545930	116555930	+
ENSG00000243772	19	54738512	54748512	+
ENSG00000153956	7	82433776	82443776	-
ENSG00000117016	1	40655681	40665681	-
ENSG00000283599	X	71667541	71677541	+
ENSG00000173456	11	119334526	119344526	+
ENSG00000012963	14	93207240	93217240	+
ENSG00000198522	2	27628246	27638246	+
ENSG00000185737	10	81875193	81885193	+
ENSG00000204449	11	90031105	90041105	+
ENSG00000166002	11	93533390	93543390	-
ENSG00000125485	9	132660400	132670400	-
ENSG00000100601	14	77698022	77708022	-
ENSG00000075539	4	48770321	48780321	-
ENSG00000197619	19	51998229	52008229	-
ENSG00000147224	X	107628427	107638427	+
ENSG00000125826	20	407497	417497	+
ENSG00000121310	1	52917211	52927211	-
ENSG00000149313	11	106075500	106085500	+
ENSG00000148704	10	117128300	117138300	-
ENSG00000256294	19	44112180	44122180	+
ENSG00000184939	16	68530089	68540089	+
ENSG00000176973	11	65572348	65582348	+
ENSG00000165863	10	116660263	116670263	-
ENSG00000186716	22	23179703	23189703	+
ENSG00000174521	19	40208398	40218398	-
ENSG00000119705	14	77708070	77718070	+
ENSG00000152495	5	111223652	111233652	+
ENSG00000127922	7	96699890	96709890	-
ENSG00000268163	19	57467535	57477535	-
ENSG00000140474	15	74833345	74843345	-
ENSG00000079337	12	47761039	47771039	-
ENSG00000107262	9	33254719	33264719	-
ENSG00000103175	16	84294845	84304845	+
ENSG00000063761	14	77800108	77810108	+
ENSG00000119203	2	9423650	9433650	+
ENSG00000169083	X	67544020	67554020	+
ENSG00000140941	16	87383952	87393952	+
ENSG00000132530	17	6755446	6765446	+
ENSG00000128590	7	108569866	108579866	+
ENSG00000125875	20	452565	462565	-
ENSG00000169213	1	51980699	51990699	-
ENSG00000174697	7	128241277	128251277	+
ENSG00000136931	9	124497419	124507419	-
ENSG00000126895	X	153902530	153912530	+
ENSG00000162882	2	42782592	42792592	-
ENSG00000163866	1	34849754	34859754	-
ENSG00000151748	14	50658305	50668305	-
ENSG00000198825	10	119726041	119736041	+
ENSG00000100116	22	37807904	37817904	+
ENSG00000159182	17	48712517	48722517	-
ENSG00000145740	5	69093948	69103948	+
ENSG00000214415	7	80502063	80512063	-
ENSG00000128310	22	37823381	37833381	+
ENSG00000168807	16	69187128	69197128	+
ENSG00000145321	4	71794040	71804040	-
ENSG00000082175	11	101119812	101129812	-
ENSG00000185585	9	124777132	124787132	+
ENSG00000049249	1	7933164	7943164	-
ENSG00000184659	9	65736554	65746554	+
ENSG00000170634	2	53970837	53980837	+
ENSG00000156269	4	79316060	79326060	-
ENSG00000259075	12	89516261	89526261	-
ENSG00000165194	X	100400272	100410272	-
ENSG00000108349	17	40140317	40150317	+
ENSG00000130385	X	50910734	50920734	+
ENSG00000095485	10	100257679	100267679	-
ENSG00000196116	9	97412095	97422095	+
ENSG00000177291	10	35605340	35615340	+
ENSG00000165832	10	114938194	114948194	+
ENSG00000140948	16	87483023	87493023	-
ENSG00000224659	X	49322056	49332056	+
ENSG00000114439	3	107522935	107532935	+
ENSG00000164924	8	100943387	100953387	-
ENSG00000124299	19	33511790	33521790	-
ENSG00000275113	X	49341191	49351191	+
ENSG00000236737	X	49529868	49539868	+
ENSG00000158717	16	88696407	88706407	-
ENSG00000237671	X	49532210	49542210	+
ENSG00000100504	14	50934482	50944482	-
ENSG00000227488	X	49541766	49551766	+
ENSG00000152467	19	58034024	58044024	+
ENSG00000124749	6	56384093	56394093	-
ENSG00000163815	3	45001547	45011547	+
ENSG00000236362	X	49551277	49561277	+
ENSG00000173546	15	75702847	75712847	-
ENSG00000171495	5	41061341	41071341	-
ENSG00000215269	X	49570433	49580433	+
ENSG00000149380	11	74301639	74311639	-
ENSG00000189064	X	49589528	49599528	+
ENSG00000158321	7	69598295	69608295	+
ENSG00000103966	15	41962556	41972556	-
ENSG00000165392	8	31033787	31043787	+
ENSG00000131969	14	50872052	50882052	+
ENSG00000004897	17	47179421	47189421	-
ENSG00000205777	X	49599024	49609024	+
ENSG00000167515	16	88856219	88866219	+
ENSG00000152558	11	102460383	102470383	-
ENSG00000167173	15	75195642	75205642	+
ENSG00000173040	4	5699547	5709547	-
ENSG00000100129	22	37848867	37858867	+
ENSG00000171793	1	40979687	40989687	+
ENSG00000068985	X	49685983	49695983	-
ENSG00000125498	19	54769792	54779792	+
ENSG00000143951	2	63817842	63827842	-
ENSG00000131152	16	87324272	87334272	-
ENSG00000101951	X	49829259	49839259	+
ENSG00000111581	12	68686950	68696950	+
ENSG00000255245	11	117866666	117876666	-
ENSG00000263002	19	44141553	44151553	+
ENSG00000156482	8	98036468	98046468	-
ENSG00000116990	1	39892255	39902255	-
ENSG00000167183	17	47947882	47957882	-
ENSG00000168268	3	52525053	52535053	-
ENSG00000143001	1	54980627	54990627	+
ENSG00000147588	8	81437438	81447438	-
ENSG00000137413	6	42050512	42060512	+
ENSG00000198453	19	36916328	36926328	+
ENSG00000164893	8	86311145	86321145	-
ENSG00000167196	15	75903875	75913875	+
ENSG00000274386	1	42785006	42795006	+
ENSG00000100139	22	37905656	37915656	+
ENSG00000148700	10	109996367	110006367	+
ENSG00000198336	17	47200445	47210445	+
ENSG00000162928	2	61017224	61027224	+
ENSG00000185015	8	85220586	85230586	+
ENSG00000163412	3	71744772	71754772	-
ENSG00000147274	X	136870763	136880763	-
ENSG00000136457	17	50458905	50468905	-
ENSG00000123453	9	133729954	133739954	-
ENSG00000198874	7	66995172	67005172	+
ENSG00000165370	X	137023994	137033994	-
ENSG00000188937	X	41447342	41457342	+
ENSG00000265817	8	94426951	94436951	-
ENSG00000115944	2	42415087	42425087	-
ENSG00000142556	19	52020239	52030239	-
ENSG00000074201	11	77627793	77637793	-
ENSG00000119689	14	74881890	74891890	+
ENSG00000172465	X	103628703	103638703	+
ENSG00000171574	19	58401503	58411503	+
ENSG00000164695	8	81732447	81742447	+
ENSG00000164347	5	74757146	74767146	-
ENSG00000125492	9	132582605	132592605	+
ENSG00000180694	8	90781631	90791631	-
ENSG00000170681	9	100578078	100588078	+
ENSG00000236637	9	21177670	21187670	-
ENSG00000120242	9	21409116	21419116	+
ENSG00000117419	1	44345259	44355259	-
ENSG00000167780	12	53103485	53113485	+
ENSG00000179562	7	127583610	127593610	-
ENSG00000170264	2	61844142	61854142	-
ENSG00000256087	19	52085737	52095737	-
ENSG00000136869	9	117704174	117714174	+
ENSG00000121898	10	123930266	123940266	-
ENSG00000162384	1	53210633	53220633	-
ENSG00000123562	X	103678157	103688157	-
ENSG00000107014	9	5294715	5304715	-
ENSG00000138668	4	82364502	82374502	-
ENSG00000139318	12	89342500	89352500	-
ENSG00000198208	14	74913301	74923301	-
ENSG00000162391	1	54613555	54623555	-
ENSG00000151025	10	25174801	25184801	+
ENSG00000163507	3	108579643	108589643	-
ENSG00000104361	8	98284392	98294392	-
ENSG00000179363	X	103710908	103720908	+
ENSG00000149823	11	65089323	65099323	+
ENSG00000166035	15	58410568	58420568	+
ENSG00000086065	9	33264878	33274878	+
ENSG00000269743	X	104147008	104157008	-
ENSG00000120211	9	5231418	5241418	+
ENSG00000186049	12	52608558	52618558	-
ENSG00000102007	X	49171897	49181897	+
ENSG00000197408	19	40991281	41001281	+
ENSG00000134830	19	47332174	47342174	+
ENSG00000181894	19	58145109	58155109	-
ENSG00000106331	7	127608141	127618141	-
ENSG00000116039	2	70935899	70945899	+
ENSG00000250722	5	42877391	42887391	-
ENSG00000174348	1	53062051	53072051	+
ENSG00000157423	16	71220721	71230721	-
ENSG00000105219	19	40216696	40226696	-
ENSG00000149792	11	65122182	65132182	+
ENSG00000012211	X	49176527	49186527	-
ENSG00000104267	8	85463967	85473967	+
ENSG00000119630	14	74945625	74955625	-
ENSG00000107554	10	99999946	100009946	-
ENSG00000150687	11	86791058	86801058	+
ENSG00000106013	7	118214668	118224668	+
ENSG00000155099	8	91030871	91040871	-
ENSG00000105372	19	41860254	41870254	+
ENSG00000067221	15	73984621	73994621	-
ENSG00000119718	14	75002920	75012920	+
ENSG00000172840	16	66878588	66888588	+
ENSG00000136928	9	98698934	98708934	-
ENSG00000234465	19	43575800	43585800	+
ENSG00000113456	5	34908988	34918988	-
ENSG00000183763	3	49846573	49856573	-
ENSG00000204779	9	65275208	65285208	-
ENSG00000189308	4	83002925	83012925	-
ENSG00000105369	19	41877278	41887278	+
ENSG00000132357	5	40841307	40851307	+
ENSG00000179912	12	57421004	57431004	-
ENSG00000167513	16	88803788	88813788	+
ENSG00000197808	19	36656852	36666852	-
ENSG00000110367	11	118781163	118791163	-
ENSG00000109132	4	41738724	41748724	-
ENSG00000228607	11	113779746	113789746	+
ENSG00000164258	5	53560632	53570632	+
ENSG00000176040	3	112034842	112044842	+
ENSG00000144040	2	73065618	73075618	-
ENSG00000168619	8	39584488	39594488	+
ENSG00000127720	12	82358527	82368527	+
ENSG00000170145	11	111602448	111612448	+
ENSG00000119684	14	75041531	75051531	-
ENSG00000091128	7	108120360	108130360	-
ENSG00000173610	4	69643248	69653248	-
ENSG00000135686	16	84648510	84658510	+
ENSG00000119640	14	75059482	75069482	-
ENSG00000111145	12	96194374	96204374	+
ENSG00000149212	11	95222540	95232540	-
ENSG00000168152	4	82900683	82910683	+
ENSG00000112339	6	135093055	135103055	-
ENSG00000168404	16	74690959	74700959	-
ENSG00000119703	14	75064108	75074108	+
ENSG00000214290	11	111298554	111308554	+
ENSG00000091127	7	105512270	105522270	-
ENSG00000144771	3	54957087	54967087	-
ENSG00000170348	14	75166611	75176611	-
ENSG00000154165	3	98531977	98541977	+
ENSG00000100412	22	41447829	41457829	+
ENSG00000140968	16	85899161	85909161	+
ENSG00000081014	15	50908671	50918671	+
ENSG00000206531	3	112836855	112846855	-
ENSG00000072201	4	53691404	53701404	-
ENSG00000249992	3	45216286	45226286	-
ENSG00000185669	16	88676506	88686506	-
ENSG00000100665	14	94561441	94571441	+
ENSG00000187772	6	104936615	104946615	+
ENSG00000196475	4	79398227	79408227	-
ENSG00000198839	7	112206694	112216694	+
ENSG00000102001	X	49223370	49233370	-
ENSG00000164434	6	122779715	122789715	+
ENSG00000189013	19	54803534	54813534	+
ENSG00000091972	3	112332346	112342346	+
ENSG00000179165	6	36432853	36442853	-
ENSG00000100280	22	29378582	29388582	-
ENSG00000111911	6	125956769	125966769	+
ENSG00000168259	17	42011375	42021375	-
ENSG00000164211	5	111502589	111512589	-
ENSG00000112116	6	52234499	52244499	-
ENSG00000151572	12	100717525	100727525	+
ENSG00000185608	22	19432544	19442544	+
ENSG00000185274	7	71132143	71142143	+
ENSG00000095139	11	118572389	118582389	+
ENSG00000101997	X	49235469	49245469	+
ENSG00000188488	14	94561441	94571441	+
ENSG00000249662	5	17444009	17454009	+
ENSG00000049769	X	49269792	49279792	+
ENSG00000167011	7	101170292	101180292	-
ENSG00000170502	4	87422572	87432572	+
ENSG00000025039	6	89402272	89412272	-
ENSG00000184408	7	120273174	120283174	+
ENSG00000163377	3	68943296	68953296	-
ENSG00000274274	X	49331615	49341615	+
ENSG00000136856	9	127397137	127407137	+
ENSG00000196136	14	94612383	94622383	+
ENSG00000155229	10	97488793	97498793	-
ENSG00000147118	X	47993988	48003988	-
ENSG00000184903	7	111552516	111562516	-
ENSG00000132554	8	100121267	100131267	-
ENSG00000104043	15	50172816	50182816	-
ENSG00000075292	2	71276560	71286560	+
ENSG00000005194	16	57437419	57447419	-
ENSG00000049192	5	65471919	65481919	-
ENSG00000176142	3	119458829	119468829	-
ENSG00000146955	7	140404057	140414057	+
ENSG00000196152	9	127424373	127434373	+
ENSG00000285162	7	29122339	29132339	+
ENSG00000180263	12	95207481	95217481	-
ENSG00000138175	10	102704396	102714396	-
ENSG00000152784	4	80183878	80193878	+
ENSG00000101266	20	533834	543834	-
ENSG00000221994	X	48061657	48071657	-
ENSG00000198420	7	143892197	143902197	-
ENSG00000166900	11	59713455	59723455	+
ENSG00000109208	4	70360759	70370759	+
ENSG00000171489	X	48004335	48014335	+
ENSG00000154118	16	87601834	87611834	+
ENSG00000219626	2	24076525	24086525	+
ENSG00000197958	9	127441405	127451405	-
ENSG00000174804	11	86945394	86955394	-
ENSG00000166963	15	43510957	43520957	+
ENSG00000035720	4	67558726	67568726	+
ENSG00000172987	10	99225861	99235861	-
ENSG00000100033	22	18926552	18936552	-
ENSG00000129038	15	73925988	73935988	+
ENSG00000109944	11	122882682	122892682	+
ENSG00000108771	17	42102713	42112713	-
ENSG00000188316	10	116849498	116859498	+
ENSG00000197157	7	127652193	127662193	+
ENSG00000175426	5	96424142	96434142	-
ENSG00000138315	10	72893583	72903583	+
ENSG00000103742	15	65412946	65422946	-
ENSG00000204873	17	41232448	41242448	+
ENSG00000119919	10	99532941	99542941	+
ENSG00000235718	11	119336704	119346704	-
ENSG00000145246	4	47485274	47495274	+
ENSG00000213551	10	73237254	73247254	-
ENSG00000278662	15	82339474	82349474	-
ENSG00000099998	22	24235107	24245107	-
ENSG00000105220	19	34359479	34369479	+
ENSG00000196865	10	113854660	113864660	+
ENSG00000170370	10	117542444	117552444	+
ENSG00000176208	17	30831965	30841965	+
ENSG00000113391	5	94101698	94111698	-
ENSG00000140297	15	59594874	59604874	+
ENSG00000140937	16	65116111	65126111	-
ENSG00000136830	9	127568988	127578988	-
ENSG00000101276	20	766014	776014	-
ENSG00000169851	4	30720414	30730414	+
ENSG00000104879	19	45312874	45322874	-
ENSG00000131849	19	58430152	58440152	-
ENSG00000182010	10	62258843	62268843	-
ENSG00000102103	X	48890196	48900196	+
ENSG00000126368	17	40090588	40100588	-
ENSG00000140950	16	84544032	84554032	-
ENSG00000153802	4	67874001	67884001	-
ENSG00000117906	15	76931737	76941737	+
ENSG00000187024	9	127714872	127724872	-
ENSG00000160401	9	127706987	127716987	+
ENSG00000077063	7	117864138	117874138	-
ENSG00000173013	4	7033000	7043000	-
ENSG00000243811	22	39021112	39031112	+
ENSG00000132837	5	79226037	79236037	-
ENSG00000119787	2	38367284	38377284	-
ENSG00000197430	10	96349364	96359364	-
ENSG00000083845	19	58386399	58396399	+
ENSG00000103091	16	74990172	75000172	-
ENSG00000105880	7	97014949	97024949	-
ENSG00000185088	15	63148020	63158020	-
ENSG00000167094	9	127716078	127726078	+
ENSG00000145642	5	64690441	64700441	+
ENSG00000285253	15	56908570	56918570	-
ENSG00000108651	17	31891707	31901707	-
ENSG00000105379	19	51356387	51366387	-
ENSG00000215193	22	18077922	18087922	+
ENSG00000100526	14	54396848	54406848	+
ENSG00000155287	10	99610608	99620608	-
ENSG00000101966	X	123859723	123869723	+
ENSG00000104142	15	40894449	40904449	+
ENSG00000160404	9	127725312	127735312	-
ENSG00000196616	4	99342759	99352759	-
ENSG00000099937	22	20774112	20784112	+
ENSG00000164309	5	79689835	79699835	+
ENSG00000117859	1	51577178	51587178	+
ENSG00000099940	22	20859006	20869006	+
ENSG00000116005	2	70257385	70267385	+
ENSG00000142273	19	44777868	44787868	+
ENSG00000099942	22	20917406	20927406	+
ENSG00000163681	3	57755449	57765449	+
ENSG00000004059	7	127588385	127598385	+
ENSG00000100528	14	54431390	54441390	-
ENSG00000249581	4	17515164	17525164	+
ENSG00000173812	17	41688884	41698884	+
ENSG00000124198	20	48921710	48931710	+
ENSG00000140506	15	74812715	74822715	+
ENSG00000253313	1	43275616	43285616	-
ENSG00000134815	19	47349314	47359314	+
ENSG00000147526	8	38728185	38738185	+
ENSG00000124098	20	56358973	56368973	+
ENSG00000103248	16	86545234	86555234	-
ENSG00000138587	15	56455136	56465136	-
ENSG00000105398	19	47876314	47886314	-
ENSG00000163666	3	57217605	57227605	-
ENSG00000099949	22	20982268	20992268	+
ENSG00000197045	14	54479025	54489025	-
ENSG00000196937	7	121386363	121396363	-
ENSG00000230268	7	124476370	124486370	+
ENSG00000132541	8	98107170	98117170	-
ENSG00000040487	1	19312325	19322325	+
ENSG00000074211	4	6553599	6563599	-
ENSG00000145050	3	51385290	51395290	+
ENSG00000162396	1	54754522	54764522	-
ENSG00000081800	7	123189971	123199971	-
ENSG00000102038	X	129513499	129523499	-
ENSG00000147669	8	100150622	100160622	+
ENSG00000095370	9	127768709	127778709	-
ENSG00000135226	4	69280474	69290474	+
ENSG00000203995	1	52842510	52852510	+
ENSG00000184436	22	20992195	21002195	-
ENSG00000176927	17	29929199	29939199	+
ENSG00000113845	3	119498546	119508546	+
ENSG00000181617	4	70226123	70236123	+
ENSG00000099204	10	114758060	114768060	-
ENSG00000131480	17	42844579	42854579	+
ENSG00000020577	14	54566116	54576116	+
ENSG00000176095	3	49776541	49786541	-
ENSG00000101811	X	100820358	100830358	+
ENSG00000167633	19	54816467	54826467	+
ENSG00000263715	17	45620343	45630343	+
ENSG00000123124	8	86342546	86352546	+
ENSG00000136807	9	127785678	127795678	+
ENSG00000182742	17	48568349	48578349	-
ENSG00000184788	X	85233910	85243910	-
ENSG00000188021	X	56563626	56573626	+
ENSG00000185985	X	145817828	145827828	+
ENSG00000181392	19	35998812	36008812	-
ENSG00000133134	X	103301006	103311006	-
ENSG00000179603	7	127243092	127253092	-
ENSG00000173991	17	39665348	39675348	+
ENSG00000099957	22	21009807	21019807	+
ENSG00000105668	19	35666515	35676515	+
ENSG00000130962	X	37349308	37359308	+
ENSG00000154945	17	50697913	50707913	-
ENSG00000147536	8	41529217	41539217	+
ENSG00000214194	7	113108559	113118559	-
ENSG00000151779	2	15551333	15561333	-
ENSG00000108557	17	17681457	17691457	+
ENSG00000198919	3	108589704	108599704	+
ENSG00000267221	17	42040600	42050600	-
ENSG00000095564	10	91923769	91933769	+
ENSG00000166924	7	100483926	100493926	+
ENSG00000101911	X	12791354	12801354	+
ENSG00000165816	10	114239253	114249253	+
ENSG00000105989	7	117313151	117323151	-
ENSG00000121570	3	109327571	109337571	-
ENSG00000198554	14	55017104	55027104	-
ENSG00000186642	11	72664590	72674590	-
ENSG00000107679	10	122374695	122384695	+
ENSG00000099960	22	21022839	21032839	-
ENSG00000156958	15	49155655	49165655	+
ENSG00000183166	7	72437150	72447150	-
ENSG00000187905	22	21045959	21055959	+
ENSG00000145703	5	76403284	76413284	+
ENSG00000205133	8	93007672	93017672	-
ENSG00000128272	22	39519694	39529694	+
ENSG00000163530	3	109306516	109316516	-
ENSG00000039523	16	67518417	67528417	+
ENSG00000114902	3	52704954	52714954	+
ENSG00000213741	14	49589163	49599163	-
ENSG00000198924	10	113844382	113854382	-
ENSG00000275052	2	55608879	55618879	-
ENSG00000100207	22	42333615	42343615	-
ENSG00000126261	19	34428351	34438351	+
ENSG00000128536	7	105876795	105886795	+
ENSG00000067113	5	55524968	55534968	-
ENSG00000128284	22	36156176	36166176	-
ENSG00000197838	19	41088450	41098450	+
ENSG00000198732	14	69854130	69864130	+
ENSG00000137714	11	110429947	110439947	+
ENSG00000188334	19	47982169	47992169	-
ENSG00000080644	15	78611294	78621294	-
ENSG00000006453	7	98391089	98401089	-
ENSG00000117713	1	26693235	26703235	+
ENSG00000103257	16	87859506	87869506	-
ENSG00000115902	2	64988476	64998476	+
ENSG00000145782	5	115831836	115841836	-
ENSG00000071889	X	154506241	154516241	-
ENSG00000128534	7	118184143	118194143	+
ENSG00000187105	14	73548946	73558946	-
ENSG00000197050	19	37007856	37017856	+
ENSG00000188549	15	40330966	40340966	-
ENSG00000177868	1	42807396	42817396	-
ENSG00000107566	10	100176032	100186032	-
ENSG00000108465	17	47967809	47977809	+
ENSG00000133740	8	85177153	85187153	+
ENSG00000249471	19	58451610	58461610	+
ENSG00000087586	20	56382336	56392336	-
ENSG00000136877	9	127794596	127804596	+
ENSG00000065621	10	104268872	104278872	+
ENSG00000162378	1	52726452	52736452	+
ENSG00000147123	X	47135037	47145037	-
ENSG00000169393	19	47994631	48004631	+
ENSG00000181751	5	103258762	103268762	+
ENSG00000010327	3	52495337	52505337	+
ENSG00000137699	11	120175528	120185528	-
ENSG00000160318	19	51359002	51369002	-
ENSG00000079819	6	131053321	131063321	-
ENSG00000048405	7	127421923	127431923	-
ENSG00000067992	X	24465269	24475269	+
ENSG00000068912	2	53787043	53797043	+
ENSG00000122694	9	36136535	36146535	+
ENSG00000204611	19	52129937	52139937	-
ENSG00000196900	5	126631704	126641704	+
ENSG00000185972	9	36169387	36179387	+
ENSG00000101138	20	56392370	56402370	+
ENSG00000285708	3	71744228	71754228	-
ENSG00000171169	9	128058205	128068205	-
ENSG00000196263	19	56507849	56517849	+
ENSG00000184672	8	84182786	84192786	+
ENSG00000139926	14	51489099	51499099	+
ENSG00000100336	22	36194839	36204839	-
ENSG00000130055	X	70423030	70433030	+
ENSG00000173706	3	125045996	125055996	-
ENSG00000176907	8	40153481	40163481	+
ENSG00000164794	8	109965770	109975770	-
ENSG00000066933	15	72108576	72118576	-
ENSG00000104731	16	87755991	87765991	-
ENSG00000034693	6	143450804	143460804	+
ENSG00000175213	11	46701029	46711029	+
ENSG00000099954	22	17359948	17369948	+
ENSG00000148346	9	128149070	128159070	+
ENSG00000144837	3	119597874	119607874	+
ENSG00000171159	9	128160264	128170264	+
ENSG00000189221	X	43654906	43664906	+
ENSG00000162599	1	60865258	60875258	+
ENSG00000106086	7	30027403	30037403	+
ENSG00000011485	19	46347086	46357086	+
ENSG00000170837	3	71753854	71763854	+
ENSG00000156467	8	96225545	96235545	-
ENSG00000163138	4	20696281	20706281	+
ENSG00000163424	3	119146150	119156150	+
ENSG00000025156	6	122399550	122409550	+
ENSG00000269955	7	139341359	139351359	+
ENSG00000240563	1	62194848	62204848	+
ENSG00000284773	1	34975312	34985312	-
ENSG00000182809	14	105472961	105482961	+
ENSG00000108798	17	49210410	49220410	+
ENSG00000022277	20	56468584	56478584	+
ENSG00000278570	15	71792637	71802637	+
ENSG00000124091	20	56515924	56525924	-
ENSG00000117862	1	52045190	52055190	-
ENSG00000225190	17	45480748	45490748	-
ENSG00000137251	6	54307858	54317858	+
ENSG00000189233	8	28073935	28083935	-
ENSG00000124103	20	56517186	56527186	+
ENSG00000213714	20	56533245	56543245	+
ENSG00000275395	19	39924625	39934625	-
ENSG00000168830	6	86937527	86947527	+
ENSG00000105967	7	116149895	116159895	-
ENSG00000087589	20	56412111	56422111	+
ENSG00000171234	4	69051362	69061362	+
ENSG00000115464	2	61461086	61471086	-
ENSG00000104341	8	97775056	97785056	+
ENSG00000164199	5	90529343	90539343	+
ENSG00000173714	17	50834649	50844649	+
ENSG00000112837	6	84754597	84764597	-
ENSG00000221869	8	47728163	47738163	-
ENSG00000165076	7	141831486	141841486	-
ENSG00000146386	6	139028744	139038744	+
ENSG00000104783	19	43771256	43781256	-
ENSG00000165066	8	41640816	41650816	-
ENSG00000108960	17	55411923	55421923	-
ENSG00000095970	6	41153185	41163185	-
ENSG00000101247	20	13785006	13795006	+
ENSG00000162551	1	21509396	21519396	+
ENSG00000268083	19	38830177	38840177	-
ENSG00000147432	8	42697365	42707365	+
ENSG00000116035	2	70900575	70910575	+
ENSG00000159202	17	48908406	48918406	+
ENSG00000014824	4	41990501	42000501	+
ENSG00000152578	11	105609993	105619993	+
ENSG00000198083	17	41255383	41265383	+
ENSG00000034239	8	48725310	48735310	-
ENSG00000180613	4	54099522	54109522	+
ENSG00000143971	2	67397321	67407321	+
ENSG00000183431	1	37980074	37990074	-
ENSG00000152518	2	43216605	43226605	-
ENSG00000061656	20	35615828	35625828	+
ENSG00000198961	5	109399973	109409973	-
ENSG00000240403	19	54850442	54860442	+
ENSG00000104312	8	89757805	89767805	+
ENSG00000183773	22	20965107	20975107	+
ENSG00000099337	19	38319844	38329844	+
ENSG00000196591	6	114001307	114011307	-
ENSG00000169174	1	55039446	55049446	+
ENSG00000106049	7	27652882	27662882	-
ENSG00000184459	22	32454483	32464483	-
ENSG00000235631	7	122692921	122702921	-
ENSG00000124201	20	49268425	49278425	-
ENSG00000168818	4	4532345	4542345	-
ENSG00000131115	19	44207546	44217546	+
ENSG00000243725	1	54715860	54725860	+
ENSG00000214595	2	54723498	54733498	+
ENSG00000085224	X	77776232	77786232	-
ENSG00000100767	14	73237496	73247496	+
ENSG00000214050	8	28480277	28490277	-
ENSG00000187741	16	89806656	89816656	-
ENSG00000157107	5	72956040	72966040	+
ENSG00000100258	22	50497701	50507701	-
ENSG00000116985	1	39778864	39788864	-
ENSG00000141367	17	59619688	59629688	+
ENSG00000172955	4	99209536	99219536	-
ENSG00000213626	2	30231533	30241533	+
ENSG00000170632	7	103074880	103084880	+
ENSG00000163440	4	55582244	55592244	-
ENSG00000189120	17	47845873	47855873	-
ENSG00000134716	1	59916772	59926772	-
ENSG00000243317	7	135662495	135672495	+
ENSG00000171872	1	44118820	44128820	+
ENSG00000124171	20	50731579	50741579	+
ENSG00000184304	14	30181897	30191897	-
ENSG00000171103	2	28860308	28870308	-
ENSG00000196914	11	120336412	120346412	+
ENSG00000083750	X	55717748	55727748	+
ENSG00000164934	8	103414713	103424713	+
ENSG00000162407	1	56635300	56645300	-
ENSG00000116031	2	70825815	70835815	-
ENSG00000124391	16	88638571	88648571	+
ENSG00000101842	X	108044969	108054969	+
ENSG00000186431	19	54874234	54884234	+
ENSG00000156140	4	72559220	72569220	-
ENSG00000180543	8	97267927	97277927	-
ENSG00000156486	8	98426957	98436957	+
ENSG00000004534	3	49940006	49950006	+
ENSG00000101126	20	50921436	50931436	-
ENSG00000204983	7	142749467	142759467	+
ENSG00000243667	2	68147548	68157548	-
ENSG00000156298	X	38561541	38571541	+
ENSG00000169218	1	37624891	37634891	-
ENSG00000124217	20	50958817	50968817	+
ENSG00000163877	1	37544292	37554292	-
ENSG00000259571	11	122106214	122116214	-
ENSG00000158805	16	89720399	89730399	+
ENSG00000197561	19	851013	861013	+
ENSG00000136449	17	50508383	50518383	+
ENSG00000173418	20	20017309	20027309	+
ENSG00000059378	7	140052950	140062950	-
ENSG00000102003	X	49190198	49200198	-
ENSG00000025770	22	50508223	50518223	+
ENSG00000157184	1	53196791	53206791	+
ENSG00000138483	3	107377438	107387438	+
ENSG00000164038	4	103075828	103085828	-
ENSG00000133739	8	85107214	85117214	+
ENSG00000134982	5	112707497	112717497	+
ENSG00000197446	19	41114431	41124431	+
ENSG00000103264	16	87382141	87392141	-
ENSG00000126759	X	47620304	47630304	-
ENSG00000162927	2	61008258	61018258	-
ENSG00000284194	22	50516460	50526460	-
ENSG00000167182	17	47896149	47906149	+
ENSG00000173011	4	7041898	7051898	+
ENSG00000175745	5	93583221	93593221	+
ENSG00000168589	16	80540733	80550733	+
ENSG00000159871	19	43817205	43827205	-
ENSG00000167910	8	58490162	58500162	-
ENSG00000175895	8	95133784	95143784	+
ENSG00000163606	3	112965102	112975102	-
ENSG00000083812	19	58467044	58477044	+
ENSG00000262874	19	51380590	51390590	-
ENSG00000128567	7	131548216	131558216	-
ENSG00000105507	19	48034078	48044078	-
ENSG00000152208	4	92303965	92313965	+
ENSG00000180398	2	46931854	46941854	-
ENSG00000154144	11	124622835	124632835	+
ENSG00000168028	3	39406715	39416715	+
ENSG00000198815	1	42325876	42335876	-
ENSG00000154146	11	124739941	124749941	+
ENSG00000178852	17	47323289	47333289	+
ENSG00000169116	4	74933094	74943094	+
ENSG00000126870	7	158856557	158866557	+
ENSG00000170606	5	133052012	133062012	+
ENSG00000101343	20	20046045	20056045	-
ENSG00000164944	8	94543528	94553528	-
ENSG00000169836	4	103709984	103719984	-
ENSG00000163814	3	45136421	45146421	-
ENSG00000243147	2	27771716	27781716	+
ENSG00000066629	14	99737692	99747692	+
ENSG00000197385	3	31981749	31991749	+
ENSG00000148498	10	34805324	34815324	-
ENSG00000132669	20	19757605	19767605	+
ENSG00000178015	5	95620086	95630086	+
ENSG00000133606	7	140469535	140479535	-
ENSG00000025708	22	50520031	50530031	-
ENSG00000163624	4	84583126	84593126	+
ENSG00000186854	2	84897007	84907007	-
ENSG00000176732	2	24113463	24123463	-
ENSG00000156411	14	103918268	103928268	-
ENSG00000151576	3	114005832	114015832	+
ENSG00000130487	22	50545898	50555898	+
ENSG00000217442	22	50552918	50562918	-
ENSG00000101236	20	4005557	4015557	-
ENSG00000155530	7	134127298	134137298	+
ENSG00000105419	19	47409526	47419526	-
ENSG00000102974	16	67562466	67572466	+
ENSG00000121594	3	119549613	119559613	-
ENSG00000029363	6	136279850	136289850	-
ENSG00000115363	2	75559721	75569721	-
ENSG00000188883	7	139473672	139483672	-
ENSG00000188554	17	43170480	43180480	+
ENSG00000148337	9	128194382	128204382	-
ENSG00000134744	1	52543486	52553486	-
ENSG00000080824	14	102129698	102139698	-
ENSG00000196867	19	56538947	56548947	+
ENSG00000174738	3	23945285	23955285	+
ENSG00000051523	16	88641053	88651053	-
ENSG00000286221	16	80996893	81006893	-
ENSG00000161649	17	43847147	43857147	+
ENSG00000188508	19	35485557	35495557	-
ENSG00000145794	5	127290795	127300795	+
ENSG00000148814	10	132332153	132342153	+
ENSG00000088833	20	1463841	1473841	-
ENSG00000177558	19	35218728	35228728	-
ENSG00000161594	17	41835684	41845684	+
ENSG00000162437	1	64745094	64755094	+
ENSG00000283039	1	44131630	44141630	-
ENSG00000171222	20	35949471	35959471	-
ENSG00000184292	1	58567251	58577251	-
ENSG00000181965	5	135525963	135535963	-
ENSG00000187140	1	63322566	63332566	+
ENSG00000100867	14	23630114	23640114	+
ENSG00000159618	16	57542642	57552642	+
ENSG00000171813	10	132397167	132407167	+
ENSG00000064205	20	44714843	44724843	+
ENSG00000164400	5	132073788	132083788	+
ENSG00000197275	8	94465114	94475114	-
ENSG00000205560	22	50568464	50578464	-
ENSG00000143889	2	38593585	38603585	-
ENSG00000153064	4	101411285	101421285	+
ENSG00000112118	6	52274880	52284880	-
ENSG00000134333	11	18394559	18404559	+
ENSG00000176571	8	86866414	86876414	+
ENSG00000112299	6	132704054	132714054	-
ENSG00000127955	7	79768027	79778027	+
ENSG00000141012	16	88846969	88856969	-
ENSG00000119655	14	74484176	74494176	-
ENSG00000138722	4	89879531	89889531	+
ENSG00000133574	7	150567368	150577368	+
ENSG00000188050	7	122689116	122699116	-
ENSG00000167110	9	128265994	128275994	-
ENSG00000128607	7	130070533	130080533	+
ENSG00000156162	8	94719702	94729702	+
ENSG00000138678	4	83535913	83545913	+
ENSG00000168890	2	85593195	85603195	-
ENSG00000155324	5	126360131	126370131	+
ENSG00000184178	4	53356065	53366065	-
ENSG00000175854	9	128275378	128285378	+
ENSG00000186409	1	42463220	42473220	+
ENSG00000170381	7	83639138	83649138	-
ENSG00000100288	22	50591454	50601454	-
ENSG00000077150	10	102394109	102404109	+
ENSG00000239605	2	47145307	47155307	-
ENSG00000100603	14	77751206	77761206	-
ENSG00000167112	9	128312446	128322446	-
ENSG00000174796	4	75513945	75523945	+
ENSG00000103335	16	88775219	88785219	-
ENSG00000211448	14	80377756	80387756	-
ENSG00000142512	19	51407802	51417802	-
ENSG00000109220	4	54054604	54064604	-
ENSG00000008735	22	50600792	50610792	+
ENSG00000162595	1	68041630	68051630	-
ENSG00000080822	3	98513065	98523065	-
ENSG00000101336	20	32052196	32062196	+
ENSG00000145354	4	102868973	102878973	+
ENSG00000167113	9	128322543	128332543	+
ENSG00000013523	14	76816245	76826245	-
ENSG00000059915	10	102411538	102421538	-
ENSG00000168748	16	66844413	66854413	+
ENSG00000115484	2	61878670	61888670	-
ENSG00000164032	4	99940354	99950354	-
ENSG00000171357	1	46203333	46213333	+
ENSG00000179454	14	45032321	45042321	-
ENSG00000189430	19	54906147	54916147	+
ENSG00000107874	10	102422583	102432583	-
ENSG00000113595	5	65615974	65625974	-
ENSG00000162385	1	53228517	53238517	-
ENSG00000115946	2	68157887	68167887	+
ENSG00000128578	7	129434431	129444431	+
ENSG00000167114	9	128340526	128350526	+
ENSG00000197016	19	56567467	56577467	+
ENSG00000120055	10	102441542	102451542	-
ENSG00000006377	7	97005552	97015552	+
ENSG00000169288	4	77862829	77872829	+
ENSG00000196091	12	101568352	101578352	+
ENSG00000127928	7	93591572	93601572	+
ENSG00000083828	19	57769654	57779654	+
ENSG00000138111	10	102461394	102471394	+
ENSG00000167118	9	128371360	128381360	+
ENSG00000164588	5	45686497	45696497	-
ENSG00000112414	6	142301853	142311853	+
ENSG00000138107	10	102492711	102502711	-
ENSG00000105679	19	35533454	35543454	+
ENSG00000100299	22	50618172	50628172	-
ENSG00000129596	5	115806658	115816658	-
ENSG00000172461	6	96015973	96025973	+
ENSG00000131143	16	85798632	85808632	+
ENSG00000124228	20	49219346	49229346	+
ENSG00000124357	2	71064343	71074343	+
ENSG00000101181	20	62183027	62193027	+
ENSG00000159917	19	44295045	44305045	-
ENSG00000163933	3	53120452	53130452	-
ENSG00000107562	10	44376492	44386492	-
ENSG00000111906	6	125292077	125302077	-
ENSG00000241224	3	109118251	109128251	+
ENSG00000086015	1	45786986	45796986	+
ENSG00000206140	22	21466422	21476422	+
ENSG00000196578	3	98087172	98097172	+
ENSG00000189283	3	61241458	61251458	-
ENSG00000164485	6	137163647	137173647	-
ENSG00000137642	11	121452313	121462313	+
ENSG00000188580	6	123803864	123813864	+
ENSG00000168906	2	85539167	85549167	+
ENSG00000188820	6	116461369	116471369	+
ENSG00000167123	9	128411750	128421750	+
ENSG00000122861	10	73909176	73919176	+
ENSG00000059758	12	96390479	96400479	-
ENSG00000187244	19	44809070	44819070	+
ENSG00000203756	6	129851546	129861546	-
ENSG00000100228	22	23145365	23155365	+
ENSG00000086696	16	82035003	82045003	+
ENSG00000148680	10	90848038	90858038	-
ENSG00000189060	22	37805228	37815228	+
ENSG00000206530	3	113431609	113441609	-
ENSG00000184113	22	19517544	19527544	-
ENSG00000184949	22	38646628	38656628	-
ENSG00000112175	6	55865589	55875589	-
ENSG00000148677	10	90911086	90921086	-
ENSG00000204941	19	43176535	43186535	-
ENSG00000168143	6	54846770	54856770	+
ENSG00000006210	16	57372476	57382476	+
ENSG00000144746	3	69084936	69094936	+
ENSG00000164318	5	38258408	38268408	+
ENSG00000119725	14	73886616	73896616	+
ENSG00000011590	19	35704557	35714557	+
ENSG00000124562	6	34757504	34767504	+
ENSG00000118508	6	146543832	146553832	+
ENSG00000153774	16	75423502	75433502	-
ENSG00000196335	7	23710202	23720202	+
ENSG00000123500	6	116148746	116158746	-
ENSG00000196323	11	130304916	130314916	-
ENSG00000166126	14	102922662	102932662	+
ENSG00000145348	4	106306682	106316682	-
ENSG00000104517	8	102402758	102412758	-
ENSG00000119048	5	134371468	134381468	+
ENSG00000215301	X	41333347	41343347	+
ENSG00000184588	1	65792513	65802513	+
ENSG00000134940	11	125670873	125680873	-
ENSG00000168306	3	58527282	58537282	-
ENSG00000111647	12	100132873	100142873	-
ENSG00000196981	3	122406061	122416061	-
ENSG00000159496	22	23688135	23698135	+
ENSG00000166428	14	104924712	104934712	+
ENSG00000056972	6	111596905	111606905	-
ENSG00000140876	16	77722491	77732491	+
ENSG00000163734	4	74028806	74038806	-
ENSG00000099977	22	23969827	23979827	-
ENSG00000183246	22	21541460	21551460	-
ENSG00000138035	2	55683862	55693862	-
ENSG00000105695	19	35292124	35302124	+
ENSG00000100249	22	29051830	29061830	-
ENSG00000206069	22	24936694	24946694	-
ENSG00000174600	12	108329316	108339316	-
ENSG00000144847	3	119136067	119146067	-
ENSG00000131864	19	57119137	57129137	+
ENSG00000117472	1	46175072	46185072	+
ENSG00000101224	20	3786771	3796771	+
ENSG00000118160	19	47461892	47471892	-
ENSG00000079931	6	132391474	132401474	-
ENSG00000100034	22	21942847	21952847	-
ENSG00000149488	20	2536572	2546572	+
ENSG00000110013	11	124685706	124695706	-
ENSG00000138801	4	107710233	107720233	-
ENSG00000177732	20	325551	335551	+
ENSG00000153551	3	32391697	32401697	+
ENSG00000123080	1	50960744	50970744	+
ENSG00000170373	20	23741267	23751267	-
ENSG00000101441	20	23679037	23689037	-
ENSG00000171940	20	53599906	53609906	-
ENSG00000282278	4	53377838	53387838	+
ENSG00000118702	20	37251813	37261813	-
ENSG00000100678	14	70179069	70189069	-
ENSG00000120860	12	102052148	102062148	-
ENSG00000163611	3	113505186	113515186	-
ENSG00000119888	2	47345157	47355157	+
ENSG00000253719	12	74537834	74547834	+
ENSG00000174177	16	88706482	88716482	+
ENSG00000092529	15	42359497	42369497	+
ENSG00000196383	14	19999912	20009912	+
ENSG00000176246	14	20060044	20070044	+
ENSG00000171606	19	58183028	58193028	+
ENSG00000176219	14	20223709	20233709	+
ENSG00000163513	3	30606600	30616600	+
ENSG00000088854	20	3397668	3407668	-
ENSG00000000005	X	100584935	100594935	+
ENSG00000111670	12	101820958	101830958	-
ENSG00000124257	20	45881207	45891207	-
ENSG00000163806	2	28782516	28792516	+
ENSG00000136319	14	20295959	20305959	-
ENSG00000175471	5	95274574	95284574	-
ENSG00000280789	16	29816151	29826151	+
ENSG00000083838	19	58474016	58484016	+
ENSG00000170577	2	44999451	45009451	-
ENSG00000077549	1	19475538	19485538	-
ENSG00000125779	20	3888838	3898838	+
ENSG00000138083	2	44941701	44951701	+
ENSG00000112249	6	100871371	100881371	-
ENSG00000000003	X	100629990	100639990	-
ENSG00000169570	5	118978546	118988546	-
ENSG00000128513	7	124919982	124929982	-
ENSG00000099290	10	50067887	50077887	+
ENSG00000105173	19	29811990	29821990	+
ENSG00000198729	6	150143043	150153043	+
ENSG00000100038	22	21972812	21982812	-
ENSG00000124383	2	71130631	71140631	+
ENSG00000126266	19	35351551	35361551	+
ENSG00000102362	X	100722122	100732122	-
ENSG00000114487	3	109108133	109118133	-
ENSG00000162598	1	60063769	60073769	-
ENSG00000113460	5	34915676	34925676	+
ENSG00000089048	20	13774918	13784918	-
ENSG00000181019	16	69716667	69726667	-
ENSG00000183813	3	32951643	32961643	+
ENSG00000138311	10	62374191	62384191	+
ENSG00000285837	10	62374191	62384191	+
ENSG00000138778	4	103188444	103198444	-
ENSG00000147059	X	57127624	57137624	-
ENSG00000213699	2	26764283	26774283	+
ENSG00000162415	1	45296208	45306208	-
ENSG00000181915	10	62804719	62814719	+
ENSG00000000419	20	50949139	50959139	-
ENSG00000185483	1	63774016	63784016	+
ENSG00000168887	2	85602065	85612065	-
ENSG00000203805	10	120457226	120467226	+
ENSG00000144834	3	111998738	112008738	+
ENSG00000198931	16	88801936	88811936	-
ENSG00000156096	4	69516013	69526013	-
ENSG00000153914	5	66139970	66149970	+
ENSG00000084110	12	95986364	95996364	-
ENSG00000026559	20	51013106	51023106	-
ENSG00000105568	19	52190047	52200047	+
ENSG00000180592	10	21516367	21526367	-
ENSG00000169575	22	22244779	22254779	+
ENSG00000176678	16	86576367	86586367	+
ENSG00000185933	10	103448899	103458899	-
ENSG00000214285	10	127549308	127559308	+
ENSG00000168634	20	45702037	45712037	+
ENSG00000184517	16	75148493	75158493	+
ENSG00000149651	20	45722346	45732346	+
ENSG00000114446	3	108212434	108222434	-
ENSG00000162600	1	58536801	58546801	-
ENSG00000149582	11	118531040	118541040	+
ENSG00000147256	X	131058345	131068345	+
ENSG00000141946	19	57135201	57145201	-
ENSG00000185565	3	117129388	117139388	-
ENSG00000116704	1	67044147	67054147	-
ENSG00000105879	7	107743948	107753948	+
ENSG00000152463	10	15032226	15042226	+
ENSG00000205420	12	52483256	52493256	-
ENSG00000187860	22	30356634	30366634	+
ENSG00000268235	X	102215300	102225300	+
ENSG00000172538	10	49124020	49134020	-
ENSG00000140836	16	73881870	73891870	-
ENSG00000138663	4	83034446	83044446	+
ENSG00000128285	22	40678749	40688749	+
ENSG00000109943	11	122838499	122848499	+
ENSG00000105887	7	135967358	135977358	-
ENSG00000136811	9	128455185	128465185	+
ENSG00000269405	X	102247166	102257166	+
ENSG00000100814	14	20323311	20333311	-
ENSG00000180979	15	42538801	42548801	-
ENSG00000165120	7	130206343	130216343	+
ENSG00000104313	8	71582024	71592024	-
ENSG00000188107	6	65697225	65707225	-
ENSG00000146021	5	137726088	137736088	-
ENSG00000214413	10	110909200	110919200	-
ENSG00000197077	22	24952715	24962715	+
ENSG00000177989	22	50522505	50532505	-
ENSG00000005486	7	75842601	75852601	+
ENSG00000234965	22	41905073	41915073	-
ENSG00000251258	6	112347329	112357329	+
ENSG00000269437	X	102429931	102439931	-
ENSG00000155011	4	107273805	107283805	-
ENSG00000103005	16	57999545	58009545	+
ENSG00000212122	5	113424988	113434988	-
ENSG00000172967	22	16815410	16825410	-
ENSG00000256061	15	55498233	55508233	-
ENSG00000215029	X	102461841	102471841	-
ENSG00000164096	4	119294444	119304444	-
ENSG00000111275	12	111766886	111776886	+
ENSG00000164405	5	132866629	132876629	+
ENSG00000187791	9	34885763	34895763	-
ENSG00000164603	7	112929874	112939874	-
ENSG00000158164	X	102506738	102516738	-
ENSG00000163689	3	59040083	59050083	-
ENSG00000100221	22	38691555	38701555	-
ENSG00000147570	8	66021552	66031552	+
ENSG00000167634	19	54956311	54966311	-
ENSG00000122733	9	34957607	34967607	+
ENSG00000189182	12	52693523	52703523	-
ENSG00000169429	4	73740540	73750540	+
ENSG00000168411	16	74656876	74666876	-
ENSG00000178761	15	74896882	74906882	-
ENSG00000139354	12	100573682	100583682	+
ENSG00000236699	4	105552619	105562619	+
ENSG00000009954	7	73512292	73522292	-
ENSG00000068878	2	53960992	53970992	-
ENSG00000121552	3	122325247	122335247	+
ENSG00000102010	X	15464245	15474245	+
ENSG00000103035	16	74296813	74306813	+
ENSG00000165806	10	113679161	113689161	+
ENSG00000124882	4	74365144	74375144	+
ENSG00000090054	9	92105412	92115412	-
ENSG00000012048	17	43160244	43170244	-
ENSG00000174808	4	74784522	74794522	-
ENSG00000151929	10	119651379	119661379	+
ENSG00000243137	19	43197298	43207298	-
ENSG00000169239	X	15688829	15698829	+
ENSG00000114520	3	125510201	125520201	-
ENSG00000115350	2	74958642	74968642	+
ENSG00000135625	2	73283700	73293700	-
ENSG00000169249	X	15790471	15800471	+
ENSG00000137824	15	40745850	40755850	-
ENSG00000107779	10	86756600	86766600	+
ENSG00000144043	2	70984872	70994872	-
ENSG00000164039	4	103089869	103099869	-
ENSG00000269190	19	38965741	38975741	-
ENSG00000103495	16	29806105	29816105	+
ENSG00000064115	12	27004433	27014433	-
ENSG00000160963	7	101362874	101372874	+
ENSG00000109971	11	123053229	123063229	-
ENSG00000151292	5	123512098	123522098	+
ENSG00000182774	15	82530458	82540458	-
ENSG00000170260	7	149239650	149249650	+
ENSG00000174607	4	114598769	114608769	+
ENSG00000182287	X	15844930	15854930	-
ENSG00000183978	17	42788703	42798703	-
ENSG00000186187	16	74999023	75009023	+
ENSG00000169188	X	55000362	55010362	+
ENSG00000104755	8	39828288	39838288	-
ENSG00000135519	12	49539029	49549029	+
ENSG00000129566	14	20403500	20413500	-
ENSG00000248144	4	99342745	99352745	-
ENSG00000188038	16	67884884	67894884	+
ENSG00000167083	17	49200573	49210573	-
ENSG00000129595	5	112409312	112419312	-
ENSG00000184860	16	82001480	82011480	-
ENSG00000064601	20	45890143	45900143	+
ENSG00000121578	3	119230945	119240945	-
ENSG00000099338	19	38335774	38345774	+
ENSG00000108055	10	110567694	110577694	+
ENSG00000069011	5	135024812	135034812	-
ENSG00000005243	17	48028029	48038029	-
ENSG00000115486	2	85551546	85561546	-
ENSG00000185271	14	20426165	20436165	-
ENSG00000140873	16	77425033	77435033	-
ENSG00000198794	15	74957218	74967218	+
ENSG00000096093	6	52362122	52372122	+
ENSG00000124160	20	46079961	46089961	-
ENSG00000158578	X	55020976	55030976	-
ENSG00000164291	5	95555100	95565100	+
ENSG00000156471	8	96261901	96271901	+
ENSG00000185532	10	50990887	51000887	+
ENSG00000138780	4	105708777	105718777	+
ENSG00000238269	X	55075029	55085029	+
ENSG00000285814	8	7715442	7725442	+
ENSG00000092094	14	20445088	20455088	-
ENSG00000143954	2	79025685	79035685	+
ENSG00000101017	20	46118277	46128277	+
ENSG00000234068	X	55089017	55099017	+
ENSG00000124875	4	73836639	73846639	+
ENSG00000001626	7	117287119	117297119	+
ENSG00000182518	X	55151309	55161309	-
ENSG00000164761	8	118941884	118951884	-
ENSG00000256045	X	55172441	55182441	-
ENSG00000115386	2	79120361	79130361	+
ENSG00000108061	10	110919592	110929592	+
ENSG00000140718	16	53701691	53711691	+
ENSG00000161791	12	49698164	49708164	-
ENSG00000114455	3	108296489	108306489	+
ENSG00000152147	2	38751533	38761533	+
ENSG00000156170	8	94895766	94905766	+
ENSG00000021488	19	32859766	32869766	-
ENSG00000263155	15	57591903	57601903	+
ENSG00000118058	11	118436489	118446489	+
ENSG00000091138	7	107793224	107803224	-
ENSG00000176842	16	54930864	54940864	+
ENSG00000106153	7	56096475	56106475	-
ENSG00000167751	19	50861567	50871567	+
ENSG00000169684	15	78565519	78575519	+
ENSG00000106328	7	127591408	127601408	+
ENSG00000198000	9	92315635	92325635	-
ENSG00000138798	4	109912882	109922882	+
ENSG00000112282	6	131618241	131628241	-
ENSG00000043039	11	129375847	129385847	+
ENSG00000147689	8	123178959	123188959	+
ENSG00000174599	4	117075575	117085575	-
ENSG00000258873	19	57157484	57167484	-
ENSG00000140307	15	59647540	59657540	-
ENSG00000157193	1	53318468	53328468	-
ENSG00000143933	2	47166920	47176920	-
ENSG00000166250	11	123185247	123195247	-
ENSG00000112335	6	108251245	108261245	-
ENSG00000101076	20	44355699	44365699	+
ENSG00000146842	7	130197769	130207769	-
ENSG00000163870	3	127588266	127598266	-
ENSG00000113522	5	132556018	132566018	+
ENSG00000174498	15	65368001	65378001	-
ENSG00000141084	16	67796651	67806651	-
ENSG00000152672	2	70810598	70820598	-
ENSG00000100823	14	20455190	20465190	+
ENSG00000183662	3	68004246	68014246	+
ENSG00000095585	10	96261586	96271586	-
ENSG00000081051	4	73431137	73441137	+
ENSG00000105499	19	48100816	48110816	-
ENSG00000214102	7	141708352	141718352	+
ENSG00000186265	3	112489471	112499471	-
ENSG00000188312	9	92325952	92335952	+
ENSG00000179588	16	88453279	88463279	+
ENSG00000110066	11	68203827	68213827	-
ENSG00000116205	1	54053583	54063583	+
ENSG00000103187	16	84608077	84618077	-
ENSG00000198841	1	52023809	52033809	-
ENSG00000196214	19	52269586	52279586	+
ENSG00000198805	14	20468953	20478953	+
ENSG00000114904	3	52760945	52770945	-
ENSG00000146350	6	121324744	121334744	-
ENSG00000182545	14	20505536	20515536	+
ENSG00000008294	17	51110867	51120867	-
ENSG00000106809	9	92394695	92404695	-
ENSG00000146383	6	132570321	132580321	+
ENSG00000102996	16	58025753	58035753	+
ENSG00000048392	8	102228960	102238960	-
ENSG00000198225	6	63211445	63221445	+
ENSG00000115239	2	53850159	53860159	-
ENSG00000116212	1	53946084	53956084	+
ENSG00000198523	6	118548295	118558295	+
ENSG00000140395	15	78289702	78299702	-
ENSG00000083844	19	57191499	57201499	+
ENSG00000106819	9	92472505	92482505	-
ENSG00000035403	10	73995192	74005192	+
ENSG00000188655	14	20550930	20560930	-
ENSG00000166426	15	78340352	78350352	+
ENSG00000135549	6	122471916	122481916	+
ENSG00000259060	14	20599794	20609794	-
ENSG00000173464	14	20599883	20609883	-
ENSG00000167749	19	50900737	50910737	-
ENSG00000205002	8	116938206	116948206	+
ENSG00000180353	3	121650926	121660926	-
ENSG00000149557	11	125582567	125592567	-
ENSG00000106823	9	92526654	92536654	-
ENSG00000103121	16	81010269	81020269	-
ENSG00000111885	6	119339760	119349760	-
ENSG00000258436	14	20580822	20590822	-
ENSG00000181803	14	20631690	20641690	-
ENSG00000188517	4	109292751	109302751	-
ENSG00000116729	1	68223119	68233119	-
ENSG00000258818	14	20684559	20694559	+
ENSG00000259171	14	20684586	20694586	+
ENSG00000127080	9	92660130	92670130	-
ENSG00000171403	17	41562058	41572058	-
ENSG00000181562	14	20745886	20755886	+
ENSG00000181552	14	20768403	20778403	+
ENSG00000111961	6	148272303	148282303	+
ENSG00000107882	10	102503971	102513971	+
ENSG00000169413	14	20781267	20791267	+
ENSG00000091664	11	22338380	22348380	+
ENSG00000129538	14	20792854	20802854	-
ENSG00000183668	19	43259529	43269529	-
ENSG00000145388	4	118685391	118695391	+
ENSG00000102978	16	57462659	57472659	+
ENSG00000101347	20	36941892	36951892	-
ENSG00000014919	10	99722126	99732126	-
ENSG00000169385	14	20955486	20965486	+
ENSG00000130226	7	153887096	153897096	+
ENSG00000163219	2	68679600	68689600	+
ENSG00000221826	19	42730480	42740480	-
ENSG00000172139	3	112284226	112294226	-
ENSG00000165794	14	20999254	21009254	+
ENSG00000121621	11	28098155	28108155	-
ENSG00000047932	6	117592541	117602541	-
ENSG00000179636	14	21024108	21034108	+
ENSG00000165115	9	83911464	83921464	-
ENSG00000132854	1	62309433	62319433	-
ENSG00000206150	14	21024806	21034806	-
ENSG00000105402	19	47505090	47515090	-
ENSG00000162616	1	77979174	77989174	+
ENSG00000165118	9	83946985	83956985	-
ENSG00000165799	14	21042315	21052315	+
ENSG00000173431	14	21057821	21067821	+
ENSG00000157110	8	30384510	30394510	+
ENSG00000149256	11	79431029	79441029	-
ENSG00000144848	3	112552045	112562045	-
ENSG00000118900	16	4846664	4856664	+
ENSG00000139436	12	109986388	109996388	-
ENSG00000116016	2	46293666	46303666	+
ENSG00000137831	15	70753557	70763557	-
ENSG00000105851	7	106865277	106875277	+
ENSG00000155111	6	110805957	110815957	-
ENSG00000101216	20	63617100	63627100	-
ENSG00000169087	3	122783830	122793830	-
ENSG00000197457	20	63647681	63657681	-
ENSG00000259956	3	51391284	51401284	+
ENSG00000019549	8	48911739	48921739	-
ENSG00000143919	2	44361946	44371946	+
ENSG00000222011	7	102748970	102758970	+
ENSG00000196924	X	154364633	154374633	-
ENSG00000162607	1	62436296	62446296	+
ENSG00000147003	X	15665011	15675011	-
ENSG00000105383	19	51225063	51235063	+
ENSG00000169085	8	66493519	66503519	+
ENSG00000243509	20	63696651	63706651	+
ENSG00000138777	4	105464066	105474066	-
ENSG00000154027	1	77282018	77292018	+
ENSG00000198464	19	52297168	52307168	+
ENSG00000114638	3	119173516	119183516	+
ENSG00000151500	11	134243369	134253369	-
ENSG00000165801	14	21070272	21080272	+
ENSG00000261857	19	40771647	40781647	+
ENSG00000145687	5	81741796	81751796	-
ENSG00000172167	8	120445399	120455399	+
ENSG00000170142	3	23805954	23815954	+
ENSG00000147403	X	154389954	154399954	+
ENSG00000168216	6	69857235	69867235	-
ENSG00000161243	19	39022784	39032784	-
ENSG00000275183	19	54453777	54463777	-
ENSG00000165804	14	21094721	21104721	-
ENSG00000132122	1	48462207	48472207	-
ENSG00000171316	8	60678739	60688739	+
ENSG00000140365	15	75336019	75346019	+
ENSG00000176302	11	118971711	118981711	+
ENSG00000197893	10	113654069	113664069	-
ENSG00000108846	17	50634776	50644776	+
ENSG00000168772	4	104484900	104494900	-
ENSG00000223953	11	119330939	119340939	-
ENSG00000169327	14	21149059	21159059	-
ENSG00000131400	19	50355829	50365829	-
ENSG00000163519	3	108822769	108832769	+
ENSG00000137960	1	77979541	77989541	+
ENSG00000138074	2	27202957	27212957	-
ENSG00000116745	1	68439953	68449953	-
ENSG00000101246	20	63698024	63708024	-
ENSG00000149548	11	124954120	124964120	+
ENSG00000114784	3	40309706	40319706	+
ENSG00000177879	5	115841591	115851591	+
ENSG00000183691	17	56593698	56603698	+
ENSG00000183578	15	51095275	51105275	-
ENSG00000177494	3	111585345	111595345	-
ENSG00000124467	19	42845690	42855690	-
ENSG00000132855	1	62597519	62607519	+
ENSG00000166226	12	69585425	69595425	+
ENSG00000277443	6	113857344	113867344	+
ENSG00000105993	7	157335380	157345380	+
ENSG00000167264	16	67987745	67997745	+
ENSG00000172380	1	67823466	67833466	-
ENSG00000120539	10	27154823	27164823	+
ENSG00000165119	9	83970615	83980615	-
ENSG00000092201	14	21374018	21384018	-
ENSG00000172594	6	122789048	122799048	+
ENSG00000135631	2	73146720	73156720	-
ENSG00000110400	11	119719199	119729199	-
ENSG00000113369	5	91373316	91383316	-
ENSG00000108588	17	63766350	63776350	-
ENSG00000214274	14	20684176	20694176	+
ENSG00000163607	3	112990983	113000983	+
ENSG00000171150	2	46698951	46708951	+
ENSG00000112406	6	139135079	139145079	+
ENSG00000205022	16	88856659	88866659	-
ENSG00000121289	19	32961990	32971990	-
ENSG00000119737	2	53849966	53859966	-
ENSG00000178966	9	83980797	83990797	+
ENSG00000055208	6	149218640	149228640	+
ENSG00000166165	14	103512832	103522832	-
ENSG00000122375	10	86654546	86664546	+
ENSG00000116675	1	65248218	65258218	+
ENSG00000140497	15	74863364	74873364	-
ENSG00000214324	3	127193130	127203130	+
ENSG00000173626	6	116535683	116545683	-
ENSG00000154127	11	122655721	122665721	+
ENSG00000126251	19	35370928	35380928	+
ENSG00000033178	4	67691154	67701154	-
ENSG00000111834	6	116616478	116626478	+
ENSG00000197114	20	63707464	63717464	+
ENSG00000154102	16	85741128	85751128	-
ENSG00000162433	1	65147548	65157548	+
ENSG00000107890	10	27090493	27100493	-
ENSG00000166166	14	103529195	103539195	+
ENSG00000205502	15	62155284	62165284	-
ENSG00000146409	6	132803338	132813338	-
ENSG00000273154	20	63708863	63718863	+
ENSG00000164209	5	110738135	110748135	+
ENSG00000204300	11	123875669	123885669	-
ENSG00000107140	9	35605261	35615261	+
ENSG00000213625	1	65420586	65430586	+
ENSG00000115042	2	95402707	95412707	+
ENSG00000146281	6	89146054	89156054	+
ENSG00000179104	12	82686879	82696879	+
ENSG00000164451	6	116529012	116539012	+
ENSG00000105146	19	57230801	57240801	+
ENSG00000203896	20	63736282	63746282	+
ENSG00000273047	20	63738269	63748269	+
ENSG00000105929	7	138789559	138799559	-
ENSG00000146072	6	47299904	47309904	-
ENSG00000268182	19	56643158	56653158	+
ENSG00000101871	X	10823653	10833653	-
ENSG00000138785	4	105885985	105895985	-
ENSG00000128594	7	128022106	128032106	-
ENSG00000131732	5	81301586	81311586	+
ENSG00000104413	8	94641073	94651073	+
ENSG00000137101	9	35636809	35646809	-
ENSG00000072501	X	53412727	53422727	-
ENSG00000114030	3	122504944	122514944	-
ENSG00000125520	20	63739775	63749775	+
ENSG00000173376	4	121063020	121073020	-
ENSG00000118514	6	134940114	134950114	-
ENSG00000205060	7	134306929	134316929	-
ENSG00000169371	15	75616468	75626468	-
ENSG00000129993	16	88967206	88977206	-
ENSG00000164933	8	103405188	103415188	-
ENSG00000137078	9	35640949	35650949	-
ENSG00000005884	17	50055967	50065967	+
ENSG00000135604	6	144150516	144160516	+
ENSG00000118156	19	47545855	47555855	-
ENSG00000163116	4	98133475	98143475	-
ENSG00000103241	16	86510526	86520526	+
ENSG00000085999	1	46246460	46256460	+
ENSG00000113368	5	126776622	126786622	+
ENSG00000136044	12	105226202	105236202	-
ENSG00000160124	3	122373230	122383230	-
ENSG00000159884	9	35658289	35668289	+
ENSG00000182158	7	137992085	138002085	-
ENSG00000131620	11	70078301	70088301	+
ENSG00000166446	16	80794597	80804597	-
ENSG00000163605	3	72996802	73006802	+
ENSG00000137135	9	35665865	35675865	-
ENSG00000111880	6	88953617	88963617	-
ENSG00000156469	8	96251609	96261609	-
ENSG00000166415	15	53752877	53762877	-
ENSG00000187122	10	97175958	97185958	-
ENSG00000119900	6	71288810	71298810	+
ENSG00000156172	8	95259200	95269200	-
ENSG00000197757	12	53990623	54000623	+
ENSG00000164089	4	108753053	108763053	-
ENSG00000135569	6	132579685	132589685	-
ENSG00000274443	8	73249501	73259501	-
ENSG00000158966	1	64470128	64480128	+
ENSG00000057704	12	94640556	94650556	-
ENSG00000014257	3	132317368	132327368	+
ENSG00000107159	9	35673917	35683917	+
ENSG00000136982	8	119845893	119855893	-
ENSG00000258102	12	116548104	116558104	+
ENSG00000177380	19	49119543	49129543	+
ENSG00000172172	8	120435401	120445401	-
ENSG00000151233	12	42134873	42144873	-
ENSG00000203965	1	63523371	63533371	+
ENSG00000173848	10	5412556	5422556	+
ENSG00000075340	2	70758224	70768224	-
ENSG00000267173	19	44391607	44401607	-
ENSG00000178372	10	5489569	5499569	-
ENSG00000127903	19	56661782	56671782	-
ENSG00000198689	X	135973840	135983840	+
ENSG00000178363	10	5524960	5534960	+
ENSG00000136999	8	119416445	119426445	+
ENSG00000169752	15	76049794	76059794	-
ENSG00000134986	5	111987463	111997463	-
ENSG00000153898	1	84987112	84997112	-
ENSG00000166359	19	33132089	33142089	+
ENSG00000196372	10	5656594	5666594	-
ENSG00000176407	2	84971092	84981092	+
ENSG00000117069	1	76867479	76877479	+
ENSG00000198046	19	56468064	56478064	-
ENSG00000108021	10	5684837	5694837	+
ENSG00000153006	5	64758690	64768690	-
ENSG00000198467	9	35680055	35690055	-
ENSG00000102901	16	67837810	67847810	-
ENSG00000179168	19	38378081	38388081	-
ENSG00000164037	4	103009718	103019718	-
ENSG00000166922	15	32641675	32651675	+
ENSG00000204524	19	57240631	57250631	+
ENSG00000001617	3	50155044	50165044	+
ENSG00000135220	4	68941803	68951803	-
ENSG00000090013	19	40455763	40465763	-
ENSG00000127948	7	75899199	75909199	+
ENSG00000119866	2	60544466	60554466	-
ENSG00000057608	10	5832131	5842131	-
ENSG00000019144	11	118606439	118616439	+
ENSG00000034510	2	84905655	84915655	+
ENSG00000050730	4	121217465	121227465	-
ENSG00000187048	1	46931483	46941483	-
ENSG00000214513	2	73202573	73212573	+
ENSG00000167754	19	50943092	50953092	-
ENSG00000137076	9	35722194	35732194	-
ENSG00000012822	12	53717744	53727744	-
ENSG00000205220	16	67926863	67936863	-
ENSG00000269335	X	154541198	154551198	+
ENSG00000188338	3	50205245	50215245	+
ENSG00000138180	10	93496611	93506611	+
ENSG00000167554	19	52336242	52346242	+
ENSG00000217128	5	131787062	131797062	-
ENSG00000165175	X	38801431	38811431	+
ENSG00000186188	10	93566664	93576664	+
ENSG00000170819	3	133400055	133410055	+
ENSG00000107175	9	35732597	35742597	+
ENSG00000251012	3	119147374	119157374	+
ENSG00000105404	19	41949320	41959320	-
ENSG00000131148	16	85789607	85799607	-
ENSG00000258366	20	63657809	63667809	+
ENSG00000138207	10	93591743	93601743	-
ENSG00000145839	5	135885840	135895840	-
ENSG00000118600	12	63779841	63789841	+
ENSG00000254852	16	14748065	14758065	+
ENSG00000172116	2	86851923	86861923	-
ENSG00000221843	2	27537385	27547385	+
ENSG00000125703	1	62784131	62794131	+
ENSG00000095464	10	93612536	93622536	+
ENSG00000019102	11	124742254	124752254	-
ENSG00000183793	16	15371046	15381046	-
ENSG00000070610	9	35739227	35749227	-
ENSG00000239305	2	86613865	86623865	-
ENSG00000148690	10	93692591	93702591	-
ENSG00000154007	1	75922403	75932403	-
ENSG00000147642	8	109681790	109691790	-
ENSG00000107185	9	35749286	35759286	+
ENSG00000215183	9	35746612	35756612	-
ENSG00000125551	2	87748086	87758086	+
ENSG00000120708	5	136028987	136038987	+
ENSG00000167767	12	52182013	52192013	-
ENSG00000134602	X	132023301	132033301	+
ENSG00000140374	15	76301471	76311471	-
ENSG00000036672	11	119371710	119381710	-
ENSG00000115364	2	75646782	75656782	+
ENSG00000080371	12	71754862	71764862	+
ENSG00000164841	8	108777593	108787593	-
ENSG00000123728	X	132209479	132219479	-
ENSG00000126214	14	103561895	103571895	+
ENSG00000137098	9	35802271	35812271	-
ENSG00000139648	12	52543144	52553144	-
ENSG00000138802	4	109433771	109443771	+
ENSG00000165694	X	132118019	132128019	-
ENSG00000134917	11	130418608	130428608	-
ENSG00000144824	3	111732496	111742496	+
ENSG00000156804	8	123531205	123541205	-
ENSG00000162618	1	79272123	79282123	-
ENSG00000022556	19	54953129	54963129	+
ENSG00000108231	10	93757839	93767839	+
ENSG00000132840	5	79069766	79079766	+
ENSG00000137133	9	35805353	35815353	-
ENSG00000271824	5	136183161	136193161	-
ENSG00000131650	16	2964215	2974215	+
ENSG00000131233	1	38871586	38881586	-
ENSG00000146918	7	158694803	158704803	-
ENSG00000130528	19	49145395	49155395	-
ENSG00000185267	10	14828574	14838574	-
ENSG00000165972	12	95932634	95942634	-
ENSG00000073584	17	40638653	40648653	-
ENSG00000169758	15	76059957	76069957	+
ENSG00000164176	5	84374879	84384879	-
ENSG00000182379	12	57216793	57226793	+
ENSG00000256500	14	103562961	103572961	+
ENSG00000204946	7	149262170	149272170	+
ENSG00000153936	1	86914634	86924634	+
ENSG00000164902	5	126600924	126610924	+
ENSG00000123560	X	103773717	103783717	+
ENSG00000137103	9	35814450	35824450	+
ENSG00000144031	2	70978379	70988379	+
ENSG00000158186	3	138347647	138357647	+
ENSG00000174021	1	84496580	84506580	-
ENSG00000137547	8	54135240	54145240	+
ENSG00000177453	5	43192070	43202070	+
ENSG00000124374	2	71217102	71227102	-
ENSG00000204936	19	43353685	43363685	+
ENSG00000111252	12	111405922	111415922	+
ENSG00000185055	7	105590874	105600874	-
ENSG00000204930	9	35818746	35828746	-
ENSG00000163586	2	88118061	88128061	-
ENSG00000188467	15	48120989	48130989	+
ENSG00000196196	9	35906201	35916201	+
ENSG00000180938	8	124973294	124983294	+
ENSG00000187522	10	14838305	14848305	+
ENSG00000235387	9	35909489	35919489	+
ENSG00000278889	9	35948153	35958153	-
ENSG00000259916	2	94588521	94598521	+
ENSG00000134910	11	125591711	125601711	+
ENSG00000167578	19	40778215	40788215	+
ENSG00000196586	6	75749191	75759191	+
ENSG00000148842	10	102918293	102928293	+
ENSG00000168874	2	85751343	85761343	+
ENSG00000198643	3	58656833	58666833	-
ENSG00000113600	5	39414867	39424867	-
ENSG00000235376	10	103245886	103255886	+
ENSG00000148798	10	103277137	103287137	+
ENSG00000084072	1	39692181	39702181	+
ENSG00000171843	9	20612498	20622498	-
ENSG00000139323	12	89516046	89526046	-
ENSG00000001497	X	65524809	65534809	-
ENSG00000058729	5	97173246	97183246	-
ENSG00000126215	14	103705503	103715503	-
ENSG00000127564	16	2970478	2980478	-
ENSG00000172888	3	40524877	40534877	+
ENSG00000156374	10	103341143	103351143	-
ENSG00000168878	2	85658740	85668740	-
ENSG00000130751	19	47019836	47029836	+
ENSG00000109929	11	121292680	121302680	+
ENSG00000148835	10	103367975	103377975	+
ENSG00000114125	3	141738248	141748248	+
ENSG00000139651	12	53180703	53190703	+
ENSG00000155542	5	56909259	56919259	+
ENSG00000256053	14	103562959	103572959	+
ENSG00000147065	X	65588376	65598376	+
ENSG00000158467	7	129225022	129235022	+
ENSG00000162073	16	2969269	2979269	+
ENSG00000262152	16	2988255	2998255	+
ENSG00000273291	3	42809445	42819445	+
ENSG00000075043	20	63462676	63472676	-
ENSG00000180488	1	77779623	77789623	+
ENSG00000213937	16	3012922	3022922	+
ENSG00000187609	9	137413210	137423210	-
ENSG00000120068	17	48605291	48615291	-
ENSG00000184697	16	3010070	3020070	-
ENSG00000176165	14	28766786	28776786	+
ENSG00000173915	10	103386491	103396491	-
ENSG00000236279	7	139523684	139533684	+
ENSG00000076685	10	103267604	103277604	-
ENSG00000144909	3	125585496	125595496	-
ENSG00000184502	17	41712330	41722330	+
ENSG00000174579	3	136187240	136197240	-
ENSG00000134057	5	69167134	69177134	+
ENSG00000016490	1	86468367	86478367	+
ENSG00000140386	15	76895443	76905443	-
ENSG00000176273	10	93893972	93903972	+
ENSG00000119699	14	75973010	75983010	-
ENSG00000188786	1	37849591	37859591	-
ENSG00000250782	5	17634459	17644459	+
ENSG00000112419	6	143536844	143546844	+
ENSG00000283071	14	103084209	103094209	+
ENSG00000188833	9	137431815	137441815	-
ENSG00000105063	19	55249016	55259016	-
ENSG00000170549	5	3595831	3605831	+
ENSG00000105778	7	32495425	32505425	+
ENSG00000184838	5	120464299	120474299	+
ENSG00000011260	17	51260545	51270545	+
ENSG00000120992	8	54092016	54102016	-
ENSG00000205436	14	103100143	103110143	+
ENSG00000065485	3	123067024	123077024	+
ENSG00000117151	1	84564479	84574479	-
ENSG00000261873	17	55501443	55511443	-
ENSG00000145826	5	135944982	135954982	-
ENSG00000185215	14	103121475	103131475	+
ENSG00000174564	3	136946229	136956229	+
ENSG00000131652	16	3024026	3034026	+
ENSG00000048028	11	113865569	113875569	-
ENSG00000173145	10	94352958	94362958	-
ENSG00000167755	19	50959672	50969672	-
ENSG00000088881	20	2692873	2702873	+
ENSG00000188266	15	78507563	78517563	+
ENSG00000130653	9	137540401	137550401	-
ENSG00000167617	19	54463295	54473295	-
ENSG00000182154	9	137551878	137561878	+
ENSG00000162069	16	3026943	3036943	-
ENSG00000108239	10	94402540	94412540	+
ENSG00000117868	7	158820252	158830252	-
ENSG00000088882	20	2790626	2800626	-
ENSG00000138459	3	112561708	112571708	+
ENSG00000241690	20	2814967	2824967	+
ENSG00000258713	20	2814986	2824986	+
ENSG00000148399	9	137568924	137578924	-
ENSG00000198326	20	2816301	2826301	+
ENSG00000188766	19	38388420	38398420	+
ENSG00000085365	5	78360610	78370610	+
ENSG00000130748	19	47038623	47048623	-
ENSG00000104129	15	40797477	40807477	-
ENSG00000166105	11	134274244	134284244	+
ENSG00000221923	19	52369916	52379916	+
ENSG00000133561	7	150622647	150632647	-
ENSG00000012504	12	100473707	100483707	+
ENSG00000270672	7	142666271	142676271	+
ENSG00000178175	5	72497409	72507409	-
ENSG00000163803	2	28457144	28467144	+
ENSG00000130182	16	3089294	3099294	-
ENSG00000145103	3	122012246	122022246	-
ENSG00000132635	20	2831189	2841189	-
ENSG00000166118	11	133835537	133845537	-
ENSG00000165724	9	137580511	137590511	-
ENSG00000198231	17	63773602	63783602	+
ENSG00000105677	19	35545599	35555599	+
ENSG00000100664	14	103333543	103343543	+
ENSG00000071242	6	166896450	166906450	-
ENSG00000197070	9	137605684	137615684	+
ENSG00000151135	12	106955718	106965718	+
ENSG00000158220	3	138434585	138444585	+
ENSG00000106028	7	141738333	141748333	+
ENSG00000189001	19	35518350	35528350	-
ENSG00000113361	5	31193685	31203685	+
ENSG00000085644	16	3129776	3139776	+
ENSG00000283205	9	87956213	87966213	+
ENSG00000134954	11	128577557	128587557	-
ENSG00000135547	6	125747663	125757663	+
ENSG00000132561	8	97868839	97878839	+
ENSG00000168124	16	3204246	3214246	+
ENSG00000165959	14	95309907	95319907	-
ENSG00000215305	20	2840702	2850702	+
ENSG00000175324	8	38166729	38176729	-
ENSG00000006194	16	3263799	3273799	+
ENSG00000152413	5	79504133	79514133	-
ENSG00000137090	9	841689	851689	+
ENSG00000156509	8	100135816	100145816	-
ENSG00000064218	9	976654	986654	+
ENSG00000140993	16	3295728	3305728	-
ENSG00000258986	14	104595646	104605646	-
ENSG00000197479	5	141199609	141209609	+
ENSG00000101363	20	37289648	37299648	+
ENSG00000168158	16	3355888	3365888	+
ENSG00000232196	16	3362667	3372667	-
ENSG00000155093	7	158577822	158587822	-
ENSG00000188938	9	93443580	93453580	-
ENSG00000135624	2	73233419	73243419	+
ENSG00000154134	11	124865431	124875431	+
ENSG00000130699	20	62055880	62065880	-
ENSG00000053108	5	133602540	133612540	-
ENSG00000184990	14	104753146	104763146	+
ENSG00000125878	20	600308	610308	-
ENSG00000162434	1	65057753	65067753	-
ENSG00000105698	19	35268961	35278961	+
ENSG00000179627	14	104800595	104810595	+
ENSG00000140987	16	3391064	3401064	-
ENSG00000124243	20	50794893	50804893	+
ENSG00000009335	7	157138915	157148915	+
ENSG00000149634	20	45877621	45887621	-
ENSG00000118007	3	136742402	136752402	-
ENSG00000103343	16	3401214	3411214	+
ENSG00000124596	6	41087786	41097786	-
ENSG00000167981	16	3433503	3443503	-
ENSG00000269699	19	56830728	56840728	-
ENSG00000064393	7	139767997	139777997	-
ENSG00000285976	6	63572471	63582471	+
ENSG00000048828	9	93451684	93461684	+
ENSG00000137575	8	58552923	58562923	+
ENSG00000120278	6	150599882	150609882	+
ENSG00000244274	20	45406056	45416056	+
ENSG00000196421	20	64034343	64044343	+
ENSG00000106436	7	101619295	101629295	-
ENSG00000124466	19	43455607	43465607	-
ENSG00000146378	6	132614274	132624274	-
ENSG00000123545	6	96887890	96897890	-
ENSG00000119969	10	94501433	94511433	+
ENSG00000101255	20	362834	372834	+
ENSG00000113648	5	135389913	135399913	-
ENSG00000189007	6	143440694	143450694	-
ENSG00000171695	20	64074397	64084397	-
ENSG00000197362	7	149080781	149090781	-
ENSG00000114631	3	127629184	127639184	+
ENSG00000132429	6	105170013	105180013	-
ENSG00000137941	1	83989149	83999149	-
ENSG00000128519	7	122985699	122995699	-
ENSG00000112195	6	41191148	41201148	-
ENSG00000155792	8	119873716	119883716	+
ENSG00000116717	1	67685200	67695200	+
ENSG00000214253	7	101242315	101252315	-
ENSG00000088053	19	55028263	55038263	-
ENSG00000121152	2	96335765	96345765	+
ENSG00000114573	3	113747032	113757032	+
ENSG00000130749	19	47103775	47113775	-
ENSG00000215114	8	58411358	58421358	+
ENSG00000257093	7	141692165	141702165	-
ENSG00000111817	6	116254172	116264172	+
ENSG00000127362	7	141764096	141774096	+
ENSG00000164251	5	76818932	76828932	+
ENSG00000140455	15	63504510	63514510	+
ENSG00000170802	2	48314636	48324636	+
ENSG00000138193	10	93993930	94003930	+
ENSG00000108433	17	46923074	46933074	+
ENSG00000105675	19	35553657	35563657	-
ENSG00000145743	5	108372097	108382097	-
ENSG00000137968	1	75601115	75611115	-
ENSG00000155903	3	141487026	141497026	+
ENSG00000107104	9	470290	480290	+
ENSG00000261456	10	64162	74162	-
ENSG00000149571	11	126993459	127003459	-
ENSG00000113296	5	79991310	80001310	+
ENSG00000122390	16	3443648	3453648	+
ENSG00000196511	7	144826394	144836394	-
ENSG00000091039	12	76549808	76559808	-
ENSG00000066135	1	43650148	43660148	+
ENSG00000056558	9	120919172	120929172	-
ENSG00000243943	2	27582968	27592968	+
ENSG00000158234	3	138608605	138618605	+
ENSG00000206527	3	123575052	123585052	-
ENSG00000284895	1	41618815	41628815	-
ENSG00000173163	2	61888723	61898723	+
ENSG00000177889	12	93431946	93441946	-
ENSG00000215131	16	3485488	3495488	-
ENSG00000117174	1	85698432	85708432	-
ENSG00000163421	3	71775205	71785205	-
ENSG00000166086	11	134069070	134079070	+
ENSG00000136379	15	80679683	80689683	+
ENSG00000163430	3	120440992	120450992	-
ENSG00000135299	6	89433151	89443151	+
ENSG00000106804	9	121040274	121050274	-
ENSG00000128881	15	42910808	42920808	-
ENSG00000147140	X	71254813	71264813	+
ENSG00000133619	7	149714780	149724780	+
ENSG00000090372	19	46736993	46746993	-
ENSG00000103351	16	3500975	3510975	+
ENSG00000120280	X	30567765	30577765	-
ENSG00000050393	6	13804567	13814567	-
ENSG00000166557	15	79311111	79321111	+
ENSG00000119396	9	121213013	121223013	-
ENSG00000005379	17	58318794	58328794	-
ENSG00000135426	12	54974761	54984761	-
ENSG00000135175	7	97981168	97991168	-
ENSG00000136897	9	101388617	101398617	-
ENSG00000197978	15	82430017	82440017	+
ENSG00000164494	6	107449563	107459563	-
ENSG00000124743	6	53655755	53665755	-
ENSG00000157500	3	57227725	57237725	+
ENSG00000184313	1	54641753	54651753	+
ENSG00000136872	9	101439663	101449663	-
ENSG00000197714	19	57280050	57290050	+
ENSG00000167984	16	3567402	3577402	-
ENSG00000176542	3	113686645	113696645	-
ENSG00000135540	6	138682570	138692570	-
ENSG00000100697	14	95148009	95158009	-
ENSG00000168875	3	137764314	137774314	+
ENSG00000165152	9	101523536	101533536	-
ENSG00000215712	6	157313600	157323600	-
ENSG00000214237	3	150895438	150905438	-
ENSG00000198814	X	30653358	30663358	+
ENSG00000285733	6	169692046	169702046	-
ENSG00000118017	3	138122389	138132389	-
ENSG00000188827	16	3601605	3611605	-
ENSG00000124092	20	57515651	57525651	-
ENSG00000257743	7	142111748	142121748	+
ENSG00000169035	19	50974098	50984098	-
ENSG00000158104	12	121853595	121863595	-
ENSG00000120899	8	27311481	27321481	+
ENSG00000114023	3	122384175	122394175	+
ENSG00000155827	9	101533852	101543852	+
ENSG00000115306	2	54456316	54466316	+
ENSG00000122420	1	78303883	78313883	+
ENSG00000108423	17	59882944	59892944	-
ENSG00000188386	9	101585020	101595020	-
ENSG00000139133	12	34022467	34032467	+
ENSG00000141200	17	53822926	53832926	+
ENSG00000267561	1	86993008	87003008	+
ENSG00000136881	9	101375399	101385399	-
ENSG00000102230	X	24662676	24672676	-
ENSG00000106025	7	120848401	120858401	-
ENSG00000196735	6	32628178	32638178	+
ENSG00000143013	1	87328879	87338879	+
ENSG00000120159	9	26882802	26892802	-
ENSG00000162878	2	42048020	42058020	+
ENSG00000125508	20	63537748	63547748	-
ENSG00000112115	6	52186374	52196374	+
ENSG00000149547	11	125569279	125579279	+
ENSG00000134748	1	52404601	52414601	+
ENSG00000097096	1	85191015	85201015	-
ENSG00000049130	12	88570850	88580850	-
ENSG00000005249	7	107044704	107054704	+
ENSG00000147677	8	116756924	116766924	-
ENSG00000137055	9	26937241	26947241	-
ENSG00000142892	1	77209429	77219429	-
ENSG00000184434	9	26995671	27005671	-
ENSG00000103888	15	80779342	80789342	+
ENSG00000149599	20	31860663	31870663	-
ENSG00000184005	1	76074745	76084745	+
ENSG00000105486	19	48160602	48170602	-
ENSG00000166073	15	39910265	39920265	-
ENSG00000120160	9	27287149	27297149	-
ENSG00000101868	X	24693872	24703872	+
ENSG00000172023	2	79078018	79088018	-
ENSG00000144895	3	150546677	150556677	+
ENSG00000197273	1	42154744	42164744	-
ENSG00000112992	5	43602691	43612691	+
ENSG00000186191	20	33079642	33089642	+
ENSG00000155097	8	103021062	103031062	+
ENSG00000004848	X	25006419	25016419	-
ENSG00000117971	15	78717753	78727753	-
ENSG00000206536	3	98390665	98400665	+
ENSG00000182484	X	156020825	156030825	+
ENSG00000057663	6	106315790	106325790	-
ENSG00000108443	17	59893045	59903045	+
ENSG00000221878	19	42927206	42937206	-
ENSG00000168894	2	85595724	85605724	+
ENSG00000058804	1	53828462	53838462	-
ENSG00000174306	20	41307730	41317730	-
ENSG00000114744	3	149742494	149752494	-
ENSG00000223611	X	24304078	24314078	-
ENSG00000278129	19	58278954	58288954	+
ENSG00000223731	X	24362324	24372324	+
ENSG00000104490	8	102114906	102124906	-
ENSG00000180383	20	31466756	31476756	-
ENSG00000126602	16	3707552	3717552	-
ENSG00000140557	15	92393880	92403880	+
ENSG00000125813	20	21705658	21715658	+
ENSG00000152284	2	85133391	85143391	+
ENSG00000028203	12	95217745	95227745	+
ENSG00000177707	3	111070070	111080070	+
ENSG00000108406	17	59565557	59575557	+
ENSG00000133265	19	55270380	55280380	-
ENSG00000111832	6	116571408	116581408	+
ENSG00000185739	16	4232079	4242079	-
ENSG00000102393	X	101398011	101408011	-
ENSG00000015171	10	134464	144464	+
ENSG00000162402	1	55205363	55215363	-
ENSG00000103569	15	58138168	58148168	+
ENSG00000137500	11	83276406	83286406	-
ENSG00000240891	3	111674675	111684675	+
ENSG00000178445	9	6635728	6645728	-
ENSG00000130244	19	38403134	38413134	+
ENSG00000090447	16	4263074	4273074	-
ENSG00000159399	2	74834126	74844126	+
ENSG00000081059	5	134114680	134124680	+
ENSG00000104537	8	123727401	123737401	-
ENSG00000163637	3	64435475	64445475	-
ENSG00000126603	16	4314760	4324760	+
ENSG00000136936	9	97687339	97697339	-
ENSG00000144843	3	119579267	119589267	+
ENSG00000124181	20	41136959	41146959	+
ENSG00000138674	4	82891165	82901165	-
ENSG00000023287	8	52735842	52745842	-
ENSG00000154975	17	52150016	52160016	-
ENSG00000217930	16	4345606	4355606	-
ENSG00000185250	6	109431170	109441170	-
ENSG00000140368	15	76993358	77003358	+
ENSG00000075429	17	66835116	66845116	+
ENSG00000100722	14	88562969	88572969	+
ENSG00000152977	3	147393421	147403421	+
ENSG00000185345	6	162717774	162727774	-
ENSG00000006837	5	134361046	134371046	-
ENSG00000011052	17	51153589	51163589	+
ENSG00000103426	16	4410493	4420493	-
ENSG00000165078	8	67736377	67746377	-
ENSG00000155087	8	102551588	102561588	+
ENSG00000189050	17	59954760	59964760	-
ENSG00000130529	19	49157740	49167740	+
ENSG00000171643	5	76850000	76860000	+
ENSG00000114013	3	122055361	122065361	+
ENSG00000010818	6	142946697	142956697	-
ENSG00000164932	8	103371537	103381537	+
ENSG00000169609	15	83001640	83011640	-
ENSG00000151502	11	134224670	134234670	+
ENSG00000172403	4	118850687	118860687	+
ENSG00000203872	6	87344812	87354812	+
ENSG00000112378	6	138097418	138107418	-
ENSG00000121068	17	61399842	61409842	+
ENSG00000204361	11	114678526	114688526	+
ENSG00000111962	6	148747029	148757029	+
ENSG00000112972	5	43303511	43313511	-
ENSG00000167618	19	54497878	54507878	+
ENSG00000164758	8	117520712	117530712	+
ENSG00000139218	12	45982119	45992119	-
ENSG00000165802	9	137449333	137459333	-
ENSG00000171195	4	70430491	70440491	+
ENSG00000146276	6	89221277	89231277	-
ENSG00000165521	14	88782751	88792751	-
ENSG00000176531	19	43494934	43504934	-
ENSG00000042493	2	85408431	85418431	-
ENSG00000131019	6	150059120	150069120	-
ENSG00000164099	4	118343002	118353002	-
ENSG00000131711	5	72107233	72117233	+
ENSG00000140598	15	82252733	82262733	-
ENSG00000131089	X	63799273	63809273	-
ENSG00000175792	3	128143913	128153913	-
ENSG00000108984	17	69414696	69424696	+
ENSG00000196562	20	47776615	47786615	-
ENSG00000198829	3	151873642	151883642	+
ENSG00000138653	4	115103875	115113875	-
ENSG00000120329	5	141294048	141304048	-
ENSG00000197798	11	126211723	126221723	+
ENSG00000128512	7	112196406	112206406	-
ENSG00000065518	3	120596327	120606327	+
ENSG00000164414	6	87470622	87480622	+
ENSG00000164404	5	132856883	132866883	-
ENSG00000101440	20	34194568	34204568	+
ENSG00000173611	9	125133527	125143527	-
ENSG00000125522	20	64097564	64107564	-
ENSG00000188909	11	122971833	122981833	-
ENSG00000139154	12	19404044	19414044	+
ENSG00000283782	5	132410831	132420831	+
ENSG00000288661	X	63744663	63754663	-
ENSG00000145390	4	119212586	119222586	+
ENSG00000164283	5	55012670	55022670	-
ENSG00000154143	11	124611427	124621427	+
ENSG00000154217	17	67377280	67387280	+
ENSG00000164754	8	116864775	116874775	-
ENSG00000172264	20	13995368	14005368	+
ENSG00000181444	7	149763587	149773587	-
ENSG00000181666	19	37312836	37322836	+
ENSG00000262246	16	4415704	4425704	-
ENSG00000165533	14	88824152	88834152	+
ENSG00000051620	6	138403530	138413530	+
ENSG00000145708	5	76953044	76963044	+
ENSG00000121039	8	73294601	73304601	+
ENSG00000196547	15	90902217	90912217	+
ENSG00000154229	17	66302612	66312612	+
ENSG00000131016	6	151239966	151249966	+
ENSG00000080845	20	36306335	36316335	+
ENSG00000155918	6	150015531	150025531	-
ENSG00000169057	X	154127102	154137102	-
ENSG00000154529	9	42119509	42129509	-
ENSG00000174136	5	98768649	98778649	+
ENSG00000154133	11	124888499	124898499	-
ENSG00000186591	7	129942959	129952959	-
ENSG00000151882	5	43402390	43412390	-
ENSG00000168421	4	40191052	40201052	+
ENSG00000288642	X	140774365	140784365	-
ENSG00000125740	19	45467994	45477994	+
ENSG00000168883	2	85602855	85612855	+
ENSG00000224902	X	49579982	49589982	+
ENSG00000166707	X	104112130	104122130	+
ENSG00000125823	20	23439684	23449684	+
ENSG00000178229	19	57320471	57330471	+
ENSG00000164512	5	56223329	56233329	-
ENSG00000168256	17	42011381	42021381	+
ENSG00000055813	2	56183989	56193989	+
ENSG00000164961	8	125081818	125091818	-
ENSG00000103942	15	82976152	82986152	-
ENSG00000158639	X	55220345	55230345	+
ENSG00000187116	19	54303165	54313165	-
ENSG00000283758	19	35586160	35596160	+
ENSG00000136040	12	94148576	94158576	+
ENSG00000145757	5	95688710	95698710	-
ENSG00000159556	15	76336772	76346772	+
ENSG00000105755	19	43517229	43527229	-
ENSG00000168140	16	4371847	4381847	+
ENSG00000228486	2	97664216	97674216	+
ENSG00000114107	3	138584537	138594537	-
ENSG00000185305	5	54300581	54310581	-
ENSG00000185453	19	48170679	48180679	+
ENSG00000149295	11	113465690	113475690	-
ENSG00000147509	8	53851794	53861794	+
ENSG00000111046	12	80707633	80717633	+
ENSG00000185515	X	155071419	155081419	+
ENSG00000188997	11	78178625	78188625	-
ENSG00000120832	12	106977159	106987159	-
ENSG00000171561	11	75086875	75096875	-
ENSG00000112742	6	80003886	80013886	+
ENSG00000125846	20	18288282	18298282	+
ENSG00000181191	X	69155520	69165520	-
ENSG00000129455	19	50992710	51002710	-
ENSG00000165478	11	124926411	124936411	-
ENSG00000088899	20	3163548	3173548	-
ENSG00000125895	20	1175414	1185414	-
ENSG00000163590	3	160755601	160765601	+
ENSG00000034677	8	100326217	100336217	-
ENSG00000103423	16	4425804	4435804	+
ENSG00000278318	19	44438577	44448577	-
ENSG00000125355	X	120301555	120311555	-
ENSG00000148019	9	78236061	78246061	+
ENSG00000138709	4	128061285	128071285	+
ENSG00000236543	9	135604344	135614344	+
ENSG00000160439	19	55061290	55071290	-
ENSG00000111142	12	95473519	95483519	+
ENSG00000148090	9	91351917	91361917	-
ENSG00000049883	5	72320366	72330366	+
ENSG00000110172	11	90213076	90223076	-
ENSG00000005059	4	109560208	109570208	+
ENSG00000163406	3	121894400	121904400	+
ENSG00000068308	X	48948385	48958385	-
ENSG00000170627	12	54463601	54473601	-
ENSG00000167555	19	52397848	52407848	+
ENSG00000158089	2	31145201	31155201	-
ENSG00000198856	4	108650584	108660584	+
ENSG00000031081	3	119294382	119304382	+
ENSG00000132670	20	2873419	2883419	+
ENSG00000151422	5	108747840	108757840	+
ENSG00000102387	X	101283056	101293056	-
ENSG00000119125	9	72114594	72124594	+
ENSG00000073417	15	84980439	84990439	+
ENSG00000006282	17	50543057	50553057	+
ENSG00000204025	X	111876050	111886050	+
ENSG00000087884	11	77821108	77831108	+
ENSG00000058262	3	128051640	128061640	+
ENSG00000106278	7	121873088	121883088	+
ENSG00000203485	14	104681145	104691145	+
ENSG00000109182	4	48986274	48996274	+
ENSG00000158435	2	101252885	101262885	+
ENSG00000165359	X	135520658	135530658	+
ENSG00000244588	20	1226043	1236043	+
ENSG00000124203	20	59123380	59133380	+
ENSG00000115353	2	75189519	75199519	-
ENSG00000140398	15	75346954	75356954	+
ENSG00000125744	19	45487054	45497054	-
ENSG00000116641	1	62678385	62688385	-
ENSG00000164713	7	98252378	98262378	+
ENSG00000176472	19	43525496	43535496	+
ENSG00000227471	7	134549109	134559109	+
ENSG00000103415	16	4474689	4484689	+
ENSG00000164100	4	118033617	118043617	+
ENSG00000169330	15	79432335	79442335	+
ENSG00000213022	19	50999633	51009633	-
ENSG00000172260	1	72272538	72282538	-
ENSG00000183023	2	40601052	40611052	-
ENSG00000165495	11	125164686	125174686	+
ENSG00000179144	7	150514871	150524871	+
ENSG00000205571	5	70049637	70059637	+
ENSG00000165410	14	34704822	34714822	-
ENSG00000169021	19	29203150	29213150	-
ENSG00000243130	19	43016473	43026473	-
ENSG00000141540	17	74213570	74223570	+
ENSG00000281991	16	30740641	30750641	+
ENSG00000176406	8	103500695	103510695	+
ENSG00000005889	X	24149172	24159172	+
ENSG00000049618	6	156776019	156786019	+
ENSG00000149564	11	124752289	124762289	-
ENSG00000126752	X	48255391	48265391	+
ENSG00000061492	5	138083989	138093989	+
ENSG00000197779	X	47836901	47846901	+
ENSG00000047457	3	149211828	149221828	-
ENSG00000063127	19	49315214	49325214	-
ENSG00000133195	17	73082711	73092711	-
ENSG00000173926	5	127020557	127030557	-
ENSG00000142396	19	58305318	58315318	+
ENSG00000078699	20	33490074	33500074	+
ENSG00000131979	14	54892825	54902825	-
ENSG00000104388	8	60516935	60526935	+
ENSG00000185104	1	50950266	50960266	-
ENSG00000189367	6	127449388	127459388	-
ENSG00000156873	16	30748292	30758292	+
ENSG00000133884	11	65333851	65343851	+
ENSG00000150961	4	118828682	118838682	-
ENSG00000126821	14	63718064	63728064	-
ENSG00000288649	20	33666942	33676942	+
ENSG00000080561	X	107825754	107835754	+
ENSG00000066405	3	137998734	138008734	+
ENSG00000135587	6	109440723	109450723	+
ENSG00000140612	15	84706459	84716459	-
ENSG00000112306	6	132814568	132824568	+
ENSG00000138032	2	44167968	44177968	+
ENSG00000138231	3	138164920	138174920	-
ENSG00000117480	1	46394316	46404316	+
ENSG00000221932	11	124919243	124929243	+
ENSG00000146005	5	139795807	139805807	+
ENSG00000164411	6	87319277	87329277	-
ENSG00000120509	X	70280513	70290513	-
ENSG00000177688	6	149400261	149410261	+
ENSG00000196118	16	30752220	30762220	-
ENSG00000176788	5	17065597	17075597	+
ENSG00000135972	2	105038068	105048068	+
ENSG00000157111	5	73120568	73130568	+
ENSG00000157800	7	140394432	140404432	-
ENSG00000173193	3	122680838	122690838	+
ENSG00000113583	5	133958673	133968673	-
ENSG00000102870	16	30777204	30787204	-
ENSG00000181991	15	88467452	88477452	+
ENSG00000157884	2	26631365	26641365	-
ENSG00000181027	19	46746045	46756045	+
ENSG00000147576	8	66432491	66442491	+
ENSG00000175938	16	30949067	30959067	+
ENSG00000153721	6	154500684	154510684	-
ENSG00000137944	1	88982952	88992952	-
ENSG00000164219	5	115252876	115262876	-
ENSG00000158163	3	138105817	138115817	-
ENSG00000182183	1	52633167	52643167	+
ENSG00000118640	2	85561561	85571561	+
ENSG00000242221	19	43073044	43083044	-
ENSG00000118689	6	108559834	108569834	+
ENSG00000166831	15	64765588	64775588	-
ENSG00000099377	16	30985206	30995206	+
ENSG00000067334	1	93869917	93879917	-
ENSG00000159685	3	126704239	126714239	+
ENSG00000120498	X	70898710	70908710	-
ENSG00000113658	5	136132844	136142844	+
ENSG00000147138	X	79144687	79154687	+
ENSG00000142731	4	127880892	127890892	+
ENSG00000119801	2	30146940	30156940	+
ENSG00000099365	16	31000637	31010637	-
ENSG00000270394	4	116298875	116308875	+
ENSG00000189077	7	75984655	75994655	-
ENSG00000121579	3	113736299	113746299	-
ENSG00000179041	8	66429013	66439013	+
ENSG00000164197	5	64165842	64175842	+
ENSG00000137726	11	117867485	117877485	-
ENSG00000119862	2	64453968	64463968	+
ENSG00000237190	5	134401880	134411880	-
ENSG00000182447	3	161496807	161506807	+
ENSG00000145649	5	55102645	55112645	+
ENSG00000168438	6	110180140	110190140	+
ENSG00000169976	6	144085572	144095572	-
ENSG00000163762	3	149324413	149334413	-
ENSG00000160469	19	55282071	55292071	+
ENSG00000155329	5	133016603	133026603	-
ENSG00000146425	6	158634742	158644742	-
ENSG00000185304	2	87815951	87825951	-
ENSG00000239642	5	131935697	131945697	-
ENSG00000120903	8	27469882	27479882	-
ENSG00000141198	17	54899386	54909386	+
ENSG00000145692	5	79111808	79121808	+
ENSG00000160683	11	118883891	118893891	+
ENSG00000122417	1	86386341	86396341	-
ENSG00000149328	11	134331873	134341873	+
ENSG00000103496	16	31032888	31042888	+
ENSG00000104375	8	98932826	98942826	-
ENSG00000114686	3	131492982	131502982	-
ENSG00000138735	4	119618803	119628803	-
ENSG00000064300	17	49495292	49505292	+
ENSG00000047188	5	113513693	113523693	+
ENSG00000167394	16	31064239	31074239	-
ENSG00000125354	X	119683369	119693369	-
ENSG00000133193	17	73226752	73236752	-
ENSG00000167395	16	31074421	31084421	+
ENSG00000147614	8	85987322	85997322	+
ENSG00000061987	12	62466816	62476816	+
ENSG00000131037	19	55072019	55082019	+
ENSG00000163737	4	73972026	73982026	-
ENSG00000163114	4	95840092	95850092	+
ENSG00000266826	17	58682017	58692017	-
ENSG00000109956	11	134402241	134412241	-
ENSG00000151006	16	31079627	31089627	-
ENSG00000163630	3	63228314	63238314	+
ENSG00000080709	5	114055925	114065925	+
ENSG00000256060	19	57363550	57373550	+
ENSG00000255439	16	31084955	31094955	-
ENSG00000258405	19	52453552	52463552	+
ENSG00000119777	2	27032909	27042909	+
ENSG00000164109	4	120056857	120066857	-
ENSG00000141232	17	50857977	50867977	-
ENSG00000135363	11	33882075	33892075	-
ENSG00000167397	16	31085979	31095979	-
ENSG00000129451	19	51010174	51020174	-
ENSG00000064313	8	119822840	119832840	-
ENSG00000131508	5	139526430	139536430	+
ENSG00000186867	4	121371058	121381058	-
ENSG00000188778	8	37956598	37966598	-
ENSG00000106976	9	128191654	128201654	+
ENSG00000187372	5	141213918	141223918	+
ENSG00000285982	8	103491894	103501894	-
ENSG00000164406	5	132873443	132883443	+
ENSG00000170921	17	63009555	63019555	+
ENSG00000140400	15	75358611	75368611	-
ENSG00000115041	2	95297326	95307326	+
ENSG00000081803	7	122876758	122886758	-
ENSG00000146006	5	138865367	138875367	-
ENSG00000145780	5	115534774	115544774	-
ENSG00000284762	5	77086731	77096731	+
ENSG00000085117	11	44564426	44574426	+
ENSG00000115956	2	68365281	68375281	+
ENSG00000147679	8	116766504	116776504	+
ENSG00000241258	7	66114603	66124603	+
ENSG00000153561	2	86720290	86730290	+
ENSG00000082068	5	37379284	37389284	+
ENSG00000186074	17	74702977	74712977	-
ENSG00000138814	4	101338277	101348277	-
ENSG00000149084	11	43680679	43690679	+
ENSG00000163060	2	94871429	94881429	+
ENSG00000112038	6	154010495	154020495	+
ENSG00000103507	16	31106106	31116106	+
ENSG00000104859	19	45039044	45049044	+
ENSG00000142949	1	43525186	43535186	+
ENSG00000096968	9	4984389	4994389	+
ENSG00000184156	8	132471094	132481094	-
ENSG00000187959	17	73252351	73262351	-
ENSG00000268133	19	57363565	57373565	+
ENSG00000140391	15	77073983	77083983	-
ENSG00000115616	2	102619552	102629552	+
ENSG00000197405	19	47290022	47300022	+
ENSG00000176160	17	58478407	58488407	-
ENSG00000106034	7	120988696	120998696	+
ENSG00000204347	17	74351867	74361867	-
ENSG00000198223	X	1268799	1278799	+
ENSG00000103510	16	31114488	31124488	+
ENSG00000118094	11	118669689	118679689	-
ENSG00000285655	8	66430184	66440184	+
ENSG00000013503	12	106357747	106367747	+
ENSG00000166173	15	70844156	70854156	-
ENSG00000198846	8	59109146	59119146	-
ENSG00000105281	19	46778593	46788593	-
ENSG00000166685	17	73192631	73202631	+
ENSG00000109270	4	99884427	99894427	-
ENSG00000052344	16	31125726	31135726	-
ENSG00000109881	11	27353233	27363233	-
ENSG00000172901	5	115962453	115972453	+
ENSG00000116133	1	54877194	54887194	-
ENSG00000146963	7	139340358	139350358	+
ENSG00000071082	2	101002228	101012228	+
ENSG00000109158	4	46983580	46993580	-
ENSG00000183283	12	51238723	51248723	+
ENSG00000187151	11	101906521	101916521	-
ENSG00000106868	9	112165296	112175296	-
ENSG00000258223	7	142248057	142258057	-
ENSG00000183395	12	102187832	102197832	-
ENSG00000119782	2	24049700	24059700	+
ENSG00000178226	16	31140082	31150082	-
ENSG00000086827	11	113763734	113773734	-
ENSG00000125503	19	55107636	55117636	-
ENSG00000165091	9	72521607	72531607	+
ENSG00000175183	12	76869022	76879022	-
ENSG00000151012	4	138232348	138242348	-
ENSG00000103490	16	31193449	31203449	-
ENSG00000177238	16	31214090	31224090	+
ENSG00000153317	8	130433673	130443673	-
ENSG00000125753	19	45506578	45516578	+
ENSG00000110318	11	101915009	101925009	+
ENSG00000075568	2	97985947	97995947	-
ENSG00000131558	7	133253072	133263072	+
ENSG00000185742	11	109422189	109432189	+
ENSG00000181778	9	68530882	68540882	-
ENSG00000114771	3	151814072	151824072	+
ENSG00000140553	15	90930179	90940179	+
ENSG00000135974	2	105337531	105347531	+
ENSG00000172239	5	43547757	43557757	-
ENSG00000149534	11	60088260	60098260	+
ENSG00000249242	4	82552356	82562356	-
ENSG00000110375	11	118925163	118935163	+
ENSG00000123360	12	54549600	54559600	+
ENSG00000105479	19	48311970	48321970	-
ENSG00000103310	16	21204509	21214509	-
ENSG00000214782	11	60729303	60739303	+
ENSG00000170684	19	45066586	45076586	-
ENSG00000175311	16	21233698	21243698	+
ENSG00000154438	7	117418122	117428122	-
ENSG00000108370	17	65100811	65110811	+
ENSG00000169246	16	21438566	21448566	-
ENSG00000171502	1	86146942	86156942	-
ENSG00000147654	8	109539710	109549710	+
ENSG00000163162	2	101298700	101308700	-
ENSG00000180828	8	64580364	64590364	+
ENSG00000166961	11	60756866	60766866	+
ENSG00000064652	5	122843438	122853438	+
ENSG00000147676	8	119165033	119175033	+
ENSG00000162399	1	54998932	55008932	+
ENSG00000182674	8	72537224	72547224	+
ENSG00000106615	7	151510119	151520119	-
ENSG00000116157	1	52602370	52612370	+
ENSG00000174989	12	116910949	116920949	+
ENSG00000134853	4	54229279	54239279	+
ENSG00000196169	17	74326209	74336209	+
ENSG00000175449	5	95646753	95656753	+
ENSG00000136895	9	127224264	127234264	+
ENSG00000164040	4	128278828	128288828	-
ENSG00000145721	5	97132752	97142752	-
ENSG00000069667	15	61219301	61229301	-
ENSG00000075461	17	66964706	66974706	+
ENSG00000120833	12	93569813	93579813	+
ENSG00000167613	19	54360557	54370557	-
ENSG00000176853	8	123768438	123778438	+
ENSG00000136026	12	106294278	106304278	-
ENSG00000103174	16	5024140	5034140	-
ENSG00000171199	4	70397930	70407930	+
ENSG00000257594	12	89514795	89524795	-
ENSG00000159069	9	136934737	136944737	-
ENSG00000135077	5	157132868	157142868	-
ENSG00000140319	15	40029180	40039180	-
ENSG00000176919	9	136945184	136955184	+
ENSG00000054654	14	63761898	63771898	+
ENSG00000159210	17	48934841	48944841	-
ENSG00000184925	9	136949550	136959550	+
ENSG00000173930	5	102286283	102296283	-
ENSG00000136286	7	44969087	44979087	-
ENSG00000169435	4	73610630	73620630	-
ENSG00000113532	5	100893281	100903281	-
ENSG00000118894	16	5087794	5097794	-
ENSG00000091583	17	66246524	66256524	-
ENSG00000107317	9	136975091	136985091	+
ENSG00000005436	2	75700984	75710984	-
ENSG00000102189	12	92919330	92929330	-
ENSG00000214402	9	136981903	136991903	+
ENSG00000213585	5	133994974	134004974	-
ENSG00000143036	1	94820341	94830341	+
ENSG00000148362	9	136992421	137002421	+
ENSG00000112769	6	112244938	112254938	-
ENSG00000122787	7	138002323	138012323	+
ENSG00000113248	5	141245394	141255394	+
ENSG00000022267	X	136146701	136156701	+
ENSG00000134970	5	115622991	115632991	-
ENSG00000279983	5	141223371	141233371	+
ENSG00000284042	5	17528668	17538668	+
ENSG00000169583	9	136986567	136996567	-
ENSG00000102891	16	56565072	56575072	+
ENSG00000155926	8	133092911	133102911	-
ENSG00000174799	4	55948870	55958870	+
ENSG00000125148	16	56608583	56618583	+
ENSG00000169194	5	132656262	132666262	+
ENSG00000149273	11	75399514	75409514	+
ENSG00000069188	17	73634444	73644444	-
ENSG00000186367	5	129748093	129758093	+
ENSG00000112852	5	141094605	141104605	+
ENSG00000111785	12	106774620	106784620	+
ENSG00000145384	4	119312137	119322137	-
ENSG00000143882	2	10721099	10731099	+
ENSG00000169715	16	56625474	56635474	+
ENSG00000179604	17	73302004	73312004	-
ENSG00000235272	6	166577593	166587593	-
ENSG00000272772	5	134216070	134226070	-
ENSG00000205364	16	56632658	56642658	+
ENSG00000071243	7	120950762	120960762	+
ENSG00000178199	6	149475013	149485013	-
ENSG00000205362	16	56638665	56648665	+
ENSG00000258881	2	70985335	70995335	-
ENSG00000169688	16	56651885	56661885	+
ENSG00000065243	1	88684221	88694221	+
ENSG00000240204	7	129502530	129512530	+
ENSG00000198417	16	56657730	56667730	+
ENSG00000124313	X	53311349	53321349	-
ENSG00000111816	6	116050890	116060890	-
ENSG00000185559	14	100725704	100735704	+
ENSG00000187193	16	56682469	56692469	+
ENSG00000164035	4	100870125	100880125	-
ENSG00000008405	12	107083548	107093548	-
ENSG00000146469	6	152750796	152760796	+
ENSG00000107331	9	137018921	137028921	-
ENSG00000171595	17	74274233	74284233	+
ENSG00000091137	7	107660827	107670827	+
ENSG00000146282	6	87579986	87589986	-
ENSG00000145248	4	48483342	48493342	+
ENSG00000117500	1	93170515	93180515	-
ENSG00000081087	6	108155853	108165853	-
ENSG00000257008	17	74367406	74377406	+
ENSG00000046889	8	67952045	67962045	+
ENSG00000196584	7	152666140	152676140	-
ENSG00000103316	16	21293082	21303082	-
ENSG00000163285	4	46114053	46124053	-
ENSG00000254535	4	134191788	134201788	-
ENSG00000111886	6	89305298	89315298	-
ENSG00000115423	2	84516454	84526454	+
ENSG00000165891	12	77055568	77065568	-
ENSG00000140749	16	21642607	21652607	-
ENSG00000016602	1	86547077	86557077	+
ENSG00000074603	15	65507703	65517703	-
ENSG00000164308	5	96875985	96885985	+
ENSG00000198719	6	170296564	170306564	-
ENSG00000171790	1	41013236	41023236	-
ENSG00000188026	12	123523718	123533718	-
ENSG00000145283	4	86839383	86849383	-
ENSG00000068697	2	20041627	20051627	-
ENSG00000197465	4	143895562	143905562	-
ENSG00000169255	3	161095410	161105410	-
ENSG00000214842	2	17508438	17518438	-
ENSG00000168672	8	126548477	126558477	-
ENSG00000186231	6	96924619	96934619	+
ENSG00000180549	9	137022087	137032087	-
ENSG00000184374	8	118995451	119005451	+
ENSG00000158555	11	75515940	75525940	-
ENSG00000164066	4	127623270	127633270	+
ENSG00000117528	1	94418388	94428388	+
ENSG00000205302	5	122775078	122785078	+
ENSG00000107281	9	137036178	137046178	-
ENSG00000136997	8	127735433	127745433	+
ENSG00000166391	11	75717837	75727837	+
ENSG00000139324	12	88142295	88152295	+
ENSG00000158092	3	136862207	136872207	+
ENSG00000054179	9	137044060	137054060	-
ENSG00000186193	9	137060556	137070556	-
ENSG00000112981	5	138129442	138139442	-
ENSG00000106617	7	151867124	151877124	-
ENSG00000187758	4	99281002	99291002	-
ENSG00000066185	1	42446252	42456252	-
ENSG00000172379	15	80404349	80414349	+
ENSG00000114200	3	165827461	165837461	-
ENSG00000197355	9	137077516	137087516	+
ENSG00000172339	1	95062950	95072950	-
ENSG00000140740	16	21953287	21963287	+
ENSG00000255302	15	48878133	48888133	+
ENSG00000197953	3	151733915	151743915	+
ENSG00000062282	11	75759511	75769511	+
ENSG00000141338	17	68945391	68955391	-
ENSG00000176978	9	137105176	137115176	-
ENSG00000186399	15	30404161	30414161	-
ENSG00000188322	16	28259245	28269245	+
ENSG00000151470	4	129093316	129103316	+
ENSG00000198156	16	28353507	28363507	-
ENSG00000036549	1	77673418	77683418	-
ENSG00000125207	12	130337886	130347886	+
ENSG00000118849	3	158722488	158732488	-
ENSG00000261832	16	28482097	28492097	-
ENSG00000131269	X	75146731	75156731	-
ENSG00000233232	16	28461174	28471174	-
ENSG00000184730	16	28494642	28504642	+
ENSG00000058799	1	53879797	53889797	-
ENSG00000108878	17	67044553	67054553	+
ENSG00000127366	7	141790216	141800216	+
ENSG00000197272	16	28502050	28512050	-
ENSG00000140326	15	42727127	42737127	-
ENSG00000171777	19	38416304	38426304	-
ENSG00000180772	X	116170743	116180743	+
ENSG00000109062	17	74748627	74758627	+
ENSG00000002745	7	121325366	121335366	+
ENSG00000114790	3	154121002	154131002	+
ENSG00000183496	15	82036118	82046118	-
ENSG00000135596	6	109455967	109465967	-
ENSG00000177464	19	45592211	45602211	-
ENSG00000075035	12	108129287	108139287	+
ENSG00000176476	16	28553914	28563914	+
ENSG00000149257	11	75562055	75572055	+
ENSG00000106479	7	149838374	149848374	+
ENSG00000203985	1	54008185	54018185	-
ENSG00000175093	3	141051346	141061346	+
ENSG00000156787	8	123041967	123051967	+
ENSG00000283761	1	99970010	99980010	+
ENSG00000105894	7	137333773	137343773	-
ENSG00000234224	7	124023066	124033066	-
ENSG00000189433	1	34759739	34769739	+
ENSG00000197170	17	67356604	67366604	-
ENSG00000169908	3	149367691	149377691	-
ENSG00000179178	1	43269982	43279982	+
ENSG00000188706	X	129833908	129843908	-
ENSG00000166927	11	60378484	60388484	+
ENSG00000178952	16	28836347	28846347	-
ENSG00000111727	12	104064530	104074530	+
ENSG00000142700	1	50413442	50423442	-
ENSG00000169946	8	104590732	104600732	+
ENSG00000127124	1	42025924	42035924	-
ENSG00000256870	12	101200237	101210237	-
ENSG00000104894	19	49335170	49345170	+
ENSG00000165156	8	123265540	123275540	-
ENSG00000166928	11	60378529	60388529	+
ENSG00000120324	5	141192352	141202352	+
ENSG00000251287	3	130081830	130091830	+
ENSG00000156218	15	83654087	83664087	+
ENSG00000259305	8	123264283	123274283	-
ENSG00000177548	16	28926525	28936525	-
ENSG00000156697	X	129906120	129916120	+
ENSG00000188596	12	96489570	96499570	+
ENSG00000166930	11	60429571	60439571	+
ENSG00000161652	19	50153194	50163194	-
ENSG00000102034	X	130100715	130110715	-
ENSG00000135250	7	105389307	105399307	-
ENSG00000097033	1	86704569	86714569	+
ENSG00000181804	3	143838484	143848484	-
ENSG00000169302	5	147234962	147244962	+
ENSG00000184232	11	120211031	120221031	+
ENSG00000130876	19	33215849	33225849	-
ENSG00000181788	3	150753476	150763476	-
ENSG00000182330	1	13275173	13285173	-
ENSG00000268361	19	43583035	43593035	-
ENSG00000085185	X	129981106	129991106	+
ENSG00000133124	X	108726562	108736562	-
ENSG00000172331	7	134646810	134656810	+
ENSG00000140287	15	50255964	50265964	-
ENSG00000171435	12	117958989	117968989	-
ENSG00000162604	1	61715422	61725422	-
ENSG00000142227	19	48321508	48331508	+
ENSG00000164292	5	95713521	95723521	+
ENSG00000137709	11	120236639	120246639	+
ENSG00000130234	X	15597235	15607235	-
ENSG00000177455	16	28931964	28941964	+
ENSG00000104549	8	124998496	125008496	+
ENSG00000139726	12	122752823	122762823	+
ENSG00000140450	15	97960702	97970702	+
ENSG00000133142	X	103576230	103586230	+
ENSG00000173457	11	64236942	64246942	-
ENSG00000123364	12	53938830	53948830	+
ENSG00000176953	16	28950806	28960806	+
ENSG00000163631	4	73397113	73407113	+
ENSG00000254901	19	19182590	19192590	-
ENSG00000135517	12	56459165	56469165	-
ENSG00000196507	X	103607450	103617450	+
ENSG00000109065	17	74766366	74776366	-
ENSG00000142252	19	45079194	45089194	+
ENSG00000113732	5	172983770	172993770	+
ENSG00000182318	19	58326993	58336993	+
ENSG00000182450	11	64291301	64301301	+
ENSG00000187537	14	19424340	19434340	-
ENSG00000169439	8	96493812	96503812	+
ENSG00000123575	X	104166452	104176452	+
ENSG00000123576	X	104244932	104254932	-
ENSG00000176294	14	19719014	19729014	+
ENSG00000219435	11	64300357	64310357	+
ENSG00000128928	15	40405484	40415484	+
ENSG00000145358	4	100180781	100190781	-
ENSG00000176884	9	137139153	137149153	+
ENSG00000085511	6	160991726	161001726	+
ENSG00000126432	11	64318120	64328120	+
ENSG00000182378	X	276321	286321	+
ENSG00000116171	1	52927275	52937275	+
ENSG00000268651	X	154585132	154595132	+
ENSG00000006530	7	141551277	141561277	+
ENSG00000171388	X	129644955	129654955	-
ENSG00000260027	17	48623571	48633571	-
ENSG00000114670	3	131026849	131036849	+
ENSG00000186648	14	24052008	24062008	+
ENSG00000261793	9	137161983	137171983	-
ENSG00000103740	15	78235687	78245687	-
ENSG00000185863	9	137162055	137172055	-
ENSG00000122121	X	129738948	129748948	+
ENSG00000129535	14	24105009	24115009	-
ENSG00000083123	6	80106646	80116646	+
ENSG00000186480	7	155297775	155307775	+
ENSG00000168071	11	64340203	64350203	+
ENSG00000205038	8	109362460	109372460	+
ENSG00000161509	17	74851503	74861503	-
ENSG00000122122	X	129779948	129789948	+
ENSG00000134709	1	59814785	59824785	+
ENSG00000111344	12	113126238	113136238	-
ENSG00000176248	9	137178559	137188559	-
ENSG00000288558	7	107563970	107573970	+
ENSG00000078061	X	47561204	47571204	+
ENSG00000258417	8	132075654	132085654	-
ENSG00000197696	15	84648562	84658562	-
ENSG00000176101	9	137188659	137198659	+
ENSG00000114115	3	139529828	139539828	-
ENSG00000176058	9	137194192	137204192	-
ENSG00000169682	16	28974220	28984220	+
ENSG00000187713	9	137195647	137205647	-
ENSG00000284976	9	137217451	137227451	+
ENSG00000212864	9	137211580	137221580	-
ENSG00000197191	9	137224634	137234634	+
ENSG00000233198	9	137227501	137237501	+
ENSG00000180901	17	75032574	75042574	+
ENSG00000118495	6	144054598	144064598	-
ENSG00000196338	X	71144830	71154830	+
ENSG00000044115	5	138610966	138620966	+
ENSG00000198569	9	137230756	137240756	+
ENSG00000075188	12	102110119	102120119	-
ENSG00000133627	7	152759748	152769748	+
ENSG00000188229	9	137241286	137251286	+
ENSG00000162302	11	64359147	64369147	+
ENSG00000155008	X	85003876	85013876	+
ENSG00000188163	9	137237769	137247769	-
ENSG00000254206	16	29394028	29404028	-
ENSG00000137936	1	93837149	93847149	-
ENSG00000100889	14	24094052	24104052	+
ENSG00000183336	16	29444963	29454963	-
ENSG00000261740	16	29444650	29454650	-
ENSG00000157212	7	154993123	155003123	-
ENSG00000167419	17	58218547	58228547	+
ENSG00000143032	1	90707301	90717301	-
ENSG00000128908	15	41106279	41116279	-
ENSG00000062822	19	50384203	50394203	+
ENSG00000197768	9	137251260	137261260	+
ENSG00000101938	X	110785818	110795818	-
ENSG00000168065	11	64555689	64565689	+
ENSG00000181625	16	29454500	29464500	+
ENSG00000188986	9	137255326	137265326	+
ENSG00000198113	9	137277725	137287725	+
ENSG00000075651	3	171800949	171810949	-
ENSG00000198435	9	137292270	137302270	-
ENSG00000169203	16	29495998	29505998	-
ENSG00000091009	5	146203604	146213604	+
ENSG00000169612	15	82986209	82996209	+
ENSG00000279765	15	92883412	92893412	+
ENSG00000178996	5	54517758	54527758	+
ENSG00000164483	6	130355424	130365424	-
ENSG00000197471	16	29662978	29672978	+
ENSG00000121858	3	172513474	172523474	-
ENSG00000142230	19	47113273	47123273	+
ENSG00000183655	15	85784924	85794924	-
ENSG00000197891	11	64590640	64600640	+
ENSG00000178028	1	44213454	44223454	+
ENSG00000085662	7	134449283	134459283	-
ENSG00000077264	X	110944284	110954284	+
ENSG00000089053	12	121389895	121399895	-
ENSG00000153310	8	130007128	130017128	-
ENSG00000198265	17	67235988	67245988	-
ENSG00000120156	9	27109140	27119140	+
ENSG00000168710	1	109984764	109994764	+
ENSG00000149930	16	29973867	29983867	+
ENSG00000077274	X	111260482	111270482	-
ENSG00000100897	14	24114194	24124194	+
ENSG00000214128	7	138797951	138807951	+
ENSG00000260802	X	111511661	111521661	+
ENSG00000198589	4	151005726	151015726	-
ENSG00000122971	12	120725773	120735773	+
ENSG00000117519	1	94917222	94927222	-
ENSG00000149929	16	29986073	29996073	-
ENSG00000102359	X	100644194	100654194	+
ENSG00000068305	15	99565416	99575416	+
ENSG00000145675	5	68215755	68225755	+
ENSG00000172809	17	74203581	74213581	+
ENSG00000110076	11	64713196	64723196	-
ENSG00000122779	7	138460258	138470258	+
ENSG00000259371	14	24120955	24130955	+
ENSG00000148143	9	106863165	106873165	+
ENSG00000101892	X	120362084	120372084	+
ENSG00000083307	8	101492438	101502438	+
ENSG00000176463	15	91853707	91863707	+
ENSG00000196453	7	149451061	149461061	-
ENSG00000158106	8	143368875	143378875	+
ENSG00000112531	6	163413999	163423999	+
ENSG00000006459	7	140166982	140176982	-
ENSG00000111144	12	96033519	96043519	-
ENSG00000148156	9	108845985	108855985	-
ENSG00000005893	X	120459364	120469364	-
ENSG00000187003	9	108862265	108872265	+
ENSG00000167291	17	80025871	80035871	-
ENSG00000153975	6	116658793	116668793	-
ENSG00000134215	1	107955179	107965179	-
ENSG00000181026	15	88621336	88631336	+
ENSG00000232119	X	120594009	120604009	+
ENSG00000171155	X	120620053	120630053	-
ENSG00000253117	8	132049381	132059381	-
ENSG00000169592	16	29995714	30005714	+
ENSG00000087460	20	58839717	58849717	+
ENSG00000106648	7	151956378	151966378	+
ENSG00000151466	4	129083599	129093599	-
ENSG00000092010	14	24136162	24146162	+
ENSG00000112706	6	76062677	76072677	-
ENSG00000166260	17	54958702	54968702	-
ENSG00000173889	3	170171748	170181748	-
ENSG00000147592	8	70659184	70669184	-
ENSG00000113272	5	157731419	157741419	+
ENSG00000198576	8	142604478	142614478	-
ENSG00000212993	8	127322182	127332182	+
ENSG00000183742	7	20207403	20217403	-
ENSG00000138769	4	75620715	75630715	-
ENSG00000112031	6	152992708	153002708	-
ENSG00000196218	19	38433690	38443690	+
ENSG00000152684	5	52787915	52797915	+
ENSG00000100908	14	24131590	24141590	-
ENSG00000074527	12	95781188	95791188	-
ENSG00000198074	7	134527566	134537566	+
ENSG00000188641	1	97984999	97994999	-
ENSG00000146278	6	89080750	89090750	+
ENSG00000204947	7	149116323	149126323	-
ENSG00000067167	8	70598415	70608415	-
ENSG00000108468	17	48091477	48101477	-
ENSG00000167656	8	142776538	142786538	-
ENSG00000152078	1	95117354	95127354	+
ENSG00000149927	16	30013269	30023269	-
ENSG00000164440	6	139281997	139291997	-
ENSG00000138639	4	85475149	85485149	+
ENSG00000113249	5	157049118	157059118	-
ENSG00000155893	3	141228725	141238725	+
ENSG00000185668	1	38036792	38046792	-
ENSG00000171492	1	89821013	89831013	+
ENSG00000167757	19	51018038	51028038	-
ENSG00000108510	17	62055277	62065277	-
ENSG00000091732	7	130041450	130051450	-
ENSG00000120137	5	168569367	168579367	-
ENSG00000100911	14	24137569	24147569	-
ENSG00000170989	1	101236864	101246864	+
ENSG00000140396	8	70393807	70403807	-
ENSG00000168917	3	136818646	136828646	+
ENSG00000149926	16	30042977	30052977	-
ENSG00000188785	19	57389849	57399849	+
ENSG00000261115	7	141074063	141084063	+
ENSG00000110801	12	121888731	121898731	+
ENSG00000079257	3	158662647	158672647	-
ENSG00000186086	1	108450281	108460281	+
ENSG00000164898	7	139339456	139349456	+
ENSG00000068831	11	64735455	64745455	-
ENSG00000082641	17	48048328	48058328	+
ENSG00000181220	7	149487816	149497816	-
ENSG00000211584	12	47753915	47763915	+
ENSG00000151967	3	159839860	159849860	+
ENSG00000152822	6	146027645	146037645	+
ENSG00000055732	1	85038499	85048499	-
ENSG00000188306	3	169821921	169831921	+
ENSG00000146374	6	127118670	127128670	+
ENSG00000106554	7	133072089	133082089	-
ENSG00000198478	6	79631328	79641328	+
ENSG00000157837	12	120894357	120904357	-
ENSG00000149923	16	30075977	30085977	+
ENSG00000068976	11	64749973	64759973	-
ENSG00000138640	4	89101397	89111397	-
ENSG00000108671	17	32444378	32454378	+
ENSG00000112379	6	138161938	138171938	+
ENSG00000176049	5	147772774	147782774	-
ENSG00000090238	16	30086914	30096914	-
ENSG00000001036	6	143501719	143511719	-
ENSG00000136444	17	50478859	50488859	+
ENSG00000185787	15	78810486	78820486	+
ENSG00000106459	7	129611719	129621719	+
ENSG00000042832	8	132866957	132876957	+
ENSG00000145685	5	78760020	78770020	-
ENSG00000092098	14	24146682	24156682	+
ENSG00000108511	17	48594991	48604991	-
ENSG00000075420	3	172039577	172049577	+
ENSG00000180616	17	73165009	73175009	+
ENSG00000070190	4	99816826	99826826	+
ENSG00000102886	16	30103536	30113536	-
ENSG00000116299	1	109113678	109123678	+
ENSG00000106400	7	101218164	101228164	+
ENSG00000072786	5	172178223	172188223	-
ENSG00000119899	6	73643991	73653991	-
ENSG00000151475	4	127730399	127740399	+
ENSG00000146477	6	160348377	160358377	+
ENSG00000237110	6	132538289	132548289	+
ENSG00000012124	19	35319260	35329260	+
ENSG00000254402	8	144517032	144527032	-
ENSG00000145911	5	178113531	178123531	+
ENSG00000120094	17	48521010	48531010	-
ENSG00000087128	4	68447462	68457462	+
ENSG00000132570	5	134905119	134915119	+
ENSG00000141378	17	59697625	59707625	-
ENSG00000168067	11	64793240	64803240	-
ENSG00000213928	14	24161264	24171264	+
ENSG00000170265	7	149195545	149205545	+
ENSG00000138650	4	133149293	133159293	+
ENSG00000173867	15	88536584	88546584	-
ENSG00000070061	9	108924327	108934327	-
ENSG00000158290	X	120594073	120604073	-
ENSG00000170006	4	152670011	152680011	-
ENSG00000164930	8	103298432	103308432	+
ENSG00000198092	4	68119868	68129868	-
ENSG00000115355	2	55409894	55419894	-
ENSG00000164764	8	73114087	73124087	-
ENSG00000137845	15	58739790	58749790	-
ENSG00000269096	X	135758190	135768190	-
ENSG00000228836	X	135775297	135785297	-
ENSG00000239998	19	54572919	54582919	+
ENSG00000278289	X	135792786	135802786	-
ENSG00000146966	7	140663992	140673992	-
ENSG00000100918	14	24171852	24181852	+
ENSG00000112290	6	110170003	110180003	-
ENSG00000271449	X	135810011	135820011	-
ENSG00000150712	5	32302986	32312986	-
ENSG00000273696	X	135827267	135837267	-
ENSG00000119328	9	108934399	108944399	+
ENSG00000179299	4	40749924	40759924	+
ENSG00000173818	17	80415164	80425164	+
ENSG00000278085	X	135844537	135854537	-
ENSG00000110047	11	64878295	64888295	-
ENSG00000270946	X	135861811	135871811	-
ENSG00000112029	6	152973578	152983578	-
ENSG00000169446	X	135964028	135974028	-
ENSG00000203933	X	139955520	139965520	-
ENSG00000230707	X	140091414	140101414	+
ENSG00000129991	19	55147772	55157772	-
ENSG00000102882	16	30113505	30123505	-
ENSG00000131013	6	149536042	149546042	-
ENSG00000119326	9	109003521	109013521	-
ENSG00000090402	3	165068495	165078495	-
ENSG00000148386	9	135663321	135673321	+
ENSG00000113575	5	134216072	134226072	-
ENSG00000184428	8	143349978	143359978	-
ENSG00000250361	4	144009379	144019379	-
ENSG00000169627	16	30184305	30194305	-
ENSG00000198901	15	90985628	90995628	-
ENSG00000163584	3	170860207	170870207	-
ENSG00000137962	1	94265067	94275067	-
ENSG00000107164	9	130578964	130588964	+
ENSG00000105321	19	47255979	47265979	+
ENSG00000287542	4	88523809	88533809	+
ENSG00000110046	11	64907210	64917210	-
ENSG00000109066	17	74776498	74786498	+
ENSG00000144962	3	173131234	173141234	-
ENSG00000198064	16	30244509	30254509	-
ENSG00000108924	17	55264959	55274959	+
ENSG00000170153	4	141202876	141212876	-
ENSG00000068971	11	64917552	64927552	+
ENSG00000173890	3	170037994	170047994	+
ENSG00000149735	11	64925892	64935892	-
ENSG00000007047	19	45079287	45089287	+
ENSG00000196497	14	24178868	24188868	-
ENSG00000169217	16	30345307	30355307	-
ENSG00000077279	X	111402428	111412428	-
ENSG00000168070	11	64962107	64972107	-
ENSG00000130713	9	130693720	130703720	+
ENSG00000143995	2	66433451	66443451	+
ENSG00000140600	15	83447227	83457227	+
ENSG00000168062	11	64987017	64997017	-
ENSG00000160932	8	143017981	143027981	+
ENSG00000105953	7	44606571	44616571	+
ENSG00000169221	16	30360493	30370493	-
ENSG00000130023	6	169751621	169761621	+
ENSG00000213465	11	65014159	65024159	+
ENSG00000172086	2	88054251	88064251	-
ENSG00000198691	1	94111147	94121147	-
ENSG00000184731	2	36869	46869	-
ENSG00000197024	7	149126415	149136415	+
ENSG00000104499	8	142834246	142844246	+
ENSG00000204923	2	68457293	68467293	-
ENSG00000046653	X	13928637	13938637	-
ENSG00000097007	9	130713015	130723015	+
ENSG00000288570	9	130713625	130723625	+
ENSG00000188710	9	130886811	130896811	-
ENSG00000175874	2	101377502	101387502	-
ENSG00000145736	5	71057688	71067688	-
ENSG00000167759	19	51055113	51065113	-
ENSG00000277494	8	143213217	143223217	+
ENSG00000130720	9	130929285	130939285	-
ENSG00000171219	11	64834652	64844652	-
ENSG00000115507	2	63050056	63060056	+
ENSG00000046647	X	14019892	14029892	-
ENSG00000234616	8	142671967	142681967	-
ENSG00000279270	11	4794379	4804379	-
ENSG00000130711	9	130664593	130674593	+
ENSG00000278870	11	4914338	4924338	-
ENSG00000188483	9	129168260	129178260	-
ENSG00000205496	11	4945712	4955712	-
ENSG00000205495	11	5046525	5056525	+
ENSG00000176787	11	5049626	5059626	-
ENSG00000157600	X	110002630	110012630	+
ENSG00000079739	1	63593410	63603410	+
ENSG00000197353	8	142742531	142752531	-
ENSG00000176371	15	84600985	84610985	+
ENSG00000173960	2	23927284	23937284	+
ENSG00000034152	17	21284671	21294671	+
ENSG00000235007	9	129139412	129149412	+
ENSG00000283992	8	142759827	142769827	-
ENSG00000243978	X	110358815	110368815	+
ENSG00000135973	2	105241742	105251742	+
ENSG00000187808	X	119758587	119768587	+
ENSG00000244734	11	5219394	5229394	-
ENSG00000117154	1	18107797	18117797	+
ENSG00000179142	8	142907842	142917842	-
ENSG00000198918	X	119781629	119791629	-
ENSG00000127314	12	68610854	68620854	+
ENSG00000104812	19	48983309	48993309	-
ENSG00000162377	1	52688346	52698346	-
ENSG00000259494	15	88457389	88467389	-
ENSG00000185730	8	143289675	143299675	+
ENSG00000223609	11	5233656	5243656	-
ENSG00000284931	11	5244782	5254782	-
ENSG00000144057	2	106877107	106887107	-
ENSG00000118503	6	137867213	137877213	+
ENSG00000196565	11	5495604	5505604	-
ENSG00000125351	X	119842997	119852997	-
ENSG00000104901	19	49361782	49371782	+
ENSG00000125352	X	119861732	119871732	-
ENSG00000102879	16	30182826	30192826	+
ENSG00000125356	X	119871831	119881831	+
ENSG00000213931	11	5495651	5505651	-
ENSG00000109452	4	142837431	142847431	-
ENSG00000183251	11	5291945	5301945	-
ENSG00000106714	9	39278314	39288314	-
ENSG00000180269	16	20063889	20073889	-
ENSG00000167355	11	5495651	5505651	-
ENSG00000176239	11	5351507	5361507	+
ENSG00000167360	11	5422110	5432110	+
ENSG00000104974	19	54593581	54603581	+
ENSG00000181609	11	5488684	5498684	+
ENSG00000186471	X	119895836	119905836	+
ENSG00000154258	17	69050948	69060948	-
ENSG00000113657	5	147500067	147510067	-
ENSG00000175520	11	5499957	5509957	-
ENSG00000181790	8	142449429	142459429	+
ENSG00000175518	11	5508430	5518430	-
ENSG00000204849	9	39355668	39365668	+
ENSG00000187747	11	5580876	5590876	+
ENSG00000136014	12	95541475	95551475	-
ENSG00000122515	7	44748580	44758580	+
ENSG00000155858	5	157743711	157753711	+
ENSG00000214360	5	172194171	172204171	+
ENSG00000118491	6	143864435	143874435	+
ENSG00000101882	X	119933750	119943750	-
ENSG00000104856	19	45001448	45011448	+
ENSG00000055211	6	149566293	149576293	+
ENSG00000152689	2	33436323	33446323	+
ENSG00000203727	6	147508689	147518689	+
ENSG00000283886	9	39864561	39874561	-
ENSG00000147655	8	108073641	108083641	-
ENSG00000170836	17	60600182	60610182	+
ENSG00000088992	12	117089478	117099478	-
ENSG00000100926	14	24185686	24195686	-
ENSG00000178021	2	54246228	54256228	-
ENSG00000109445	4	141220886	141230886	+
ENSG00000154237	15	100919326	100929326	+
ENSG00000189376	8	123231376	123241376	-
ENSG00000254692	14	24203472	24213472	-
ENSG00000183148	9	40223284	40233284	+
ENSG00000169750	17	82031677	82041677	+
ENSG00000139908	14	24205695	24215695	+
ENSG00000129990	19	55170288	55180288	-
ENSG00000121236	11	5596108	5606108	+
ENSG00000145217	4	983439	993439	-
ENSG00000072364	5	132953633	132963633	-
ENSG00000157703	7	138691361	138701361	-
ENSG00000257704	19	47274884	47284884	+
ENSG00000119457	9	112880875	112890875	-
ENSG00000254505	14	24203829	24213829	-
ENSG00000182253	15	99098216	99108216	+
ENSG00000141293	17	48420274	48430274	-
ENSG00000104866	19	45091395	45101395	+
ENSG00000163071	4	52051303	52061303	+
ENSG00000118520	6	131470831	131480831	+
ENSG00000136867	9	113150975	113160975	+
ENSG00000116670	1	11681649	11691649	-
ENSG00000165204	9	122800122	122810122	+
ENSG00000213920	14	24206069	24216069	-
ENSG00000086544	19	40717111	40727111	+
ENSG00000142544	19	51098408	51108408	-
ENSG00000258588	11	5596724	5606724	+
ENSG00000008018	6	170543306	170553306	-
ENSG00000146411	6	134042623	134052623	-
ENSG00000116774	1	113979390	113989390	+
ENSG00000213658	16	28984825	28994825	+
ENSG00000171045	8	142393181	142403181	-
ENSG00000153896	19	34763228	34773228	-
ENSG00000255526	14	24222351	24232351	-
ENSG00000157510	5	149271858	149281858	+
ENSG00000111897	6	122461806	122471806	-
ENSG00000129559	14	24222366	24232366	-
ENSG00000111981	6	149963942	149973942	+
ENSG00000138641	4	88592433	88602433	+
ENSG00000128585	7	131110095	131120095	+
ENSG00000269113	1	47987384	47997384	-
ENSG00000122965	12	113956324	113966324	-
ENSG00000132207	16	30193874	30203874	+
ENSG00000023909	1	93899455	93909455	-
ENSG00000145817	5	144160713	144170713	-
ENSG00000111726	12	22046217	22056217	+
ENSG00000146376	6	129700176	129710176	-
ENSG00000132274	11	5689696	5699696	+
ENSG00000112320	6	107490105	107500105	+
ENSG00000117133	1	84479258	84489258	+
ENSG00000198812	12	69600906	69610906	-
ENSG00000080031	19	55199505	55209505	-
ENSG00000131773	8	135457455	135467455	+
ENSG00000153814	7	28170794	28180794	-
ENSG00000181023	11	5736447	5746447	+
ENSG00000056586	9	122895358	122905358	-
ENSG00000205409	11	5831951	5841951	-
ENSG00000092330	14	24232673	24242673	-
ENSG00000110917	12	120687148	120697148	+
ENSG00000264668	8	143247109	143257109	+
ENSG00000171094	2	29911585	29921585	-
ENSG00000183269	11	5847733	5857733	-
ENSG00000213934	11	5239856	5249856	-
ENSG00000126233	8	142732405	142742405	-
ENSG00000026652	6	161264060	161274060	-
ENSG00000182170	11	3208812	3218812	-
ENSG00000186130	9	122903322	122913322	-
ENSG00000213648	16	29459912	29469912	+
ENSG00000184350	11	3222416	3232416	-
ENSG00000171448	9	122921511	122931511	-
ENSG00000198169	8	144746416	144756416	-
ENSG00000059691	4	151751006	151761006	-
ENSG00000186326	19	32675847	32685847	+
ENSG00000250571	8	143267432	143277432	+
ENSG00000092295	14	24254431	24264431	-
ENSG00000188493	19	40741552	40751552	-
ENSG00000171444	5	113478822	113488822	-
ENSG00000114098	3	138187247	138197247	+
ENSG00000008513	8	133561939	133571939	-
ENSG00000069702	1	91896334	91906334	-
ENSG00000061455	5	123089240	123099240	+
ENSG00000158623	7	130658747	130668747	-
ENSG00000011454	9	122940832	122950832	+
ENSG00000157379	14	24289779	24299779	-
ENSG00000189320	7	135738812	135748812	-
ENSG00000184465	6	169692066	169702066	-
ENSG00000163792	2	27149003	27159003	+
ENSG00000078177	4	40056849	40066849	+
ENSG00000128606	7	102912999	102922999	+
ENSG00000105640	19	17859909	17869909	+
ENSG00000117461	1	46123035	46133035	-
ENSG00000164221	5	115286692	115296692	-
ENSG00000155897	8	131030908	131040908	-
ENSG00000069849	3	141876123	141886123	+
ENSG00000198848	16	55823336	55833336	-
ENSG00000183090	4	143690674	143700674	-
ENSG00000196943	14	24299849	24309849	+
ENSG00000163235	2	70544192	70554192	-
ENSG00000163106	4	94332875	94342875	-
ENSG00000105171	19	29606282	29616282	+
ENSG00000136305	14	24301429	24311429	-
ENSG00000005801	11	3369221	3379221	-
ENSG00000168802	16	69122587	69132587	-
ENSG00000213906	14	24305733	24315733	+
ENSG00000173575	15	92900188	92910188	+
ENSG00000213903	14	24311449	24321449	+
ENSG00000147724	8	138487260	138497260	-
ENSG00000165209	9	123258585	123268585	-
ENSG00000122335	6	158158279	158168279	-
ENSG00000129465	14	24330021	24340021	-
ENSG00000205359	5	102489015	102499015	-
ENSG00000168827	3	158644526	158654526	+
ENSG00000285218	3	170418867	170428867	+
ENSG00000084693	2	27042363	27052363	+
ENSG00000186329	3	171843348	171853348	+
ENSG00000112499	6	160267637	160277637	-
ENSG00000173068	9	16860842	16870842	-
ENSG00000255151	11	59086306	59096306	+
ENSG00000197948	5	141641417	141651417	-
ENSG00000167701	8	144502972	144512972	+
ENSG00000189057	11	59107184	59117184	+
ENSG00000168904	15	99251361	99261361	+
ENSG00000285130	9	69035746	69045746	+
ENSG00000163645	3	150693970	150703970	-
ENSG00000165060	9	69035750	69045750	+
ENSG00000164161	4	144646155	144656155	+
ENSG00000168938	5	123026724	123036724	-
ENSG00000110042	11	59171429	59181429	+
ENSG00000090863	16	74597143	74607143	-
ENSG00000180155	8	142767809	142777809	-
ENSG00000197629	11	59202926	59212926	-
ENSG00000198198	1	43389881	43399881	+
ENSG00000113638	5	40745962	40755962	-
ENSG00000059377	7	139777050	139787050	+
ENSG00000284505	8	142768223	142778223	-
ENSG00000151962	4	154781212	154791212	+
ENSG00000178764	8	122781654	122791654	+
ENSG00000163655	3	155870649	155880649	+
ENSG00000260456	16	87307419	87317419	-
ENSG00000175048	6	157381132	157391132	+
ENSG00000105409	19	41987496	41997496	-
ENSG00000181638	8	143246820	143256820	+
ENSG00000203733	6	142133089	142143089	+
ENSG00000168658	2	98087115	98097115	+
ENSG00000288520	6	154500113	154510113	-
ENSG00000113441	5	96935393	96945393	+
ENSG00000151623	4	148434697	148444697	-
ENSG00000184530	6	127519454	127529454	+
ENSG00000132297	8	132101158	132111158	-
ENSG00000171757	3	169802985	169812985	-
ENSG00000103852	15	99241222	99251222	-
ENSG00000165810	5	181040224	181050224	+
ENSG00000106018	7	159134866	159144866	-
ENSG00000197841	19	34734154	34744154	+
ENSG00000186260	16	14071318	14081318	+
ENSG00000185897	19	35358459	35368459	+
ENSG00000147604	8	73285788	73295788	-
ENSG00000116793	1	113749488	113759488	-
ENSG00000132394	3	128153480	128163480	+
ENSG00000112761	6	112054074	112064074	+
ENSG00000115875	2	38741493	38751493	-
ENSG00000213563	8	144519131	144529131	-
ENSG00000110002	11	124115403	124125403	+
ENSG00000205609	16	28393840	28403840	-
ENSG00000284395	16	1431077	1441077	+
ENSG00000225614	16	88382958	88392958	+
ENSG00000134201	1	109711779	109721779	+
ENSG00000182175	15	93079203	93089203	-
ENSG00000110931	12	121288307	121298307	-
ENSG00000163581	3	171016742	171026742	-
ENSG00000215018	7	7525872	7535872	-
ENSG00000104324	8	96645241	96655241	+
ENSG00000174990	16	87926579	87936579	-
ENSG00000145425	4	151099623	151109623	+
ENSG00000186818	19	54643888	54653888	+
ENSG00000069764	16	14684307	14694307	-
ENSG00000116455	1	111439255	111449255	-
ENSG00000171408	6	135851700	135861700	+
ENSG00000185127	6	169702189	169712189	+
ENSG00000155846	5	149730297	149740297	+
ENSG00000154548	6	89108070	89118070	-
ENSG00000155850	5	149960757	149970757	+
ENSG00000230178	5	181367267	181377267	+
ENSG00000077454	7	100576128	100586128	-
ENSG00000184305	4	90127534	90137534	+
ENSG00000152291	2	85318295	85328295	-
ENSG00000175727	12	122078755	122088755	+
ENSG00000087116	5	179335460	179345460	-
ENSG00000130338	6	158232235	158242235	+
ENSG00000139344	12	95943330	95953330	+
ENSG00000119139	9	69121263	69131263	+
ENSG00000132294	8	131904092	131914092	+
ENSG00000131507	5	142108778	142118778	+
ENSG00000213366	1	109668021	109678021	+
ENSG00000120322	5	141177789	141187789	+
ENSG00000109255	4	55626697	55636697	-
ENSG00000164463	5	173056351	173066351	+
ENSG00000140443	15	98648538	98658538	+
ENSG00000118855	3	158732197	158742197	+
ENSG00000117525	1	94531758	94541758	-
ENSG00000178172	5	148202793	148212793	+
ENSG00000171759	12	102948409	102958409	-
ENSG00000121871	3	165187108	165197108	-
ENSG00000152818	6	144285700	144295700	+
ENSG00000177106	11	694437	704437	+
ENSG00000105223	19	40348455	40358455	+
ENSG00000168303	7	40124621	40134621	-
ENSG00000099260	1	99646112	99656112	+
ENSG00000136986	8	123032301	123042301	-
ENSG00000282608	1	111493632	111503632	-
ENSG00000211445	5	151020437	151030437	+
ENSG00000172889	9	136658855	136668855	+
ENSG00000181035	19	19063993	19073993	+
ENSG00000115295	2	29097704	29107704	+
ENSG00000151131	12	104986315	104996315	+
ENSG00000140534	15	89575468	89585468	+
ENSG00000134258	1	117200959	117210959	-
ENSG00000163121	2	96498108	96508108	-
ENSG00000184110	16	28688557	28698557	+
ENSG00000168811	3	159988834	159998834	+
ENSG00000173557	2	26562584	26572584	+
ENSG00000111707	12	118376554	118386554	+
ENSG00000171823	12	1584580	1594580	-
ENSG00000169692	9	136677456	136687456	-
ENSG00000198774	12	85826408	85836408	-
ENSG00000177156	11	747414	757414	+
ENSG00000130024	6	169715565	169725565	-
ENSG00000139405	12	113185525	113195525	+
ENSG00000165716	9	136712571	136722571	+
ENSG00000105856	7	107168960	107178960	+
ENSG00000066855	8	65644733	65654733	+
ENSG00000140577	15	90529922	90539922	+
ENSG00000162692	1	100719741	100729741	+
ENSG00000111049	12	80716911	80726911	+
ENSG00000179941	12	76338414	76348414	-
ENSG00000172209	7	107470017	107480017	+
ENSG00000164124	4	158201603	158211603	+
ENSG00000146416	6	143060495	143070495	+
ENSG00000154415	7	114065919	114075919	-
ENSG00000187922	9	136733355	136743355	-
ENSG00000114120	3	140941829	140951829	+
ENSG00000169372	12	93677374	93687374	+
ENSG00000177225	11	767487	777487	-
ENSG00000267206	9	136738524	136748524	-
ENSG00000128923	15	58771191	58781191	+
ENSG00000177984	9	136756254	136766254	-
ENSG00000183273	12	119334711	119344711	+
ENSG00000244187	9	136791343	136801343	+
ENSG00000186625	6	149638971	149648971	-
ENSG00000007541	16	566994	576994	+
ENSG00000185551	15	96325937	96335937	+
ENSG00000138764	4	77157206	77167206	+
ENSG00000184524	11	780112	790112	-
ENSG00000118418	6	79224737	79234737	-
ENSG00000068724	2	46916156	46926156	+
ENSG00000213213	9	136796337	136806337	+
ENSG00000131408	19	50329652	50339652	+
ENSG00000172752	3	130345515	130355515	+
ENSG00000112530	6	162727131	162737131	+
ENSG00000183571	15	98997791	99007791	-
ENSG00000064651	5	128083765	128093765	+
ENSG00000185442	15	92799883	92809883	-
ENSG00000145428	4	153750023	153760023	-
ENSG00000074935	6	112077528	112087528	-
ENSG00000077312	19	40750636	40760636	+
ENSG00000168246	5	172273763	172283763	-
ENSG00000173598	12	93377882	93387882	+
ENSG00000136603	3	170357677	170367677	+
ENSG00000169860	3	152835130	152845130	+
ENSG00000164169	4	147674162	147684162	-
ENSG00000146385	6	132552692	132562692	+
ENSG00000113302	5	159320486	159330486	-
ENSG00000272047	6	158168349	158178349	+
ENSG00000196642	9	136807942	136817942	+
ENSG00000114248	3	169859934	169869934	-
ENSG00000100968	14	24365672	24375672	+
ENSG00000232434	9	136844414	136854414	+
ENSG00000177432	4	88687828	88697828	-
ENSG00000166046	12	106301928	106311928	+
ENSG00000054148	9	136848723	136858723	+
ENSG00000147044	X	41913553	41923553	-
ENSG00000135521	6	143843337	143853337	+
ENSG00000170085	5	176238366	176248366	+
ENSG00000185610	12	45041098	45051098	-
ENSG00000163349	1	113929323	113939323	+
ENSG00000136048	12	101877579	101887579	+
ENSG00000145879	5	148312418	148322418	+
ENSG00000196296	16	28878404	28888404	+
ENSG00000177943	9	136850942	136860942	+
ENSG00000139767	12	118981540	118991540	+
ENSG00000103995	15	48801145	48811145	-
ENSG00000107223	9	136856307	136866307	-
ENSG00000213221	9	136353743	136363743	-
ENSG00000134222	1	109273185	109283185	-
ENSG00000109756	4	159103012	159113012	+
ENSG00000127324	12	71431897	71441897	-
ENSG00000113552	5	142003040	142013040	-
ENSG00000181656	1	100538138	100548138	+
ENSG00000187796	9	136363680	136373680	-
ENSG00000122481	1	95234209	95244209	+
ENSG00000114416	3	180868140	180878140	+
ENSG00000140563	15	94231537	94241537	+
ENSG00000164220	5	76613412	76623412	-
ENSG00000115207	2	27347033	27357033	-
ENSG00000161021	5	179732821	179742821	+
ENSG00000146414	6	145954422	145964422	-
ENSG00000169621	2	68467571	68477571	+
ENSG00000089280	16	31180137	31190137	+
ENSG00000169436	8	138904040	138914040	-
ENSG00000171557	4	154602966	154612966	-
ENSG00000157470	15	59372692	59382692	+
ENSG00000198162	1	117367448	117377448	+
ENSG00000165689	9	136400613	136410613	-
ENSG00000120742	3	150593227	150603227	-
ENSG00000151458	4	124702731	124712731	-
ENSG00000153214	2	112055268	112065268	+
ENSG00000205358	16	56669813	56679813	+
ENSG00000087250	16	56589073	56599073	+
ENSG00000183337	X	40167328	40177328	-
ENSG00000128573	7	114086326	114096326	+
ENSG00000145439	4	169000274	169010274	-
ENSG00000135638	2	72916259	72926259	+
ENSG00000123384	12	57128482	57138482	+
ENSG00000132446	X	31062040	31072040	-
ENSG00000196369	1	145085527	145095527	-
ENSG00000105483	19	48245945	48255945	-
ENSG00000185615	16	283163	293163	+
ENSG00000171517	1	84883205	84893205	-
ENSG00000164694	6	159169399	159179399	+
ENSG00000182492	X	153494979	153504979	+
ENSG00000283093	X	51672830	51682830	-
ENSG00000223591	X	51710511	51720511	+
ENSG00000189369	X	51743441	51753441	+
ENSG00000224109	X	51608911	51618911	-
ENSG00000135272	7	114922358	114932358	+
ENSG00000158023	12	121918591	121928591	+
ENSG00000177542	11	788280	798280	-
ENSG00000135537	6	108294990	108304990	+
ENSG00000164778	7	155458128	155468128	+
ENSG00000165688	9	136410640	136420640	+
ENSG00000197043	5	151147784	151157784	-
ENSG00000184786	6	169741586	169751586	-
ENSG00000100888	14	21446125	21456125	-
ENSG00000181704	X	68498561	68508561	+
ENSG00000148384	9	136429844	136439844	-
ENSG00000137869	15	51328600	51338600	-
ENSG00000118420	6	83055840	83065840	-
ENSG00000164576	5	154445996	154455996	+
ENSG00000164070	4	127781820	127791820	+
ENSG00000117543	1	101016087	101026087	-
ENSG00000079616	16	29790718	29800718	+
ENSG00000162869	2	48440597	48450597	+
ENSG00000129472	14	21466959	21476959	-
ENSG00000106701	9	105447795	105457795	+
ENSG00000143079	1	112396213	112406213	+
ENSG00000177600	11	809964	819964	+
ENSG00000168899	2	85584430	85594430	+
ENSG00000204909	5	148321202	148331202	+
ENSG00000171560	4	154580744	154590744	-
ENSG00000186051	9	105662456	105672456	+
ENSG00000079482	X	68423912	68433912	-
ENSG00000140519	15	89486588	89496588	-
ENSG00000160131	X	151396514	151406514	+
ENSG00000071553	X	154428632	154438632	+
ENSG00000177666	11	818913	828913	+
ENSG00000065883	7	39950120	39960120	+
ENSG00000134243	1	109387917	109397917	-
ENSG00000186787	X	57111547	57121547	-
ENSG00000156345	9	87964752	87974752	-
ENSG00000165583	X	48186794	48196794	-
ENSG00000140090	14	92322580	92332580	+
ENSG00000165376	X	106900163	106910163	+
ENSG00000158458	5	140033298	140043298	-
ENSG00000112303	6	132753458	132763458	-
ENSG00000158352	X	50804301	50814301	-
ENSG00000198455	X	57592010	57602010	+
ENSG00000177685	11	826143	836143	+
ENSG00000077684	4	128809699	128819699	+
ENSG00000175600	7	40135004	40145004	+
ENSG00000165591	X	57286705	57296705	+
ENSG00000196498	12	124557588	124567588	-
ENSG00000196782	4	140144183	140154183	-
ENSG00000135951	2	99144963	99154963	-
ENSG00000102385	X	101219768	101229768	+
ENSG00000105221	19	40275535	40285535	-
ENSG00000113643	5	168486450	168496450	+
ENSG00000136878	9	129834697	129844697	+
ENSG00000258227	7	141937006	141947006	-
ENSG00000134250	1	120090778	120100778	-
ENSG00000257138	7	141963772	141973772	-
ENSG00000100567	14	58244842	58254842	+
ENSG00000170775	7	124755791	124765791	-
ENSG00000123407	12	53954902	53964902	+
ENSG00000071994	6	170574691	170584691	-
ENSG00000140538	15	88246767	88256767	-
ENSG00000146063	5	181222498	181232498	+
ENSG00000272968	7	4983717	4993717	+
ENSG00000135622	2	74654227	74664227	+
ENSG00000221886	5	160390053	160400053	-
ENSG00000157106	16	18916407	18926407	-
ENSG00000177697	11	832886	842886	+
ENSG00000120129	5	172761194	172771194	-
ENSG00000187135	19	29526498	29536498	+
ENSG00000113212	5	141172643	141182643	+
ENSG00000123338	12	54497751	54507751	+
ENSG00000171604	5	139647298	139657298	+
ENSG00000106948	9	114384404	114394404	-
ENSG00000166965	15	90954869	90964869	+
ENSG00000177700	11	832528	842528	-
ENSG00000006327	16	3018444	3028444	+
ENSG00000170633	12	121400040	121410040	+
ENSG00000162643	1	84999146	85009146	+
ENSG00000153786	16	85001534	85011534	-
ENSG00000104946	19	49877424	49887424	+
ENSG00000147251	X	118495814	118505814	+
ENSG00000169230	5	177303798	177313798	+
ENSG00000168090	7	100088968	100098968	+
ENSG00000283697	X	149539923	149549923	-
ENSG00000198205	X	57900457	57910457	-
ENSG00000143093	1	110031576	110041576	+
ENSG00000103145	16	3014285	3024285	-
ENSG00000072315	X	112072775	112082775	-
ENSG00000176774	X	26138342	26148342	+
ENSG00000232030	X	26160600	26170600	+
ENSG00000186281	2	96029450	96039450	-
ENSG00000176746	X	26192439	26202439	+
ENSG00000188408	X	26216168	26226168	+
ENSG00000135049	9	85732028	85742028	-
ENSG00000188761	1	113877580	113887580	-
ENSG00000205442	9	24535945	24545945	-
ENSG00000032219	14	58298503	58308503	+
ENSG00000112984	5	138178718	138188718	+
ENSG00000165185	9	112486826	112496826	+
ENSG00000104177	15	48168352	48178352	-
ENSG00000074706	6	154346791	154356791	-
ENSG00000169398	8	140992215	141002215	-
ENSG00000196860	14	58395927	58405927	+
ENSG00000136866	9	113046758	113056758	-
ENSG00000251201	5	115616160	115626160	-
ENSG00000085491	1	108190848	108200848	-
ENSG00000135953	2	102726887	102736887	-
ENSG00000174132	5	100535373	100545373	+
ENSG00000196821	6	34686858	34696858	-
ENSG00000126254	19	35629029	35639029	+
ENSG00000100575	14	58417530	58427530	-
ENSG00000112208	6	57172325	57182325	+
ENSG00000145781	5	116085015	116095015	+
ENSG00000117598	1	98995031	99005031	-
ENSG00000148335	9	129608883	129618883	+
ENSG00000064995	6	34878070	34888070	-
ENSG00000085721	16	15084310	15094310	-
ENSG00000166508	7	100091939	100101939	-
ENSG00000221986	1	109297010	109307010	-
ENSG00000115665	2	107986522	107996522	+
ENSG00000105185	19	32581189	32591189	+
ENSG00000260836	15	82563193	82573193	-
ENSG00000173947	1	111346599	111356599	+
ENSG00000181938	16	58295079	58305079	+
ENSG00000101935	X	110430317	110440317	-
ENSG00000180089	19	55218783	55228783	-
ENSG00000214063	11	842811	852811	+
ENSG00000133136	X	110430371	110440371	-
ENSG00000225366	X	110520311	110530311	+
ENSG00000154310	3	171450407	171460407	-
ENSG00000089157	12	120191234	120201234	-
ENSG00000102312	X	48508958	48518958	+
ENSG00000125538	2	112826815	112836815	-
ENSG00000122203	5	176351806	176361806	-
ENSG00000134198	1	115079502	115089502	-
ENSG00000103227	16	971317	981317	-
ENSG00000215784	1	145095973	145105973	+
ENSG00000145779	5	119268691	119278691	+
ENSG00000140451	15	64815667	64825667	-
ENSG00000159387	16	55324202	55334202	+
ENSG00000150938	2	36355777	36365777	+
ENSG00000119408	9	124257605	124267605	+
ENSG00000125675	X	123184152	123194152	+
ENSG00000011083	5	150190061	150200061	+
ENSG00000066697	9	100427142	100437142	+
ENSG00000198945	6	130013698	130023698	+
ENSG00000163629	4	86594314	86604314	+
ENSG00000064726	15	83057251	83067251	-
ENSG00000163541	2	84450044	84460044	-
ENSG00000112394	6	111087502	111097502	+
ENSG00000067836	16	4792879	4802879	-
ENSG00000101849	X	9463319	9473319	+
ENSG00000068885	3	160389879	160399879	-
ENSG00000177468	6	137484393	137494393	-
ENSG00000119820	2	32277903	32287903	+
ENSG00000145451	4	174819246	174829246	-
ENSG00000124767	6	38693144	38703144	-
ENSG00000182870	12	132319588	132329588	-
ENSG00000130558	9	135075421	135085421	+
ENSG00000132915	5	149934792	149944792	-
ENSG00000101850	X	9776296	9786296	-
ENSG00000169989	4	152769729	152779729	-
ENSG00000198300	19	56830727	56840727	-
ENSG00000155666	16	27203507	27213507	+
ENSG00000198759	X	13569600	13579600	+
ENSG00000176896	X	13653188	13663188	+
ENSG00000147905	9	37120573	37130573	+
ENSG00000112210	6	57212306	57222306	-
ENSG00000123595	X	13689127	13699127	+
ENSG00000177830	11	905057	915057	-
ENSG00000221838	7	100101548	100111548	+
ENSG00000153201	2	108719481	108729481	+
ENSG00000228716	5	80644982	80654982	-
ENSG00000155363	1	112673140	112683140	+
ENSG00000274286	2	96106570	96116570	-
ENSG00000164117	4	174273666	174283666	-
ENSG00000204640	2	100470481	100480481	+
ENSG00000131023	6	149708104	149718104	-
ENSG00000169375	15	75445841	75455841	-
ENSG00000113194	5	176447627	176457627	+
ENSG00000140623	16	4778397	4788397	-
ENSG00000163558	3	170222423	170232423	+
ENSG00000046651	X	13734742	13744742	+
ENSG00000091844	6	153121281	153131281	-
ENSG00000164796	8	113426938	113436938	-
ENSG00000164488	6	168309776	168319776	-
ENSG00000109738	4	157076124	157086124	+
ENSG00000156463	5	145936577	145946577	+
ENSG00000198799	1	113073197	113083197	+
ENSG00000196376	6	117907263	117917263	+
ENSG00000105737	19	42059497	42069497	-
ENSG00000147133	X	71366221	71376221	+
ENSG00000160886	8	142700110	142710110	+
ENSG00000184254	15	100877713	100887713	+
ENSG00000130193	8	142727222	142737222	+
ENSG00000143106	1	109416447	109426447	-
ENSG00000164929	8	103140712	103150712	+
ENSG00000151702	11	128686534	128696534	+
ENSG00000174705	5	172444524	172454524	-
ENSG00000143924	2	42169352	42179352	+
ENSG00000120457	11	128891355	128901355	+
ENSG00000183775	5	144170872	144180872	+
ENSG00000174370	11	128896034	128906034	-
ENSG00000145824	5	135569278	135579278	-
ENSG00000187778	12	49558144	49568144	-
ENSG00000183760	19	39083912	39093912	+
ENSG00000112592	6	170554301	170564301	+
ENSG00000172985	2	109129204	109139204	+
ENSG00000127419	4	932386	942386	+
ENSG00000106290	7	100109840	100119840	-
ENSG00000103978	15	42263583	42273583	-
ENSG00000149308	11	108212637	108222637	-
ENSG00000145920	5	175796309	175806309	+
ENSG00000147144	X	49053571	49063571	+
ENSG00000275740	5	146203549	146213549	+
ENSG00000144021	2	96266158	96276158	+
ENSG00000155719	16	21663967	21673967	+
ENSG00000113196	5	154468226	154478226	-
ENSG00000243279	X	49064001	49074001	-
ENSG00000273217	5	131786982	131796982	-
ENSG00000288053	X	49069886	49079886	-
ENSG00000130669	19	39125769	39135769	+
ENSG00000234284	5	179023803	179033803	+
ENSG00000160957	8	144507844	144517844	-
ENSG00000166997	7	100119633	100129633	+
ENSG00000169900	16	31207134	31217134	-
ENSG00000188505	19	39196963	39206963	+
ENSG00000166323	11	108457530	108467530	-
ENSG00000214309	7	100126784	100136784	+
ENSG00000180357	15	64460741	64470741	+
ENSG00000197110	19	39235128	39245128	-
ENSG00000120800	12	101280104	101290104	+
ENSG00000170417	2	102736904	102746904	+
ENSG00000188186	7	100148906	100158906	+
ENSG00000272395	19	39238855	39248855	-
ENSG00000164506	6	147204424	147214424	+
ENSG00000182393	19	39296406	39306406	+
ENSG00000109846	11	111913721	111923721	-
ENSG00000164442	6	139364647	139374647	-
ENSG00000100578	14	58427384	58437384	+
ENSG00000154447	4	169260955	169270955	-
ENSG00000042445	2	85344530	85354530	-
ENSG00000106829	9	79571772	79581772	+
ENSG00000261052	16	30199227	30209227	+
ENSG00000146826	7	100148722	100158722	-
ENSG00000183513	2	98598514	98608514	-
ENSG00000188573	5	168529304	168539304	+
ENSG00000117620	1	99969350	99979350	+
ENSG00000170276	11	111912733	111922733	+
ENSG00000120328	5	141208696	141218696	+
ENSG00000175643	16	11249618	11259618	+
ENSG00000149300	11	111918031	111928031	+
ENSG00000178279	16	11259532	11269532	-
ENSG00000178257	16	11263628	11273628	-
ENSG00000197093	7	100158616	100168616	-
ENSG00000147799	8	144595815	144605815	-
ENSG00000143891	2	38666080	38676080	+
ENSG00000122304	16	11266479	11276479	-
ENSG00000130755	19	39332371	39342371	-
ENSG00000160973	8	144465848	144475848	-
ENSG00000175646	16	11271329	11281329	-
ENSG00000166716	15	84748591	84758591	+
ENSG00000167653	8	142670307	142680307	+
ENSG00000213420	7	100167380	100177380	-
ENSG00000136696	2	113042866	113052866	-
ENSG00000188897	16	11517244	11527244	-
ENSG00000150551	2	132661578	132671578	-
ENSG00000172164	8	120803272	120813272	-
ENSG00000107362	9	71901192	71911192	-
ENSG00000165059	9	69004112	69014112	-
ENSG00000213413	7	100218240	100228240	+
ENSG00000139292	12	71439797	71449797	+
ENSG00000184602	16	11668454	11678454	+
ENSG00000164611	5	160421854	160431854	+
ENSG00000214300	7	100307701	100317701	+
ENSG00000170390	4	150078444	150088444	+
ENSG00000284512	16	81086283	81096283	-
ENSG00000228278	9	114329868	114339868	+
ENSG00000166454	16	81035841	81045841	+
ENSG00000150764	11	111927143	111937143	+
ENSG00000260643	16	81086295	81096295	-
ENSG00000164399	5	132060654	132070654	+
ENSG00000249156	5	17610495	17620495	+
ENSG00000179134	19	39342395	39352395	+
ENSG00000166477	15	51961777	51971777	-
ENSG00000138594	15	51829627	51839627	+
ENSG00000179195	12	123971844	123981844	+
ENSG00000138073	2	27124665	27134665	-
ENSG00000140905	16	81086394	81096394	-
ENSG00000114054	3	136250339	136260339	+
ENSG00000153147	4	143513701	143523701	+
ENSG00000198393	12	132986364	132996364	+
ENSG00000150776	11	112074085	112084085	+
ENSG00000010810	6	111863451	111873451	-
ENSG00000150779	11	112076797	112086797	-
ENSG00000121716	7	100352175	100362175	+
ENSG00000006712	19	39381153	39391153	-
ENSG00000158050	2	96135439	96145439	-
ENSG00000107077	9	6720862	6730862	+
ENSG00000063322	19	39391302	39401302	+
ENSG00000047249	8	53833557	53843557	-
ENSG00000128016	19	39406846	39416846	+
ENSG00000136021	12	100267139	100277139	+
ENSG00000115091	2	113890062	113900062	+
ENSG00000085514	7	100367529	100377529	+
ENSG00000177694	3	174438572	174448572	+
ENSG00000204370	11	112086823	112096823	+
ENSG00000146834	7	100428789	100438789	+
ENSG00000160813	7	100426496	100436496	-
ENSG00000185955	7	100454259	100464259	-
ENSG00000121210	4	153466345	153476345	+
ENSG00000090924	19	39412668	39422668	+
ENSG00000088205	2	117814690	117824690	+
ENSG00000043093	3	182975952	182985952	-
ENSG00000166925	7	100469231	100479231	-
ENSG00000150782	11	112154095	112164095	-
ENSG00000170890	12	120317778	120327778	-
ENSG00000166473	16	81210369	81220369	-
ENSG00000109436	4	140746384	140756384	-
ENSG00000150783	11	112167371	112177371	+
ENSG00000105193	19	39425948	39435948	-
ENSG00000154269	6	131628441	131638441	+
ENSG00000145423	4	153779082	153789082	-
ENSG00000166529	7	100049773	100059773	+
ENSG00000185477	4	89297799	89307799	-
ENSG00000115593	2	88067824	88077824	+
ENSG00000135697	16	81238688	81248688	+
ENSG00000204628	5	181238095	181248095	-
ENSG00000250741	2	18579563	18589563	-
ENSG00000144227	2	138770389	138780389	-
ENSG00000197580	11	112175509	112185509	+
ENSG00000162688	1	99850360	99860360	+
ENSG00000240857	2	18550678	18560678	-
ENSG00000090857	16	70114331	70124331	+
ENSG00000135355	6	89894468	89904468	+
ENSG00000152952	3	146153652	146163652	-
ENSG00000187955	8	120059779	120069779	+
ENSG00000256671	2	110463074	110473074	-
ENSG00000166526	7	100072547	100082547	-
ENSG00000118412	6	89829893	89839893	+
ENSG00000150787	11	112226366	112236366	+
ENSG00000223496	16	70241939	70251939	-
ENSG00000111452	12	130953906	130963906	+
ENSG00000188771	11	112250859	112260859	-
ENSG00000182230	5	176060688	176070688	+
ENSG00000118496	6	145804794	145814794	-
ENSG00000174780	4	56467616	56477616	+
ENSG00000184956	11	1026717	1036717	-
ENSG00000028839	6	133952169	133962169	+
ENSG00000288529	6	133953303	133963303	+
ENSG00000118526	6	133889112	133899112	+
ENSG00000198788	11	1074874	1084874	+
ENSG00000123908	8	140625632	140635632	-
ENSG00000174156	6	52899697	52909697	-
ENSG00000111537	12	68149739	68159739	-
ENSG00000196235	19	39436155	39446155	+
ENSG00000120705	5	138533235	138543235	-
ENSG00000184209	12	123458087	123468087	+
ENSG00000197106	1	110150493	110160493	+
ENSG00000170899	6	52985303	52995303	-
ENSG00000288614	6	53031384	53041384	-
ENSG00000115760	2	32357027	32367027	+
ENSG00000271601	1	145948016	145958016	-
ENSG00000175414	5	176365486	176375486	+
ENSG00000137270	6	53138840	53148840	-
ENSG00000168781	15	43580252	43590252	-
ENSG00000155868	5	157149018	157159018	-
ENSG00000203859	1	119414930	119424930	+
ENSG00000160949	8	144434439	144444439	-
ENSG00000124657	6	27957240	27967240	+
ENSG00000163064	2	118837647	118847647	-
ENSG00000177932	5	179060372	179070372	+
ENSG00000149043	11	1828306	1838306	+
ENSG00000109572	4	169612632	169622632	+
ENSG00000100938	14	24232421	24242421	+
ENSG00000213066	6	166999316	167009316	+
ENSG00000166578	12	113211093	113221093	-
ENSG00000105197	19	39480411	39490411	+
ENSG00000078070	3	183106074	183116074	-
ENSG00000130598	11	1838980	1848980	+
ENSG00000145916	5	178130995	178140995	+
ENSG00000153237	2	158446752	158456752	-
ENSG00000181541	4	150582150	150592150	+
ENSG00000166984	6	167146413	167156413	+
ENSG00000156831	8	125091678	125101678	+
ENSG00000237289	15	43593053	43603053	+
ENSG00000184601	14	104579763	104589763	+
ENSG00000090932	19	39498894	39508894	+
ENSG00000177839	5	141187126	141197126	+
ENSG00000186838	19	39515112	39525112	+
ENSG00000181195	8	56436670	56446670	-
ENSG00000168785	4	98648610	98658610	-
ENSG00000256223	12	133130574	133140574	+
ENSG00000112494	6	167271168	167281168	+
ENSG00000176401	19	39522851	39532851	-
ENSG00000176396	19	39530160	39540160	-
ENSG00000186132	2	119356833	119366833	-
ENSG00000120440	6	167325070	167335070	+
ENSG00000169515	19	46403563	46413563	-
ENSG00000167700	8	144509069	144519069	+
ENSG00000146083	5	176528024	176538024	-
ENSG00000182013	19	46461562	46471562	-
ENSG00000204851	19	46485878	46495878	-
ENSG00000197616	14	23398272	23408272	-
ENSG00000124762	6	36676459	36686459	+
ENSG00000242866	15	43608799	43618799	-
ENSG00000196873	9	68232002	68242002	+
ENSG00000160959	8	144517991	144527991	+
ENSG00000100711	14	103715729	103725729	+
ENSG00000027697	6	137209448	137219448	-
ENSG00000135312	6	77453490	77463490	-
ENSG00000276581	9	60914406	60924406	+
ENSG00000219607	6	5085340	5095340	+
ENSG00000160014	19	46601073	46611073	+
ENSG00000157349	16	70289662	70299662	+
ENSG00000112562	6	168441150	168451150	+
ENSG00000165782	14	20451464	20461464	-
ENSG00000008952	3	169966634	169976634	+
ENSG00000135968	2	108449190	108459190	+
ENSG00000260537	16	70299193	70309193	+
ENSG00000260220	9	136296900	136306900	-
ENSG00000160013	19	46615088	46625088	-
ENSG00000182307	8	145052464	145062464	+
ENSG00000134242	1	113861752	113871752	-
ENSG00000167414	19	46624684	46634684	-
ENSG00000197380	19	46651181	46661181	-
ENSG00000196998	X	49091169	49101169	-
ENSG00000128011	19	39310862	39320862	-
ENSG00000140153	14	102139502	102149502	+
ENSG00000018236	12	40692438	40702438	+
ENSG00000145819	5	142770376	142780376	+
ENSG00000130545	19	6463776	6473776	+
ENSG00000186684	2	127210312	127220312	-
ENSG00000119314	9	112323663	112333663	-
ENSG00000116096	2	72887381	72897381	+
ENSG00000173230	3	121739766	121749766	-
ENSG00000130595	11	1919702	1929702	+
ENSG00000223572	15	43692885	43702885	+
ENSG00000115128	2	24066372	24076372	-
ENSG00000164265	5	147870681	147880681	+
ENSG00000168872	16	70346860	70356860	+
ENSG00000173261	5	146095576	146105576	-
ENSG00000084112	12	108847589	108857589	-
ENSG00000068394	X	49113734	49123734	-
ENSG00000205744	19	6472556	6482556	-
ENSG00000157350	16	70429236	70439236	-
ENSG00000269313	X	49162563	49172563	+
ENSG00000170180	4	144130750	144140750	-
ENSG00000159899	9	35791590	35801590	+
ENSG00000181449	3	181711924	181721924	+
ENSG00000214026	11	1947277	1957277	+
ENSG00000167004	15	43746409	43756409	+
ENSG00000215274	X	49303668	49313668	+
ENSG00000081791	5	141923854	141933854	+
ENSG00000086062	9	33157355	33167355	-
ENSG00000089022	12	111842227	111852227	+
ENSG00000163644	4	88274768	88284768	-
ENSG00000091436	2	173075434	173085434	+
ENSG00000104833	19	6492847	6502847	-
ENSG00000136720	2	128308867	128318867	-
ENSG00000128886	15	43767314	43777314	-
ENSG00000226479	2	120213399	120223399	-
ENSG00000058063	3	182793502	182803502	+
ENSG00000125657	19	6531025	6541025	+
ENSG00000179364	14	105300562	105310562	+
ENSG00000140259	15	43814689	43824689	-
ENSG00000136688	2	112973202	112983202	+
ENSG00000185926	11	54593997	54603997	-
ENSG00000120805	12	101397771	101407771	-
ENSG00000125726	19	6594102	6604102	-
ENSG00000183313	11	5976984	5986984	-
ENSG00000180919	11	6107683	6117683	+
ENSG00000111913	6	25032169	25042169	-
ENSG00000109458	4	143336761	143346761	+
ENSG00000106692	9	105558121	105568121	+
ENSG00000115561	2	86553478	86563478	-
ENSG00000197903	6	27136854	27146854	-
ENSG00000196119	11	124566659	124576659	+
ENSG00000157353	16	70454594	70464594	+
ENSG00000196367	7	98877932	98887932	+
ENSG00000100592	14	59188645	59198645	+
ENSG00000138614	15	65601288	65611288	-
ENSG00000164465	6	117453816	117463816	+
ENSG00000066827	8	134703048	134713048	-
ENSG00000052795	4	158769025	158779025	+
ENSG00000049768	X	49260476	49270476	-
ENSG00000147912	9	37566379	37576379	-
ENSG00000001630	7	92124802	92134802	-
ENSG00000285772	7	92169510	92179510	-
ENSG00000285953	7	92235923	92245923	-
ENSG00000164128	4	163334831	163344831	-
ENSG00000123584	X	149781929	149791929	+
ENSG00000175768	9	37582603	37592603	-
ENSG00000111445	12	118013587	118023587	+
ENSG00000224089	X	120932022	120942022	-
ENSG00000125730	19	6720561	6730561	-
ENSG00000118482	6	63635801	63645801	+
ENSG00000226600	X	120936882	120946882	-
ENSG00000256825	12	133130983	133140983	+
ENSG00000100557	14	57483866	57493866	-
ENSG00000230347	X	120941743	120951743	-
ENSG00000146242	6	82363205	82373205	+
ENSG00000226023	X	120951486	120961486	-
ENSG00000237957	X	120956347	120966347	-
ENSG00000198498	4	163494441	163504441	+
ENSG00000189091	16	70523790	70533790	+
ENSG00000230594	X	120961207	120971207	-
ENSG00000236126	X	120966067	120976067	-
ENSG00000070601	9	37650953	37660953	+
ENSG00000242362	X	120970927	120980927	-
ENSG00000156795	8	123416725	123426725	+
ENSG00000268738	X	149585313	149595313	-
ENSG00000112333	6	108166021	108176021	+
ENSG00000212747	X	135012541	135022541	-
ENSG00000134590	X	135032354	135042354	+
ENSG00000068781	2	48529924	48539924	+
ENSG00000189241	6	116269929	116279929	-
ENSG00000273703	6	27815021	27825021	+
ENSG00000273542	6	27821559	27831559	-
ENSG00000198142	2	109614363	109624363	+
ENSG00000203950	X	135042195	135052195	-
ENSG00000196972	X	135088711	135098711	-
ENSG00000224107	X	135110525	135120525	-
ENSG00000112246	6	100454920	100464920	-
ENSG00000074621	15	65611365	65621365	+
ENSG00000169551	X	135161397	135171397	-
ENSG00000123104	12	26823193	26833193	-
ENSG00000174953	3	154314486	154324486	-
ENSG00000186376	X	135334108	135344108	-
ENSG00000238210	X	135252060	135262060	+
ENSG00000283644	X	135309479	135319479	+
ENSG00000176771	2	133558462	133568462	-
ENSG00000125734	19	6727602	6737602	-
ENSG00000173275	X	135344795	135354795	+
ENSG00000165275	9	37753802	37763802	+
ENSG00000184378	3	169759560	169769560	-
ENSG00000178947	X	135421943	135431943	+
ENSG00000104332	8	41299472	41309472	-
ENSG00000189046	12	109083630	109093630	-
ENSG00000060718	1	103098871	103108871	-
ENSG00000107371	9	37822116	37832116	-
ENSG00000022355	5	161847062	161857062	+
ENSG00000071051	2	105744911	105754911	+
ENSG00000123131	X	23664261	23674261	+
ENSG00000124789	6	17696924	17706924	-
ENSG00000120436	6	167147979	167157979	-
ENSG00000122741	9	37800553	37810553	+
ENSG00000283154	3	158962234	158972234	+
ENSG00000144229	2	136765544	136775544	+
ENSG00000139437	12	109900263	109910263	+
ENSG00000198670	6	160654274	160664274	-
ENSG00000122696	9	37894352	37904352	-
ENSG00000113763	5	176810518	176820518	+
ENSG00000147573	8	66126895	66136895	+
ENSG00000174485	15	65782292	65792292	-
ENSG00000107338	9	38059226	38069226	-
ENSG00000147571	8	66168463	66178463	-
ENSG00000171723	14	66507406	66517406	+
ENSG00000145982	6	5261043	5271043	+
ENSG00000118985	5	95951850	95961850	-
ENSG00000173334	8	125430357	125440357	+
ENSG00000185946	1	103525690	103535690	+
ENSG00000112365	6	109473218	109483218	-
ENSG00000124635	6	27122794	27132794	-
ENSG00000123130	X	23756474	23766474	-
ENSG00000276368	6	27804776	27814776	-
ENSG00000146066	5	176388750	176398750	+
ENSG00000112238	6	99606773	99616773	+
ENSG00000103769	15	65726053	65736053	+
ENSG00000197238	6	27824091	27834091	+
ENSG00000126878	9	131096475	131106475	+
ENSG00000001631	7	92236165	92246165	-
ENSG00000162627	1	98661700	98671700	+
ENSG00000288706	X	23783277	23793277	+
ENSG00000170961	8	121631439	121641439	-
ENSG00000184831	X	23897937	23907937	-
ENSG00000100433	14	88316906	88326906	-
ENSG00000249931	15	32393291	32403291	-
ENSG00000163110	4	94451856	94461856	+
ENSG00000165182	X	23908005	23918005	+
ENSG00000100596	14	77606636	77616636	-
ENSG00000134262	1	113895200	113905200	-
ENSG00000047579	6	15653057	15663057	-
ENSG00000206127	15	32445633	32455633	-
ENSG00000185100	14	104724228	104734228	+
ENSG00000125733	19	6737924	6747924	+
ENSG00000274997	6	27147105	27157105	+
ENSG00000146047	6	25726776	25736776	+
ENSG00000164508	6	25716561	25726561	-
ENSG00000008197	6	50713525	50723525	+
ENSG00000156802	8	123406349	123416349	-
ENSG00000137393	6	18387349	18397349	+
ENSG00000198130	2	190334192	190344192	-
ENSG00000168994	6	3741712	3751712	-
ENSG00000165617	14	58633966	58643966	+
ENSG00000186141	1	145824087	145834087	+
ENSG00000089094	12	121571022	121581022	-
ENSG00000125731	19	6757462	6767462	-
ENSG00000178403	4	112506179	112516179	-
ENSG00000125735	19	6660587	6670587	-
ENSG00000145476	4	186191566	186201566	+
ENSG00000130826	X	154762741	154772741	+
ENSG00000136425	15	78121534	78131534	-
ENSG00000009765	6	150368891	150378891	+
ENSG00000133710	5	148025682	148035682	+
ENSG00000031698	1	109213917	109223917	+
ENSG00000121207	4	154626944	154636944	+
ENSG00000004809	6	110466640	110476640	-
ENSG00000090861	16	70279706	70289706	-
ENSG00000139974	14	60981113	60991113	+
ENSG00000203797	6	110405574	110415574	-
ENSG00000288611	8	52939181	52949181	+
ENSG00000124535	6	2765392	2775392	+
ENSG00000131459	5	180343335	180353335	-
ENSG00000261717	16	75454705	75464705	-
ENSG00000162695	1	100896075	100906075	+
ENSG00000085276	3	169653774	169663774	-
ENSG00000021355	6	2831958	2841958	-
ENSG00000169756	2	108534354	108544354	+
ENSG00000166822	16	75455496	75465496	-
ENSG00000171566	4	154540399	154550399	-
ENSG00000130830	X	154811006	154821006	-
ENSG00000183196	16	75485444	75495444	-
ENSG00000135940	2	97646061	97656061	+
ENSG00000248109	5	148221649	148231649	+
ENSG00000170542	6	2893308	2903308	-
ENSG00000126883	9	131125585	131135585	+
ENSG00000147535	8	38259242	38269242	-
ENSG00000205084	16	75546267	75556267	-
ENSG00000203870	X	154824661	154834661	-
ENSG00000135090	12	118362906	118372906	-
ENSG00000157856	2	26401919	26411919	+
ENSG00000274183	X	154884971	154894971	+
ENSG00000288722	X	154886354	154896354	+
ENSG00000122786	7	134744251	134754251	+
ENSG00000034713	16	75566374	75576374	+
ENSG00000166411	15	78131497	78141497	+
ENSG00000125962	X	102599167	102609167	+
ENSG00000166848	16	75647772	75657772	+
ENSG00000284484	16	75667008	75677008	-
ENSG00000282757	16	75691460	75701460	-
ENSG00000164118	4	174283729	174293729	+
ENSG00000283755	16	75716489	75726489	-
ENSG00000169223	5	177341667	177351667	-
ENSG00000089220	12	118136123	118146123	+
ENSG00000134184	1	109687813	109697813	+
ENSG00000255833	5	135442350	135452350	-
ENSG00000168556	4	183505057	183515057	+
ENSG00000125755	19	45853193	45863193	-
ENSG00000198932	X	102651091	102661091	+
ENSG00000286237	X	102712494	102722494	+
ENSG00000265808	1	120166519	120176519	-
ENSG00000073111	3	127598409	127608409	+
ENSG00000105810	7	92826572	92836572	-
ENSG00000135097	12	120359163	120369163	-
ENSG00000164500	7	50095882	50105882	+
ENSG00000198908	X	102720687	102730687	+
ENSG00000170608	19	45863988	45873988	+
ENSG00000126882	9	131266509	131276509	-
ENSG00000170604	19	45876140	45886140	-
ENSG00000176182	19	45892612	45902612	-
ENSG00000188425	19	45904777	45914777	-
ENSG00000165792	14	20989972	20999972	+
ENSG00000101890	X	109472085	109482085	-
ENSG00000184206	15	84235772	84245772	+
ENSG00000162601	1	58690076	58700076	-
ENSG00000166669	16	10326433	10336433	+
ENSG00000168843	4	162154003	162164003	-
ENSG00000071073	2	98721131	98731131	-
ENSG00000101888	X	109535780	109545780	+
ENSG00000104983	19	45995460	46005460	+
ENSG00000176076	X	109615171	109625171	-
ENSG00000008438	19	46013052	46023052	-
ENSG00000110436	11	35410062	35420062	-
ENSG00000271810	1	112701432	112711432	-
ENSG00000204869	19	46067117	46077117	-
ENSG00000272031	1	145954574	145964574	-
ENSG00000122778	7	138971388	138981388	-
ENSG00000050555	9	131009173	131019173	+
ENSG00000173588	12	94449987	94459987	-
ENSG00000173452	7	19763616	19773616	-
ENSG00000204866	19	46143105	46153105	+
ENSG00000174332	1	53728105	53738105	-
ENSG00000188624	19	46114687	46124687	-
ENSG00000124570	6	2962164	2972164	-
ENSG00000092470	15	43826979	43836979	+
ENSG00000177045	19	45759251	45769251	-
ENSG00000073803	3	185282940	185292940	+
ENSG00000134247	1	116909915	116919915	+
ENSG00000133937	14	94760112	94770112	-
ENSG00000165506	14	49625243	49635243	-
ENSG00000268434	19	45775972	45785972	-
ENSG00000277932	11	5893207	5903207	+
ENSG00000188691	11	5958493	5968493	-
ENSG00000147548	8	38372271	38382271	-
ENSG00000181017	11	5761152	5771152	+
ENSG00000139352	12	102957673	102967673	+
ENSG00000185800	19	45782844	45792844	-
ENSG00000170485	2	100820138	100830138	+
ENSG00000116752	1	114571628	114581628	-
ENSG00000130717	9	131521263	131531263	-
ENSG00000087258	16	56191389	56201389	+
ENSG00000037280	5	180639623	180649623	-
ENSG00000104941	19	45805307	45815307	-
ENSG00000071205	4	147732062	147742062	+
ENSG00000136235	7	23235966	23245966	+
ENSG00000275969	9	66982582	66992582	-
ENSG00000162664	1	89995109	90005109	+
ENSG00000130818	19	9528644	9538644	-
ENSG00000134574	11	47214464	47224464	+
ENSG00000137274	6	3118373	3128373	+
ENSG00000197415	3	157523618	157533618	-
ENSG00000134253	1	117112586	117122586	-
ENSG00000146049	6	24356902	24366902	+
ENSG00000174473	4	171812253	171822253	+
ENSG00000159461	16	56415544	56425544	-
ENSG00000089154	12	120184714	120194714	-
ENSG00000138463	3	122795068	122805068	+
ENSG00000171469	19	9611235	9621235	-
ENSG00000254647	11	2151220	2161220	-
ENSG00000113578	5	142688069	142698069	-
ENSG00000112293	6	24485204	24495204	-
ENSG00000068366	X	109723402	109733402	-
ENSG00000106991	9	127844657	127854657	-
ENSG00000173218	1	115641969	115651969	+
ENSG00000135093	12	109023088	109033088	+
ENSG00000164284	5	149345429	149355429	+
ENSG00000087263	16	56451520	56461520	+
ENSG00000171466	19	9665099	9675099	-
ENSG00000129116	4	168497051	168507051	+
ENSG00000168509	1	146026745	146036745	-
ENSG00000185347	14	105489854	105499854	+
ENSG00000120149	5	174724581	174734581	+
ENSG00000179304	X	52891305	52901305	+
ENSG00000106069	7	29146568	29156568	+
ENSG00000277858	X	155380708	155390708	+
ENSG00000288709	X	155382094	155392094	+
ENSG00000183479	X	153460586	153470586	-
ENSG00000255582	14	21624939	21634939	-
ENSG00000121933	1	111553961	111563961	-
ENSG00000196605	19	9783179	9793179	-
ENSG00000183508	1	117606047	117616047	+
ENSG00000106992	9	127867674	127877674	-
ENSG00000113719	5	172834250	172844250	+
ENSG00000232070	14	21098810	21108810	+
ENSG00000182652	14	19743570	19753570	+
ENSG00000164303	4	184211229	184221229	-
ENSG00000127452	19	9817815	9827815	-
ENSG00000129473	14	23298789	23308789	+
ENSG00000258643	14	23306832	23316832	+
ENSG00000065427	16	75638642	75648642	-
ENSG00000112294	6	24494866	24504866	+
ENSG00000174827	1	145698147	145708147	-
ENSG00000111249	12	111034164	111044164	+
ENSG00000182552	4	183649202	183659202	-
ENSG00000136840	9	127907040	127917040	-
ENSG00000086300	7	26291861	26301861	+
ENSG00000063169	19	47608195	47618195	+
ENSG00000111802	6	24656929	24666929	-
ENSG00000145919	5	173606658	173616658	-
ENSG00000180176	11	2161814	2171814	-
ENSG00000261609	16	81314943	81324943	+
ENSG00000024422	19	47713421	47723421	+
ENSG00000112304	6	24667034	24677034	+
ENSG00000161202	3	184155376	184165376	+
ENSG00000004864	7	96312146	96322146	-
ENSG00000167103	9	127920784	127930784	-
ENSG00000161980	16	43607	53607	-
ENSG00000115459	2	85354393	85364393	+
ENSG00000161981	16	53827	63827	+
ENSG00000106246	7	99456162	99466162	-
ENSG00000127364	7	141776673	141786673	+
ENSG00000083857	4	186716721	186726721	-
ENSG00000136908	9	127927853	127937853	-
ENSG00000152402	11	107008475	107018475	-
ENSG00000140416	15	63042631	63052631	+
ENSG00000164609	5	160411710	160421710	-
ENSG00000007384	16	66354	76354	-
ENSG00000105373	19	47745545	47755545	+
ENSG00000165409	14	80954988	80964988	+
ENSG00000167106	9	127970988	127980988	-
ENSG00000164168	4	147617385	147627385	+
ENSG00000051009	11	6224710	6234710	-
ENSG00000103152	16	77006	87006	+
ENSG00000158122	9	96645316	96655316	-
ENSG00000145979	6	13318582	13328582	-
ENSG00000178980	19	47778584	47788584	+
ENSG00000196597	9	96865622	96875622	-
ENSG00000165417	14	81211376	81221376	-
ENSG00000178928	19	47809050	47819050	-
ENSG00000140022	14	81426464	81436464	-
ENSG00000105392	19	47819778	47829778	+
ENSG00000188152	9	96928309	96938309	+
ENSG00000134955	11	125063301	125073301	+
ENSG00000178935	19	57804912	57814912	-
ENSG00000079459	8	11795572	11805572	+
ENSG00000254656	14	100893721	100903721	-
ENSG00000268750	19	57819718	57829718	+
ENSG00000089250	12	117442169	117452169	-
ENSG00000136280	7	44999474	45009474	+
ENSG00000164136	4	141636582	141646582	+
ENSG00000269343	19	57819720	57829720	+
ENSG00000144893	3	151085696	151095696	+
ENSG00000119421	9	122149778	122159778	-
ENSG00000134001	14	67360327	67370327	+
ENSG00000112425	6	145726022	145736022	-
ENSG00000181264	11	120325295	120335295	+
ENSG00000185681	9	122159907	122169907	+
ENSG00000175040	3	143119770	143129770	+
ENSG00000120318	5	141672229	141682229	-
ENSG00000204514	19	57879073	57889073	-
ENSG00000103148	16	128676	138676	-
ENSG00000136631	1	150067278	150077278	+
ENSG00000127377	7	151430812	151440812	-
ENSG00000198466	19	57849858	57859858	+
ENSG00000146757	7	65373798	65383798	+
ENSG00000100558	14	67402166	67412166	-
ENSG00000177733	5	137744362	137754362	-
ENSG00000169760	3	173396283	173406283	+
ENSG00000173480	19	57906609	57916609	-
ENSG00000104415	8	133191038	133201038	+
ENSG00000253276	7	106651157	106661157	-
ENSG00000130656	16	142727	152727	+
ENSG00000156127	14	75522454	75532454	+
ENSG00000152454	19	57937705	57947705	-
ENSG00000286019	1	148669778	148679778	-
ENSG00000115641	2	105428512	105438512	-
ENSG00000187260	7	151400726	151410726	-
ENSG00000206177	16	153891	163891	+
ENSG00000153767	3	120742636	120752636	+
ENSG00000177025	19	57964533	57974533	-
ENSG00000188536	16	172875	182875	+
ENSG00000089472	X	66162670	66172670	+
ENSG00000118322	5	160842213	160852213	-
ENSG00000183495	12	131949941	131959941	+
ENSG00000265491	1	145814094	145824094	-
ENSG00000168491	4	185461751	185471751	-
ENSG00000206172	16	176679	186679	+
ENSG00000086506	16	180458	190458	+
ENSG00000182810	16	68013231	68023231	-
ENSG00000174460	X	118823823	118833823	+
ENSG00000104951	19	49919538	49929538	-
ENSG00000119686	14	75578619	75588619	+
ENSG00000106852	9	122219625	122229625	-
ENSG00000187821	4	185018840	185028840	+
ENSG00000112367	6	109690608	109700608	+
ENSG00000170242	11	11841422	11851422	+
ENSG00000088179	2	119759921	119769921	+
ENSG00000119446	9	122254839	122264839	-
ENSG00000110665	11	2293048	2303048	-
ENSG00000082684	3	123018604	123028604	-
ENSG00000198765	1	114854862	114864862	+
ENSG00000175556	X	118974613	118984613	+
ENSG00000137198	6	16238586	16248586	+
ENSG00000277535	X	119072959	119082959	+
ENSG00000161640	19	49951171	49961171	-
ENSG00000237988	6	29550406	29560406	+
ENSG00000078081	3	183153838	183163838	-
ENSG00000213886	6	29549731	29559731	-
ENSG00000148187	9	122264602	122274602	+
ENSG00000006652	7	112422886	112432886	+
ENSG00000135374	11	34515192	34525192	-
ENSG00000109762	4	185204236	185214236	+
ENSG00000288634	7	112450486	112460486	+
ENSG00000122970	12	110124334	110134334	+
ENSG00000181016	7	112480852	112490852	+
ENSG00000119685	14	75633624	75643624	+
ENSG00000204764	5	170861869	170871869	+
ENSG00000056998	X	2828821	2838821	+
ENSG00000168310	4	184464549	184474549	-
ENSG00000133935	14	75650875	75660875	-
ENSG00000143398	1	151197948	151207948	+
ENSG00000006756	X	2919348	2929348	-
ENSG00000272297	4	186545327	186555327	-
ENSG00000135678	12	68961569	68971569	-
ENSG00000144028	2	96311270	96321270	-
ENSG00000205667	X	3006545	3016545	+
ENSG00000196505	1	117919620	117929620	-
ENSG00000062096	X	3041470	3051470	+
ENSG00000089916	14	76151915	76161915	+
ENSG00000164129	4	163343891	163353891	+
ENSG00000164123	4	159028759	159038759	-
ENSG00000175054	3	142568732	142578732	-
ENSG00000029534	8	41886761	41896761	-
ENSG00000156113	10	77628368	77638368	-
ENSG00000149269	11	77464634	77474634	-
ENSG00000229894	4	165269678	165279678	-
ENSG00000119650	14	75902135	75912135	+
ENSG00000111450	12	130829265	130839265	-
ENSG00000164867	7	150991016	151001016	+
ENSG00000117360	1	150321478	150331478	+
ENSG00000165240	X	77910655	77920655	+
ENSG00000049449	11	32091073	32101073	+
ENSG00000181867	5	121851881	121861881	+
ENSG00000181652	7	151014498	151024498	-
ENSG00000284862	3	180674941	180684941	-
ENSG00000102144	X	77910738	77920738	+
ENSG00000175077	3	187197485	187207485	+
ENSG00000105053	19	50015945	50025945	-
ENSG00000226784	X	77959637	77969637	-
ENSG00000187325	X	78129649	78139649	-
ENSG00000154451	1	89262803	89272803	-
ENSG00000160882	8	142869845	142879845	-
ENSG00000136718	2	130342876	130352876	+
ENSG00000165471	10	52762783	52772783	-
ENSG00000170091	5	174045705	174055705	+
ENSG00000118655	1	113905212	113915212	+
ENSG00000038295	4	165873236	165883236	+
ENSG00000110887	12	108858931	108868931	+
ENSG00000147050	X	44873187	44883187	+
ENSG00000129696	8	33503184	33513184	-
ENSG00000142528	19	50025713	50035713	+
ENSG00000173226	3	121825078	121835078	-
ENSG00000204653	19	50504689	50514689	-
ENSG00000213199	7	151048291	151058291	+
ENSG00000023839	10	99782639	99792639	+
ENSG00000144152	2	112138384	112148384	+
ENSG00000131409	19	50558434	50568434	-
ENSG00000264717	10	47918738	47928738	+
ENSG00000169359	3	155844455	155854455	-
ENSG00000157399	X	2958474	2968474	-
ENSG00000276430	10	47989790	47999790	-
ENSG00000173093	12	110846768	110856768	+
ENSG00000188738	2	185738803	185748803	+
ENSG00000213023	19	50629880	50639880	-
ENSG00000164114	4	155366969	155376969	-
ENSG00000158301	X	102712444	102722444	+
ENSG00000235034	19	50649444	50659444	+
ENSG00000204022	10	88586752	88596752	+
ENSG00000164885	7	151047896	151057896	-
ENSG00000137710	11	110286711	110296711	-
ENSG00000288608	7	151061927	151071927	+
ENSG00000205268	8	65832321	65842321	-
ENSG00000105472	19	50723363	50733363	+
ENSG00000142511	19	50770463	50780463	+
ENSG00000142513	19	50790414	50800414	+
ENSG00000197584	3	178272931	178282931	+
ENSG00000168040	11	70203295	70213295	+
ENSG00000257046	12	20815673	20825673	+
ENSG00000178084	3	184053046	184063046	+
ENSG00000182333	10	88664440	88674440	+
ENSG00000168702	2	142121015	142131015	-
ENSG00000204681	6	29623975	29633975	-
ENSG00000164896	7	151070865	151080865	-
ENSG00000173239	10	88802729	88812729	+
ENSG00000167748	19	50813786	50823786	-
ENSG00000165970	11	20599593	20609593	+
ENSG00000204020	10	88759981	88769981	+
ENSG00000136695	2	113058637	113068637	+
ENSG00000269713	1	149093560	149103560	-
ENSG00000247626	2	197705368	197715368	+
ENSG00000109576	4	170081698	170091698	-
ENSG00000072736	16	68084750	68094750	+
ENSG00000107968	10	30434020	30444020	+
ENSG00000188735	12	121712751	121722751	+
ENSG00000164897	7	151073492	151083492	-
ENSG00000162989	2	154697854	154707854	+
ENSG00000256374	1	145232123	145242123	-
ENSG00000174562	19	50827212	50837212	-
ENSG00000144120	2	119679166	119689166	+
ENSG00000198843	3	150602874	150612874	+
ENSG00000260596	4	190173773	190183773	+
ENSG00000113580	5	143425511	143435511	-
ENSG00000003989	8	17497087	17507087	+
ENSG00000119953	10	110294937	110304937	-
ENSG00000206199	3	149958384	149968384	-
ENSG00000138166	10	110497906	110507906	+
ENSG00000103067	16	68228101	68238101	-
ENSG00000107186	9	13269691	13279691	-
ENSG00000169903	3	149474696	149484696	+
ENSG00000144278	2	153871921	153881921	+
ENSG00000121853	3	172438455	172448455	-
ENSG00000168594	4	174829667	174839667	+
ENSG00000107951	10	30364447	30374447	-
ENSG00000102078	X	130339887	130349887	+
ENSG00000142515	19	50854914	50864914	+
ENSG00000163840	3	122564337	122574337	+
ENSG00000174948	3	154420189	154430189	-
ENSG00000151136	12	107318420	107328420	+
ENSG00000179846	19	45150814	45160814	-
ENSG00000110651	11	2376176	2386176	+
ENSG00000103066	16	68245303	68255303	+
ENSG00000104320	8	89993227	90003227	-
ENSG00000134597	X	130401986	130411986	+
ENSG00000175970	12	120710457	120720457	+
ENSG00000113303	5	180899076	180909076	+
ENSG00000147262	X	130375673	130385673	-
ENSG00000109670	4	152526091	152536091	-
ENSG00000100503	14	50821161	50831161	-
ENSG00000160539	9	131289458	131299458	+
ENSG00000283526	9	131545513	131555513	+
ENSG00000142065	19	36369200	36379200	-
ENSG00000102172	X	21940708	21950708	+
ENSG00000175809	X	22272912	22282912	+
ENSG00000181007	19	36408643	36418643	-
ENSG00000109674	4	177309873	177319873	+
ENSG00000254004	19	36518270	36528270	-
ENSG00000165732	10	68956169	68966169	+
ENSG00000076513	12	109999185	110009185	+
ENSG00000122862	10	69088102	69098102	+
ENSG00000186020	19	36595275	36605275	-
ENSG00000164122	4	176267570	176277570	-
ENSG00000104450	8	100157905	100167905	+
ENSG00000178568	2	212528840	212538840	-
ENSG00000133612	7	151085830	151095830	+
ENSG00000173535	8	23102920	23112920	+
ENSG00000150628	4	176185584	176195584	-
ENSG00000139370	12	128813957	128823957	-
ENSG00000095397	9	114495472	114505472	-
ENSG00000103064	16	68264515	68274515	+
ENSG00000265190	10	47474157	47484157	-
ENSG00000113594	5	38598353	38608353	-
ENSG00000147434	8	42786391	42796391	-
ENSG00000157693	9	114611205	114621205	+
ENSG00000230054	9	114652373	114662373	-
ENSG00000146926	7	151177831	151187831	-
ENSG00000230601	9	114672191	114682191	-
ENSG00000103061	16	68300945	68310945	-
ENSG00000204655	6	29657001	29667001	+
ENSG00000181634	9	114796038	114806038	-
ENSG00000278685	7	151195495	151205495	-
ENSG00000136888	9	114587705	114597705	+
ENSG00000214654	9	120792402	120802402	+
ENSG00000102174	X	22032324	22042324	+
ENSG00000163006	2	108786756	108796756	+
ENSG00000099399	X	30215562	30225562	+
ENSG00000164344	4	186208978	186218978	+
ENSG00000120289	X	30241999	30251999	+
ENSG00000054690	14	67533289	67543289	+
ENSG00000095261	9	120832950	120842950	-
ENSG00000104435	8	79611116	79621116	+
ENSG00000285292	7	151217165	151227165	-
ENSG00000268043	1	146938743	146948743	+
ENSG00000102287	X	151964679	151974679	-
ENSG00000138069	2	65120330	65130330	-
ENSG00000132600	16	68310973	68320973	+
ENSG00000008853	8	22987416	22997416	+
ENSG00000033050	7	151217204	151227204	-
ENSG00000151690	2	190408354	190418354	+
ENSG00000100564	14	67590285	67600285	-
ENSG00000088926	4	186266188	186276188	+
ENSG00000033100	7	151232488	151242488	+
ENSG00000102119	X	154379272	154389272	+
ENSG00000140332	15	70088175	70098175	-
ENSG00000204642	6	29722774	29732774	+
ENSG00000116489	1	112619804	112629804	+
ENSG00000014216	11	65180565	65190565	+
ENSG00000081181	14	67619919	67629919	+
ENSG00000163659	3	156673234	156683234	+
ENSG00000154328	8	11769638	11779638	+
ENSG00000145416	4	164374049	164384049	-
ENSG00000122557	7	35687458	35697458	-
ENSG00000147234	X	107449651	107459651	+
ENSG00000100568	14	67664819	67674819	-
ENSG00000132341	12	130872036	130882036	+
ENSG00000170893	3	129974687	129984687	+
ENSG00000104369	8	74311539	74321539	-
ENSG00000101812	X	104039955	104049955	+
ENSG00000111845	6	10694971	10704971	+
ENSG00000119403	9	120884895	120894895	-
ENSG00000111843	6	10722914	10732914	+
ENSG00000138829	5	128649184	128659184	-
ENSG00000103056	16	68438507	68448507	-
ENSG00000150630	4	176782921	176792921	-
ENSG00000013293	3	170576074	170586074	-
ENSG00000130164	19	11089461	11099461	+
ENSG00000204116	X	73563199	73573199	+
ENSG00000128708	2	171922447	171932447	+
ENSG00000155367	1	112705476	112715476	-
ENSG00000119401	9	116687304	116697304	+
ENSG00000134200	1	115029825	115039825	+
ENSG00000187257	7	77696458	77706458	+
ENSG00000172661	10	45727199	45737199	+
ENSG00000161888	19	11145807	11155807	-
ENSG00000072042	14	67685792	67695792	-
ENSG00000135211	7	77788433	77798433	-
ENSG00000160396	19	40380180	40390180	-
ENSG00000109586	4	173168810	173178810	+
ENSG00000197019	19	40415991	40425991	-
ENSG00000167565	19	40434334	40444334	-
ENSG00000230989	16	83807977	83817977	+
ENSG00000104760	8	17900364	17910364	-
ENSG00000113805	3	74511139	74521139	-
ENSG00000111245	12	110911442	110921442	-
ENSG00000170848	19	42909562	42919562	-
ENSG00000139988	14	67701885	67711885	+
ENSG00000103150	16	83899114	83909114	+
ENSG00000145414	4	163156889	163166889	-
ENSG00000185758	4	183312425	183322425	-
ENSG00000157005	3	187660393	187670393	-
ENSG00000140961	16	83931310	83941310	+
ENSG00000204130	10	68397293	68407293	-
ENSG00000151332	14	36310636	36320636	-
ENSG00000060709	12	130706280	130716280	-
ENSG00000020922	11	94483884	94493884	-
ENSG00000137210	6	10747758	10757758	+
ENSG00000140943	16	84106941	84116941	-
ENSG00000099840	19	2096428	2106428	+
ENSG00000196458	12	132946305	132956305	-
ENSG00000138347	10	68106116	68116116	+
ENSG00000136352	14	36511148	36521148	-
ENSG00000179751	19	39194262	39204262	-
ENSG00000154096	11	119414984	119424984	-
ENSG00000136327	14	36572613	36582613	-
ENSG00000178075	3	113828181	113838181	+
ENSG00000067369	15	43500727	43510727	-
ENSG00000105370	19	51377973	51387973	-
ENSG00000198807	14	36657567	36667567	+
ENSG00000145715	5	87267882	87277882	+
ENSG00000103160	16	84135191	84145191	-
ENSG00000116117	2	204545474	204555474	+
ENSG00000143442	1	151449493	151459493	-
ENSG00000151498	11	134253547	134263547	+
ENSG00000128805	10	48646264	48656264	-
ENSG00000172717	14	67189392	67199392	+
ENSG00000187912	19	14583083	14593083	+
ENSG00000154099	16	84145286	84155286	+
ENSG00000160883	5	176889345	176899345	-
ENSG00000111837	6	10828552	10838552	-
ENSG00000285891	5	178687694	178697694	-
ENSG00000072415	14	67240712	67250712	+
ENSG00000124827	6	10872040	10882040	-
ENSG00000140955	16	84191137	84201137	+
ENSG00000204644	6	29671154	29681154	-
ENSG00000168038	3	41952129	41962129	-
ENSG00000118292	1	150268199	150278199	+
ENSG00000078674	8	17922839	17932839	+
ENSG00000171772	10	133559834	133569834	-
ENSG00000082515	5	154941072	154951072	+
ENSG00000156970	15	40161022	40171022	+
ENSG00000166558	16	84032794	84042794	-
ENSG00000196233	10	96832253	96842253	+
ENSG00000006576	7	77798791	77808791	+
ENSG00000065183	1	117929719	117939719	+
ENSG00000072135	2	130356044	130366044	+
ENSG00000235942	1	152842855	152852855	+
ENSG00000112096	6	159752528	159762528	-
ENSG00000186952	5	110728955	110738955	-
ENSG00000233917	15	21867734	21877734	-
ENSG00000100554	14	67350264	67360264	-
ENSG00000023902	1	150149182	150159182	+
ENSG00000184508	15	90925195	90935195	-
ENSG00000255192	15	35075294	35085294	-
ENSG00000148180	9	121207793	121217793	+
ENSG00000073711	3	135965727	135975727	+
ENSG00000074219	19	49352456	49362456	-
ENSG00000180871	2	218125288	218135288	+
ENSG00000149403	11	120511745	120521745	+
ENSG00000163393	1	115976512	115986512	+
ENSG00000158258	3	139935184	139945184	+
ENSG00000147869	9	14712732	14722732	-
ENSG00000146457	6	159725584	159735584	+
ENSG00000089169	12	112570379	112580379	+
ENSG00000120437	6	159762044	159772044	+
ENSG00000169896	16	31259966	31269966	+
ENSG00000167646	19	55156721	55166721	-
ENSG00000187527	3	193368819	193378819	-
ENSG00000230453	9	33524393	33534393	+
ENSG00000144354	2	173354819	173364819	+
ENSG00000114796	3	183635609	183645609	+
ENSG00000107341	9	33817159	33827159	+
ENSG00000174456	12	110063633	110073633	-
ENSG00000136758	10	27145265	27155265	-
ENSG00000198876	9	34117398	34127398	-
ENSG00000136514	3	187368384	187378384	+
ENSG00000285938	3	187743685	187753685	+
ENSG00000140678	16	31355133	31365133	+
ENSG00000120438	6	159779702	159789702	-
ENSG00000151532	10	112446997	112456997	+
ENSG00000100883	14	34981956	34991956	+
ENSG00000151503	11	134215453	134225453	-
ENSG00000183049	10	12349546	12359546	+
ENSG00000112110	6	159789811	159799811	+
ENSG00000156886	16	31393334	31403334	+
ENSG00000187391	7	79443666	79453666	-
ENSG00000156885	16	31418359	31428359	-
ENSG00000176723	16	31433159	31443159	-
ENSG00000144730	3	57160305	57170305	-
ENSG00000136682	2	113437690	113447690	+
ENSG00000146453	6	159800248	159810248	+
ENSG00000198954	10	68988802	68998802	+
ENSG00000140691	16	31458079	31468079	+
ENSG00000146223	6	42879615	42889615	+
ENSG00000204147	10	50739317	50749317	+
ENSG00000221821	6	42880820	42890820	-
ENSG00000006625	7	30494840	30504840	-
ENSG00000065000	19	2154467	2164467	-
ENSG00000171611	6	42915988	42925988	+
ENSG00000281039	7	30540760	30550760	-
ENSG00000137161	6	42929191	42939191	+
ENSG00000149179	11	46936688	46946688	+
ENSG00000119638	14	75117343	75127343	-
ENSG00000124713	6	42960753	42970753	+
ENSG00000161677	19	50501219	50511219	-
ENSG00000089041	12	121132818	121142818	+
ENSG00000124587	6	42969180	42979180	-
ENSG00000237452	19	45733438	45743438	+
ENSG00000161204	3	184186022	184196022	+
ENSG00000055163	5	157266078	157276078	+
ENSG00000173976	19	3762227	3772227	-
ENSG00000115896	2	197804592	197814592	+
ENSG00000173338	11	65585995	65595995	-
ENSG00000196081	19	23240393	23250393	-
ENSG00000148053	9	84668550	84678550	+
ENSG00000154556	4	185946651	185956651	-
ENSG00000135966	2	105319734	105329734	-
ENSG00000135047	9	87724050	87734050	+
ENSG00000075413	14	103385376	103395376	+
ENSG00000106113	7	30690128	30700128	-
ENSG00000137872	15	47184100	47194100	+
ENSG00000135127	12	119989868	119999868	+
ENSG00000140682	16	31471584	31481584	+
ENSG00000081320	2	196166502	196176502	-
ENSG00000276045	12	121626549	121636549	+
ENSG00000064201	11	2301996	2311996	+
ENSG00000151952	12	129894024	129904024	-
ENSG00000205978	14	24399002	24409002	+
ENSG00000012061	19	45468827	45478827	-
ENSG00000139899	14	24420953	24430953	-
ENSG00000134452	10	5890202	5900202	+
ENSG00000164946	9	14900994	14910994	-
ENSG00000144136	2	112645938	112655938	+
ENSG00000169032	15	66386836	66396836	+
ENSG00000164144	4	152779936	152789936	+
ENSG00000138246	3	132417501	132427501	+
ENSG00000100441	14	24429285	24439285	+
ENSG00000106105	7	30580532	30590532	+
ENSG00000157782	12	120640551	120650551	+
ENSG00000218336	4	182143986	182153986	+
ENSG00000140675	16	31483001	31493001	+
ENSG00000149716	11	69665415	69675415	-
ENSG00000092009	14	24498264	24508264	-
ENSG00000173320	4	183797691	183807691	+
ENSG00000129128	4	176319965	176329965	+
ENSG00000205981	3	180979773	180989773	-
ENSG00000241127	7	39566384	39576384	+
ENSG00000100450	14	24599698	24609698	-
ENSG00000184108	4	188139440	188149440	+
ENSG00000158077	11	7020478	7030478	+
ENSG00000148334	9	128118461	128128461	-
ENSG00000006451	7	39623564	39633564	+
ENSG00000275163	3	178419122	178429122	+
ENSG00000198947	X	33329608	33339608	-
ENSG00000148688	10	90871951	90881951	+
ENSG00000112640	6	42984552	42994552	+
ENSG00000167771	11	63907163	63917163	-
ENSG00000100453	14	24624266	24634266	-
ENSG00000123143	19	14433052	14443052	+
ENSG00000140688	16	31499308	31509308	-
ENSG00000151617	4	147480916	147490916	+
ENSG00000100448	14	24566249	24576249	-
ENSG00000198521	19	21842124	21852124	-
ENSG00000164904	5	126585361	126595361	-
ENSG00000128731	15	28312178	28322178	-
ENSG00000169877	16	31527899	31537899	+
ENSG00000124733	6	43006867	43016867	-
ENSG00000113924	3	120672268	120682268	-
ENSG00000164323	4	185199503	185209503	-
ENSG00000021645	14	78170372	78180372	+
ENSG00000110583	11	63938958	63948958	+
ENSG00000078114	10	21283010	21293010	-
ENSG00000198270	12	112003184	112013184	-
ENSG00000176340	11	63974619	63984619	+
ENSG00000256100	11	63974619	63984619	+
ENSG00000042753	19	46840845	46850845	-
ENSG00000176422	12	56468577	56478577	+
ENSG00000133315	11	64156112	64166112	-
ENSG00000198887	9	70258977	70268977	+
ENSG00000163389	3	119468962	119478962	+
ENSG00000186881	9	104504262	104514262	+
ENSG00000124702	6	43014102	43024102	+
ENSG00000148136	9	104517208	104527208	-
ENSG00000186943	9	104569167	104579167	+
ENSG00000277556	9	104589412	104599412	-
ENSG00000276119	9	104595626	104605626	-
ENSG00000136839	9	104608203	104618203	-
ENSG00000124541	6	43021622	43031622	+
ENSG00000151948	12	128853426	128863426	+
ENSG00000155890	3	140678063	140688063	+
ENSG00000136783	9	104747682	104757682	+
ENSG00000004948	7	93564729	93574729	-
ENSG00000104763	8	18074997	18084997	-
ENSG00000165028	9	104764128	104774128	+
ENSG00000176915	12	132751831	132761831	-
ENSG00000131778	1	147242653	147252653	+
ENSG00000103502	16	29853413	29863413	-
ENSG00000169220	5	177357923	177367923	+
ENSG00000196800	5	148169732	148179732	+
ENSG00000139990	14	69143149	69153149	-
ENSG00000150760	10	126905408	126915408	+
ENSG00000185056	5	173973778	173983778	+
ENSG00000076928	19	41883172	41893172	+
ENSG00000183072	5	173225310	173235310	-
ENSG00000179520	12	100357073	100367073	+
ENSG00000170214	5	159865079	159875079	+
ENSG00000170613	5	157156263	157166263	-
ENSG00000163156	1	151156663	151166663	+
ENSG00000188649	10	95907602	95917602	+
ENSG00000174939	16	29900374	29910374	+
ENSG00000168439	11	64185271	64195271	+
ENSG00000143631	1	152315238	152325238	-
ENSG00000174943	16	29916235	29926235	-
ENSG00000105085	19	16619061	16629061	-
ENSG00000113761	5	177022695	177032695	+
ENSG00000159377	1	151399559	151409559	+
ENSG00000196083	3	190514050	190524050	+
ENSG00000185482	12	57241187	57251187	-
ENSG00000127445	19	9835256	9845256	+
ENSG00000257335	7	141907812	141917812	+
ENSG00000270339	1	146334789	146344789	-
ENSG00000171522	5	40679914	40689914	+
ENSG00000197748	10	104222363	104232363	-
ENSG00000156150	1	110060671	110070671	-
ENSG00000169469	1	153031202	153041202	+
ENSG00000067842	X	153517641	153527641	+
ENSG00000092140	14	30559157	30569157	+
ENSG00000183111	5	149551946	149561946	+
ENSG00000177551	1	115833916	115843916	-
ENSG00000113749	5	175658029	175668029	+
ENSG00000106536	7	38977908	38987908	+
ENSG00000149932	16	29940884	29950884	+
ENSG00000171100	X	150568620	150578620	+
ENSG00000089234	12	111675955	111685955	-
ENSG00000171206	10	102644478	102654478	+
ENSG00000137171	6	43040776	43050776	+
ENSG00000123213	5	65722204	65732204	+
ENSG00000170776	15	85380570	85390570	+
ENSG00000073050	19	43570472	43580472	-
ENSG00000139725	12	121793402	121803402	-
ENSG00000165029	9	104918154	104928154	-
ENSG00000136918	9	124853416	124863416	+
ENSG00000137561	8	63076052	63086052	-
ENSG00000196104	4	167224795	167234795	-
ENSG00000112651	6	43049437	43059437	-
ENSG00000105327	19	47222765	47232765	-
ENSG00000197323	1	114501202	114511202	-
ENSG00000127528	19	16324825	16334825	+
ENSG00000071054	2	101696849	101706849	+
ENSG00000092108	14	30622290	30632290	+
ENSG00000139714	12	121662630	121672630	-
ENSG00000058866	3	186352233	186362233	-
ENSG00000188523	9	132410042	132420042	+
ENSG00000146054	5	181195292	181205292	-
ENSG00000213024	19	49919762	49929762	-
ENSG00000244094	1	153103515	153113515	-
ENSG00000160349	9	135521437	135531437	+
ENSG00000188394	9	123033666	123043666	+
ENSG00000260230	9	109157248	109167248	-
ENSG00000185728	8	63168552	63178552	+
ENSG00000172578	3	183545705	183555705	-
ENSG00000140093	14	94283267	94293267	-
ENSG00000198948	4	170023030	170033030	-
ENSG00000213316	5	179793979	179803979	+
ENSG00000130429	7	99374248	99384248	+
ENSG00000170099	14	94313388	94323388	-
ENSG00000063601	X	150692970	150702970	+
ENSG00000111666	12	101696946	101706946	+
ENSG00000130592	11	1850903	1860903	+
ENSG00000271321	7	143747695	143757695	-
ENSG00000137822	15	43369220	43379220	+
ENSG00000152292	2	85418930	85428930	+
ENSG00000122136	9	135546125	135556125	+
ENSG00000137558	8	74824533	74834533	+
ENSG00000166143	15	40818708	40828708	-
ENSG00000178718	15	74946771	74956771	-
ENSG00000197249	14	94380692	94390692	-
ENSG00000283787	11	1881894	1891894	-
ENSG00000106560	7	150685696	150695696	+
ENSG00000104381	8	74320612	74330612	+
ENSG00000196459	X	13724634	13734634	-
ENSG00000213203	7	150716605	150726605	+
ENSG00000281887	7	150716667	150726667	+
ENSG00000111348	12	14951727	14961727	-
ENSG00000152127	2	134119982	134129982	+
ENSG00000277586	8	24946720	24956720	-
ENSG00000114331	3	195433043	195443043	-
ENSG00000186910	14	94442799	94452799	-
ENSG00000104835	19	38920762	38930762	-
ENSG00000147697	8	129776623	129786623	-
ENSG00000149925	16	30064163	30074163	+
ENSG00000123643	5	151437045	151447045	+
ENSG00000135111	12	114674174	114684174	-
ENSG00000106565	7	150791359	150801359	-
ENSG00000184845	5	175434181	175444181	-
ENSG00000136527	3	185928102	185938102	-
ENSG00000074071	16	1763149	1773149	-
ENSG00000137522	11	71929017	71939017	+
ENSG00000125629	2	118088451	118098451	+
ENSG00000109466	4	165207560	165217560	+
ENSG00000148358	9	130053425	130063425	+
ENSG00000170054	14	94469688	94479688	-
ENSG00000166111	12	109011067	109021067	-
ENSG00000184056	15	91012602	91022602	-
ENSG00000169131	5	178720658	178730658	-
ENSG00000186452	12	50842919	50852919	+
ENSG00000165953	14	94507843	94517843	-
ENSG00000124486	X	41085444	41095444	+
ENSG00000151729	4	185143265	185153265	+
ENSG00000002933	7	150800402	150810402	+
ENSG00000162032	16	1783699	1793699	-
ENSG00000164167	4	146175702	146185702	+
ENSG00000185823	15	24675774	24685774	+
ENSG00000102158	X	77885592	77895592	-
ENSG00000250673	4	146214514	146224514	+
ENSG00000260428	8	144266452	144276452	+
ENSG00000184967	12	132144456	132154456	+
ENSG00000126950	X	101078878	101088878	+
ENSG00000038274	5	163503113	163513113	+
ENSG00000111262	12	4909904	4919904	+
ENSG00000102384	X	101098187	101108187	+
ENSG00000227059	12	133225876	133235876	-
ENSG00000185122	8	144291590	144301590	+
ENSG00000137496	11	71998612	72008612	+
ENSG00000065268	19	984331	994331	+
ENSG00000109775	4	185415978	185425978	-
ENSG00000178882	12	123973240	123983240	+
ENSG00000129484	14	20343614	20353614	+
ENSG00000096872	9	26947038	26957038	+
ENSG00000125741	19	45592211	45602211	-
ENSG00000175893	9	14683431	14693431	-
ENSG00000213397	X	153485515	153495515	-
ENSG00000176834	12	118126025	118136025	-
ENSG00000198898	7	116811069	116821069	+
ENSG00000087206	5	177012632	177022632	-
ENSG00000112655	6	43076306	43086306	+
ENSG00000038002	4	177432436	177442436	-
ENSG00000126934	19	4114121	4124121	-
ENSG00000095906	16	1782931	1792931	+
ENSG00000171992	5	150601079	150611079	+
ENSG00000163638	3	64677999	64687999	-
ENSG00000288635	7	116954390	116964390	+
ENSG00000269058	19	16486166	16496166	-
ENSG00000099769	16	1784970	1794970	-
ENSG00000156500	X	134796394	134806394	+
ENSG00000139351	12	101729471	101739471	-
ENSG00000185000	8	144316909	144326909	-
ENSG00000183709	19	39268395	39278395	+
ENSG00000176597	3	183253252	183263252	+
ENSG00000152433	19	57363476	57373476	+
ENSG00000261678	8	144326481	144336481	-
ENSG00000086159	12	49967193	49977193	+
ENSG00000174886	19	5894005	5904005	-
ENSG00000261587	8	144344913	144354913	-
ENSG00000112658	6	43171268	43181268	+
ENSG00000133597	7	140672944	140682944	+
ENSG00000130066	X	23783172	23793172	+
ENSG00000183955	12	123383772	123393772	+
ENSG00000184162	19	19193413	19203413	-
ENSG00000188687	2	74333413	74343413	-
ENSG00000188958	3	191320535	191330535	-
ENSG00000257767	12	111753889	111763889	+
ENSG00000090266	7	140690776	140700776	+
ENSG00000182325	8	144349375	144359375	-
ENSG00000111696	12	103831233	103841233	-
ENSG00000164164	4	145170588	145180588	-
ENSG00000142453	19	10871552	10881552	+
ENSG00000165675	X	130893233	130903233	-
ENSG00000063854	16	1817156	1827156	-
ENSG00000164031	4	99936617	99946617	-
ENSG00000130561	2	233307815	233317815	+
ENSG00000173137	8	144373100	144383100	+
ENSG00000157514	X	107767341	107777341	-
ENSG00000180185	16	1826940	1836940	+
ENSG00000112659	6	43182183	43192183	+
ENSG00000162040	16	1908414	1918414	-
ENSG00000161671	19	50476399	50486399	+
ENSG00000214107	X	30243714	30253714	+
ENSG00000171054	X	131544073	131554073	+
ENSG00000171478	X	48130625	48140625	+
ENSG00000185163	12	132134318	132144318	-
ENSG00000112667	6	43219480	43229480	-
ENSG00000132613	16	70676052	70686052	-
ENSG00000145431	4	156961798	156971798	-
ENSG00000105227	19	40404792	40414792	-
ENSG00000188674	2	208180029	208190029	-
ENSG00000160867	5	177086904	177096904	+
ENSG00000146216	6	43243480	43253480	+
ENSG00000130052	X	68647665	68657665	+
ENSG00000198798	X	30230656	30240656	+
ENSG00000131264	X	73447052	73457052	+
ENSG00000182264	19	48736908	48746908	-
ENSG00000215113	X	71763348	71773348	+
ENSG00000256980	6	73215769	73225769	-
ENSG00000189099	4	151277170	151287170	+
ENSG00000105550	19	48755523	48765523	+
ENSG00000103043	16	70791159	70801159	-
ENSG00000135314	6	73300364	73310364	-
ENSG00000147174	X	71578436	71588436	+
ENSG00000115073	2	97654043	97664043	-
ENSG00000135480	12	52232519	52242519	+
ENSG00000129003	15	62050472	62060472	-
ENSG00000203909	6	73344275	73354275	-
ENSG00000216649	X	49551315	49561315	+
ENSG00000203908	6	73362657	73372657	+
ENSG00000153060	16	10684929	10694929	-
ENSG00000116120	2	222646091	222656091	-
ENSG00000166160	X	154219755	154229755	+
ENSG00000120725	5	139283556	139293556	-
ENSG00000182606	3	42013801	42023801	+
ENSG00000267978	X	149577458	149587458	-
ENSG00000163464	2	218156961	218166961	-
ENSG00000177082	15	84644342	84654342	-
ENSG00000225396	X	72798209	72808209	-
ENSG00000080007	6	73394827	73404827	+
ENSG00000123165	X	128042402	128052402	-
ENSG00000071894	8	144399334	144409334	-
ENSG00000215115	X	71708284	71718284	-
ENSG00000157764	7	140914928	140924928	-
ENSG00000184033	X	154609281	154619281	-
ENSG00000112232	6	62276224	62286224	-
ENSG00000188112	6	42132619	42142619	-
ENSG00000126890	X	154643578	154653578	-
ENSG00000112599	6	42184955	42194955	-
ENSG00000048544	6	42207860	42217860	-
ENSG00000187908	10	122560664	122570664	+
ENSG00000120729	5	137867857	137877857	+
ENSG00000114626	3	127672934	127682934	+
ENSG00000090263	7	141005227	141015227	-
ENSG00000164162	4	145088540	145098540	-
ENSG00000103274	16	10743785	10753785	+
ENSG00000126016	X	112830830	112840830	-
ENSG00000147804	8	144406843	144416843	-
ENSG00000186912	X	70250203	70260203	-
ENSG00000112297	6	106360716	106370716	+
ENSG00000105552	19	48801028	48811028	-
ENSG00000130347	6	106619497	106629497	-
ENSG00000133943	14	91060332	91070332	+
ENSG00000151689	2	190343569	190353569	+
ENSG00000105865	7	107563483	107573483	+
ENSG00000169105	15	40470983	40480983	+
ENSG00000130348	6	106629577	106639577	+
ENSG00000189362	2	190524721	190534721	-
ENSG00000180815	X	19505507	19515507	-
ENSG00000090615	12	132819077	132829077	-
ENSG00000166676	16	10808793	10818793	-
ENSG00000113300	5	180494378	180504378	+
ENSG00000166664	15	30383848	30393848	-
ENSG00000182108	16	10932467	10942467	-
ENSG00000087076	19	48826509	48836509	-
ENSG00000115457	2	216632827	216642827	+
ENSG00000111737	12	120107501	120117501	-
ENSG00000158516	7	130266862	130276862	+
ENSG00000173905	3	168085923	168095923	-
ENSG00000164332	5	159263289	159273289	+
ENSG00000268350	X	52985471	52995471	-
ENSG00000127743	5	149394201	149404201	-
ENSG00000168434	16	23443188	23453188	-
ENSG00000150540	2	137964019	137974019	+
ENSG00000185448	X	34122313	34132313	-
ENSG00000108094	10	35080641	35090641	-
ENSG00000128510	7	130293133	130303133	+
ENSG00000204279	X	55254915	55264915	-
ENSG00000105559	19	48858616	48868616	-
ENSG00000137812	15	40594019	40604019	+
ENSG00000187957	2	229704554	229714554	-
ENSG00000269791	X	48401959	48411959	-
ENSG00000160948	8	144418562	144428562	-
ENSG00000087074	19	48872420	48882420	+
ENSG00000123505	6	110874769	110884769	+
ENSG00000236371	X	120975759	120985759	-
ENSG00000123594	X	13310052	13320052	-
ENSG00000238205	X	40623427	40633427	+
ENSG00000155115	6	110958705	110968705	+
ENSG00000173548	15	75647911	75657911	+
ENSG00000091704	7	130380338	130390338	+
ENSG00000136854	9	127579369	127589369	+
ENSG00000171509	4	158315310	158325310	+
ENSG00000197498	6	110982014	110992014	+
ENSG00000165868	10	116840250	116850250	-
ENSG00000076003	2	135866442	135876442	-
ENSG00000104804	19	48888743	48898743	-
ENSG00000184911	X	72776889	72786889	+
ENSG00000147889	9	21985300	21995300	-
ENSG00000029639	6	155304492	155314492	-
ENSG00000171217	6	155264012	155274012	+
ENSG00000103365	16	23511994	23521994	-
ENSG00000094755	5	170763349	170773349	+
ENSG00000074771	6	155445838	155455838	-
ENSG00000011523	2	65056365	65066365	+
ENSG00000268940	X	135713638	135723638	+
ENSG00000129467	14	24325092	24335092	-
ENSG00000214717	X	2490975	2500975	-
ENSG00000177791	10	73631473	73641473	-
ENSG00000166317	10	73653802	73663802	-
ENSG00000174038	9	35041094	35051094	+
ENSG00000166762	15	43658117	43668117	-
ENSG00000056050	4	169747943	169757943	-
ENSG00000178104	1	148808180	148818180	+
ENSG00000261236	8	144281437	144291437	-
ENSG00000134532	12	24552543	24562543	-
ENSG00000103356	16	23547730	23557730	-
ENSG00000052802	4	165327666	165337666	+
ENSG00000013561	5	141958327	141968327	+
ENSG00000104805	19	48900311	48910311	+
ENSG00000185803	8	144333956	144343956	+
ENSG00000165282	9	35086600	35096600	-
ENSG00000198612	2	237085881	237095881	+
ENSG00000187097	14	74009398	74019398	-
ENSG00000213780	6	30908206	30918206	+
ENSG00000227051	14	96039361	96049361	+
ENSG00000171428	8	18170476	18180476	+
ENSG00000214357	5	172641262	172651262	+
ENSG00000104808	19	48933698	48943698	+
ENSG00000103353	16	23557720	23567720	+
ENSG00000196260	6	30945635	30955635	-
ENSG00000119715	14	76310711	76320711	+
ENSG00000111790	12	26938469	26948469	+
ENSG00000176986	10	73744371	73754371	+
ENSG00000168631	6	30934522	30944522	+
ENSG00000087088	19	48954814	48964814	+
ENSG00000082556	8	53241636	53251636	-
ENSG00000168398	14	96204678	96214678	+
ENSG00000004779	16	23586315	23596315	-
ENSG00000204544	6	30983717	30993717	+
ENSG00000092067	14	23109254	23119254	-
ENSG00000261272	6	31010473	31020473	+
ENSG00000184584	5	139472934	139482934	-
ENSG00000196968	10	73772275	73782275	+
ENSG00000123095	12	26115036	26125036	-
ENSG00000204542	6	31102574	31112574	-
ENSG00000137497	11	72070692	72080692	-
ENSG00000204540	6	31114749	31124749	+
ENSG00000172586	10	73782046	73792046	+
ENSG00000002586	X	2691186	2701186	+
ENSG00000204539	6	31110445	31120445	-
ENSG00000204538	6	31129065	31139065	-
ENSG00000083093	16	23631309	23641309	-
ENSG00000151612	4	145928822	145938822	-
ENSG00000165283	9	35093194	35103194	-
ENSG00000022567	8	141298304	141308304	-
ENSG00000087086	19	48965308	48975308	+
ENSG00000267360	19	37200511	37210511	-
ENSG00000204882	8	141357285	141367285	-
ENSG00000173208	12	39609802	39619802	-
ENSG00000163075	2	119544431	119554431	+
ENSG00000166847	16	23641465	23651465	+
ENSG00000172680	8	56103981	56113981	-
ENSG00000196967	19	37162740	37172740	-
ENSG00000197410	4	154481798	154491798	-
ENSG00000181690	8	56201323	56211323	-
ENSG00000124343	X	2752039	2762039	+
ENSG00000127337	12	69359709	69369709	+
ENSG00000149357	11	72093296	72103296	-
ENSG00000245680	19	37208152	37218152	-
ENSG00000164330	5	159089915	159099915	-
ENSG00000005238	9	35106340	35116340	-
ENSG00000013619	X	150361421	150371421	+
ENSG00000284844	11	72105923	72115923	+
ENSG00000214655	10	73785605	73795605	+
ENSG00000170791	8	56211685	56221685	+
ENSG00000072506	X	53424369	53434369	-
ENSG00000164142	4	151409175	151419175	+
ENSG00000166851	16	23677655	23687655	+
ENSG00000168564	4	183444634	183454634	+
ENSG00000180884	19	34954228	34964228	-
ENSG00000179059	4	187995770	188005770	+
ENSG00000285526	19	35106509	35116509	+
ENSG00000166507	10	73801797	73811797	-
ENSG00000177354	10	49299169	49309169	+
ENSG00000265354	10	45972488	45982488	+
ENSG00000079335	1	100345000	100355000	+
ENSG00000263639	10	46038179	46048179	-
ENSG00000206053	16	1678255	1688255	+
ENSG00000110200	11	72102779	72112779	-
ENSG00000006831	12	1688573	1698573	+
ENSG00000153902	19	35132450	35142450	-
ENSG00000182168	4	95539205	95549205	-
ENSG00000143119	1	110871187	110881187	+
ENSG00000039319	5	80408012	80418012	+
ENSG00000221946	19	35143249	35153249	+
ENSG00000122958	10	69123511	69133511	+
ENSG00000106484	7	130486170	130496170	+
ENSG00000140262	15	56918622	56928622	+
ENSG00000168903	5	180988845	180998845	+
ENSG00000248483	5	93731599	93741599	-
ENSG00000156502	10	69180233	69190233	+
ENSG00000204536	6	31148237	31158237	-
ENSG00000178234	7	152025673	152035673	+
ENSG00000151718	4	183099256	183109256	+
ENSG00000091428	2	172735273	172745273	+
ENSG00000156510	10	69220331	69230331	+
ENSG00000117362	1	150259579	150269579	-
ENSG00000165457	11	72216600	72226600	+
ENSG00000092199	14	21259493	21269493	-
ENSG00000075073	10	69406917	69416917	-
ENSG00000160685	1	155002629	155012629	+
ENSG00000143520	1	152350005	152360005	-
ENSG00000089327	19	35154729	35164729	+
ENSG00000164120	4	174513153	174523153	-
ENSG00000137310	6	31158546	31168546	+
ENSG00000161013	5	179796951	179806951	-
ENSG00000171943	1	121184810	121194810	+
ENSG00000053254	14	89609148	89619148	-
ENSG00000160917	7	99438921	99448921	+
ENSG00000099282	10	69451464	69461464	+
ENSG00000196734	1	152811970	152821970	+
ENSG00000089775	14	64495212	64505212	-
ENSG00000122859	10	69563421	69573421	-
ENSG00000186522	2	109604142	109614142	-
ENSG00000171224	10	69630246	69640246	+
ENSG00000138834	16	1706182	1716182	+
ENSG00000104419	8	133292021	133302021	-
ENSG00000165458	11	72223700	72233700	+
ENSG00000145113	3	195801972	195811972	-
ENSG00000151327	14	35044906	35054906	+
ENSG00000241468	7	99456185	99466185	-
ENSG00000146067	5	177544562	177554562	-
ENSG00000250366	14	95876391	95886391	+
ENSG00000198722	9	35161991	35171991	+
ENSG00000155761	1	118175227	118185227	-
ENSG00000198556	7	99472889	99482889	+
ENSG00000179115	19	12924036	12934036	-
ENSG00000165462	11	72235663	72245663	-
ENSG00000160908	7	99494856	99504856	-
ENSG00000254827	11	2893574	2903574	-
ENSG00000155875	9	19039357	19049357	-
ENSG00000221909	7	99548535	99558535	-
ENSG00000155876	9	19049426	19059426	+
ENSG00000039600	5	157661479	157671479	-
ENSG00000162063	16	2429393	2439393	+
ENSG00000115590	2	101991959	102001959	+
ENSG00000159208	1	150282542	150292542	+
ENSG00000168538	4	183659266	183669266	+
ENSG00000152492	3	191329084	191339084	+
ENSG00000114315	3	194136147	194146147	+
ENSG00000178031	9	17906562	17916562	+
ENSG00000179262	19	12945854	12955854	+
ENSG00000143373	1	151281617	151291617	+
ENSG00000086758	X	53676727	53686727	-
ENSG00000151005	4	163463753	163473753	-
ENSG00000172878	2	171999942	172009942	+
ENSG00000179271	19	12947222	12957222	-
ENSG00000110628	11	2899720	2909720	+
ENSG00000175066	3	142215591	142225591	-
ENSG00000189420	X	153411471	153421471	+
ENSG00000116830	1	117060325	117070325	+
ENSG00000151062	12	1908665	1918665	-
ENSG00000181649	11	2919419	2929419	-
ENSG00000180061	19	55324047	55334047	-
ENSG00000065548	2	186486252	186496252	+
ENSG00000143556	1	153450650	153460650	-
ENSG00000157625	X	30965083	30975083	-
ENSG00000286219	1	149390613	149400613	+
ENSG00000164024	4	98995658	99005658	+
ENSG00000197343	7	99558405	99568405	+
ENSG00000221829	9	35069941	35079941	-
ENSG00000213123	3	196308298	196318298	-
ENSG00000121966	2	136108148	136118148	-
ENSG00000162062	16	2460085	2470085	+
ENSG00000133247	19	55339852	55349852	+
ENSG00000155465	14	22819819	22829819	-
ENSG00000122735	9	34457413	34467413	+
ENSG00000113790	3	185271989	185281989	-
ENSG00000163218	1	153338840	153348840	-
ENSG00000168913	9	34512989	34522989	-
ENSG00000161010	5	179852172	179862172	-
ENSG00000268606	X	152743883	152753883	-
ENSG00000244219	7	99598266	99608266	+
ENSG00000136535	2	161416296	161426296	+
ENSG00000173207	1	154974652	154984652	+
ENSG00000162068	16	2471296	2481296	+
ENSG00000260272	16	2496031	2506031	+
ENSG00000122756	9	34580139	34590139	-
ENSG00000197980	3	156825480	156835480	+
ENSG00000182263	2	163726011	163736011	-
ENSG00000197037	7	99616945	99626945	+
ENSG00000109321	4	74445135	74455135	+
ENSG00000160471	19	55344718	55354718	-
ENSG00000164967	9	34602103	34612103	-
ENSG00000174145	4	37244742	37254742	+
ENSG00000114999	2	112482155	112492155	+
ENSG00000185883	16	2513951	2523951	+
ENSG00000183305	X	152714585	152724585	+
ENSG00000259784	16	2513964	2523964	+
ENSG00000107897	10	27233045	27243045	-
ENSG00000123569	X	104003707	104013707	-
ENSG00000157227	14	22836559	22846559	+
ENSG00000205923	16	2521416	2531416	-
ENSG00000180043	19	55353259	55363259	-
ENSG00000140006	14	63631870	63641870	-
ENSG00000175344	15	31923437	31933437	+
ENSG00000171405	X	52811286	52821286	+
ENSG00000137100	9	34610522	34620522	-
ENSG00000145293	4	82430589	82440589	+
ENSG00000095752	19	55360462	55370462	-
ENSG00000155729	2	200509783	200519783	-
ENSG00000147145	X	78747708	78757708	+
ENSG00000164466	5	175477061	175487061	+
ENSG00000106258	7	99669997	99679997	-
ENSG00000269586	X	135883443	135893443	-
ENSG00000166159	12	1820266	1830266	+
ENSG00000160472	19	55376825	55386825	+
ENSG00000205143	9	34618085	34628085	-
ENSG00000173200	3	122577627	122587627	+
ENSG00000233493	19	55374291	55384291	-
ENSG00000181433	X	135889204	135899204	+
ENSG00000119865	2	68310050	68320050	-
ENSG00000134153	15	34091861	34101861	-
ENSG00000067840	X	153820564	153830564	-
ENSG00000143614	1	153913359	153923359	-
ENSG00000184492	2	113498664	113508664	+
ENSG00000186352	4	185396020	185406020	+
ENSG00000182405	15	34102082	34112082	+
ENSG00000151065	12	1994534	2004534	-
ENSG00000133742	8	85369013	85379013	-
ENSG00000165929	14	91857535	91867535	-
ENSG00000108107	19	55385931	55395931	+
ENSG00000134152	15	34200095	34210095	-
ENSG00000138160	10	92574104	92584104	+
ENSG00000108106	19	55397787	55407787	-
ENSG00000042286	10	70122933	70132933	-
ENSG00000072080	2	234050678	234060678	+
ENSG00000160870	7	99725195	99735195	-
ENSG00000169418	1	153678687	153688687	+
ENSG00000285946	1	152859995	152869995	+
ENSG00000176209	8	42541154	42551154	+
ENSG00000102290	X	91779260	91789260	+
ENSG00000205531	11	2982376	2992376	-
ENSG00000063241	19	55452342	55462342	-
ENSG00000115461	2	216685548	216695548	-
ENSG00000147124	X	47473221	47483221	-
ENSG00000213930	9	34638132	34648132	+
ENSG00000197483	19	55476616	55486616	+
ENSG00000128463	15	34225012	34235012	+
ENSG00000183837	X	153056408	153066408	+
ENSG00000100815	14	92030895	92040895	-
ENSG00000113328	5	163437568	163447568	+
ENSG00000090971	19	55485187	55495187	+
ENSG00000258728	9	34646644	34656644	+
ENSG00000140992	16	2537978	2547978	+
ENSG00000079332	10	70160522	70170522	-
ENSG00000182117	15	34333135	34343135	-
ENSG00000154582	8	73962286	73972286	-
ENSG00000251192	X	46535456	46545456	-
ENSG00000111752	12	8913895	8923895	+
ENSG00000187658	5	157671532	157681532	+
ENSG00000164163	4	145098287	145108287	+
ENSG00000179954	19	55488403	55498403	+
ENSG00000226650	5	155013754	155023754	+
ENSG00000184507	15	34343314	34353314	+
ENSG00000187550	19	55527132	55537132	-
ENSG00000163959	3	196211486	196221486	+
ENSG00000231274	19	55535542	55545542	-
ENSG00000218891	19	55570847	55580847	-
ENSG00000179943	19	55591969	55601969	-
ENSG00000171443	19	55600021	55610021	+
ENSG00000179922	19	55614565	55624565	-
ENSG00000180817	10	70223910	70233910	-
ENSG00000213015	19	55635015	55645015	+
ENSG00000160868	7	99774247	99784247	-
ENSG00000133789	11	9664076	9674076	+
ENSG00000081026	1	113390514	113400514	+
ENSG00000171425	19	55635458	55645458	+
ENSG00000176454	15	34357195	34367195	-
ENSG00000156521	10	70136699	70146699	-
ENSG00000104447	8	115799672	115809672	-
ENSG00000003056	12	8939760	8949760	-
ENSG00000169299	4	37826659	37836659	+
ENSG00000162065	16	2475050	2485050	+
ENSG00000185149	4	155208635	155218635	+
ENSG00000139187	12	8950043	8960043	+
ENSG00000173581	19	55641061	55651061	+
ENSG00000156504	X	134787231	134797231	-
ENSG00000247746	X	55479847	55489847	-
ENSG00000116473	1	111542217	111552217	+
ENSG00000137070	9	34650701	34660701	+
ENSG00000269502	X	72933836	72943836	-
ENSG00000107669	10	121918491	121928491	-
ENSG00000115919	2	142877656	142887656	+
ENSG00000213927	9	34654047	34664047	-
ENSG00000085465	1	111417734	111427734	-
ENSG00000063245	19	55675225	55685225	+
ENSG00000187186	9	34656111	34666111	-
ENSG00000163728	3	180602162	180612162	+
ENSG00000148926	11	10305072	10315072	+
ENSG00000197364	1	153429948	153439948	-
ENSG00000186150	1	110112442	110122442	+
ENSG00000107672	10	121965216	121975216	-
ENSG00000172724	9	34681275	34691275	-
ENSG00000109536	4	189940869	189950869	+
ENSG00000204531	6	31170730	31180730	-
ENSG00000185792	19	55728401	55738401	-
ENSG00000137077	9	34700135	34710135	-
ENSG00000126838	12	9198394	9208394	-
ENSG00000140526	15	89087458	89097458	+
ENSG00000223638	19	55759013	55769013	+
ENSG00000205108	9	34719487	34729487	-
ENSG00000229292	19	55769117	55779117	+
ENSG00000134516	5	169637267	169647267	+
ENSG00000166189	10	102065348	102075348	+
ENSG00000109472	4	165361193	165371193	+
ENSG00000147955	9	34627843	34637843	-
ENSG00000120910	8	22440818	22450818	+
ENSG00000143554	1	153774353	153784353	+
ENSG00000140522	15	89211613	89221613	-
ENSG00000170088	4	165198548	165208548	-
ENSG00000063244	19	55654145	55664145	+
ENSG00000198728	10	102110367	102120367	-
ENSG00000143458	1	151070577	151080577	+
ENSG00000206384	3	130560333	130570333	+
ENSG00000021461	7	99828012	99838012	+
ENSG00000166783	16	15633153	15643153	-
ENSG00000168522	8	43034193	43044193	+
ENSG00000076770	X	132479967	132489967	-
ENSG00000113262	5	178986205	178996205	-
ENSG00000178913	5	141310783	141320783	-
ENSG00000118298	1	150257250	150267250	+
ENSG00000198108	5	129904464	129914464	+
ENSG00000133805	11	10308312	10318312	+
ENSG00000179083	X	93674012	93684012	+
ENSG00000255823	11	10499185	10509185	-
ENSG00000143595	1	154321089	154331089	+
ENSG00000148840	10	102132993	102142993	+
ENSG00000089225	12	114398441	114408441	-
ENSG00000073754	1	157888255	157898255	-
ENSG00000110315	11	10531229	10541229	-
ENSG00000153347	5	95391365	95401365	+
ENSG00000143546	1	153381072	153391072	-
ENSG00000175189	12	57434783	57444783	+
ENSG00000165102	8	43140463	43150463	+
ENSG00000139269	12	57452322	57462322	+
ENSG00000178776	5	147896537	147906537	-
ENSG00000101981	X	139530738	139540738	+
ENSG00000176402	7	99919619	99929619	-
ENSG00000161055	5	180581498	180591498	-
ENSG00000166197	10	102152175	102162175	+
ENSG00000237693	5	150846522	150856522	+
ENSG00000148308	9	133030674	133040674	+
ENSG00000181830	11	45804071	45814071	+
ENSG00000081818	5	141121817	141131817	+
ENSG00000198944	5	132813301	132823301	+
ENSG00000072864	16	15643266	15653266	+
ENSG00000111087	12	57459784	57469784	+
ENSG00000169432	2	166366000	166376000	-
ENSG00000119915	10	102226298	102236298	+
ENSG00000174469	7	146116001	146126001	+
ENSG00000115286	19	1383526	1393526	+
ENSG00000107859	10	102231511	102241511	-
ENSG00000103260	16	715117	725117	+
ENSG00000170835	9	133061980	133071980	+
ENSG00000168333	8	49054310	49064310	+
ENSG00000103254	16	720580	730580	+
ENSG00000121671	11	45847117	45857117	+
ENSG00000143416	1	151362706	151372706	-
ENSG00000198010	8	737627	747627	+
ENSG00000130005	19	1391569	1401569	-
ENSG00000168724	5	34929558	34939558	+
ENSG00000109794	4	186104418	186114418	+
ENSG00000167702	8	144466042	144476042	+
ENSG00000177679	7	76201895	76211895	+
ENSG00000114770	3	184007938	184017938	-
ENSG00000249693	4	56530605	56540605	+
ENSG00000170027	7	76348990	76358990	-
ENSG00000103245	16	731328	741328	-
ENSG00000146700	7	76399696	76409696	-
ENSG00000121653	11	45885650	45895650	+
ENSG00000234776	11	45897271	45907271	-
ENSG00000067057	10	3066332	3076332	+
ENSG00000135900	2	223957462	223967462	+
ENSG00000071626	19	1407568	1417568	+
ENSG00000188372	7	76397517	76407517	+
ENSG00000106211	7	76302672	76312672	+
ENSG00000185900	8	43093497	43103497	+
ENSG00000121680	11	45908811	45918811	-
ENSG00000249860	10	55599041	55609041	+
ENSG00000119559	19	1469218	1479218	-
ENSG00000204334	2	170783785	170793785	+
ENSG00000123329	12	57478813	57488813	-
ENSG00000214960	7	16492503	16502503	-
ENSG00000165905	11	45921620	45931620	+
ENSG00000171243	7	16520579	16530579	-
ENSG00000101977	X	139698226	139708226	-
ENSG00000205858	7	16526824	16536824	+
ENSG00000164402	5	132797240	132807240	-
ENSG00000131781	1	147233049	147243049	-
ENSG00000150625	4	175992663	176002663	-
ENSG00000115257	19	1480751	1490751	-
ENSG00000157613	11	46277661	46287661	+
ENSG00000286106	1	120723945	120733945	+
ENSG00000102854	16	760733	770733	+
ENSG00000145191	3	184135037	184145037	+
ENSG00000121851	1	145964689	145974689	+
ENSG00000129292	8	132775357	132785357	+
ENSG00000162006	16	773369	783369	-
ENSG00000114948	2	206443531	206453531	+
ENSG00000185761	19	1503603	1513603	-
ENSG00000160271	9	133139333	133149333	-
ENSG00000006283	17	50560714	50570714	+
ENSG00000144228	2	138501769	138511769	+
ENSG00000134202	1	109731037	109741037	-
ENSG00000285245	9	133153913	133163913	-
ENSG00000107959	10	3162840	3172840	-
ENSG00000175175	17	58755853	58765853	+
ENSG00000144130	2	112721485	112731485	+
ENSG00000075624	7	5553901	5563901	-
ENSG00000137411	6	30914204	30924204	+
ENSG00000163220	1	153357853	153367853	+
ENSG00000071655	19	1582864	1592864	-
ENSG00000163155	1	151155947	151165947	-
ENSG00000148288	9	133153932	133163932	-
ENSG00000163216	1	153031930	153041930	-
ENSG00000075618	7	5592815	5602815	+
ENSG00000131747	17	40407895	40417895	-
ENSG00000136542	2	157257704	157267704	+
ENSG00000113742	5	173888348	173898348	+
ENSG00000051382	3	138824927	138834927	-
ENSG00000176381	6	166298447	166308447	-
ENSG00000101974	X	139935275	139945275	-
ENSG00000187595	17	42088478	42098478	-
ENSG00000163492	2	179040085	179050085	-
ENSG00000198818	6	166332575	166342575	-
ENSG00000060762	6	166373012	166383012	-
ENSG00000082014	7	151267895	151277895	-
ENSG00000147378	X	151716034	151726034	+
ENSG00000115266	19	1446301	1456301	+
ENSG00000143603	1	154860280	154870280	-
ENSG00000183862	X	151738450	151748450	+
ENSG00000166986	12	57475444	57485444	+
ENSG00000167434	17	60149941	60159941	+
ENSG00000160007	19	46860996	46870996	+
ENSG00000070614	5	150485817	150495817	+
ENSG00000175164	9	133266023	133276023	-
ENSG00000285133	12	57510479	57520479	-
ENSG00000164458	6	166158699	166168699	-
ENSG00000119912	10	92564095	92574095	-
ENSG00000147381	X	151912494	151922494	+
ENSG00000148296	9	133326187	133336187	-
ENSG00000144736	3	72851913	72861913	-
ENSG00000168646	17	65551647	65561647	-
ENSG00000013275	19	39971164	39981164	+
ENSG00000198471	3	187692556	187702556	-
ENSG00000157343	6	35737031	35747031	+
ENSG00000166987	12	57520709	57530709	+
ENSG00000133661	10	79972613	79982613	-
ENSG00000136960	8	119663452	119673452	-
ENSG00000113269	5	180062112	180072112	-
ENSG00000160688	1	154983337	154993337	+
ENSG00000148297	9	133338130	133348130	-
ENSG00000171246	17	80467842	80477842	-
ENSG00000187187	19	39984133	39994133	+
ENSG00000145850	5	156953225	156963225	-
ENSG00000116459	1	111448863	111458863	+
ENSG00000198663	6	36871869	36881869	+
ENSG00000128000	19	40046230	40056230	-
ENSG00000166908	12	57591173	57601173	+
ENSG00000170448	4	47904666	47914666	-
ENSG00000135930	2	232550673	232560673	+
ENSG00000015520	7	44531329	44541329	-
ENSG00000196110	19	9299837	9309837	-
ENSG00000133678	10	80078645	80088645	+
ENSG00000163344	1	154926718	154936718	-
ENSG00000187243	X	52059247	52069247	-
ENSG00000161217	3	196277956	196287956	-
ENSG00000188629	19	9363019	9373019	+
ENSG00000148303	9	133348217	133358217	+
ENSG00000154545	X	52184875	52194875	+
ENSG00000035862	17	78915386	78925386	-
ENSG00000162738	1	160400563	160410563	+
ENSG00000178498	12	57604621	57614621	+
ENSG00000198028	19	9488615	9498615	-
ENSG00000267710	19	56272747	56282747	+
ENSG00000189129	10	80131681	80141681	+
ENSG00000163293	4	47914141	47924141	+
ENSG00000165046	8	38386206	38396206	+
ENSG00000161011	5	179806397	179816397	+
ENSG00000149091	11	46332904	46342904	+
ENSG00000148290	9	133346675	133356675	-
ENSG00000174501	2	95981830	95991830	-
ENSG00000074966	4	48124249	48134249	-
ENSG00000124532	6	24402907	24412907	+
ENSG00000178409	6	107105514	107115514	-
ENSG00000145882	5	149358036	149368036	+
ENSG00000240771	12	57610179	57620179	+
ENSG00000148291	9	133356549	133366549	+
ENSG00000099284	10	70052543	70062543	+
ENSG00000204767	5	169970494	169980494	-
ENSG00000214814	8	123851986	123861986	+
ENSG00000148734	10	70274003	70284003	-
ENSG00000152377	5	137588378	137598378	-
ENSG00000261787	8	66952590	66962590	-
ENSG00000109189	4	52649300	52659300	-
ENSG00000143552	1	154145115	154155115	-
ENSG00000178125	8	67046603	67056603	-
ENSG00000085377	6	105444061	105454061	-
ENSG00000138439	2	202634968	202644968	+
ENSG00000186364	1	145845629	145855629	+
ENSG00000198440	19	56397965	56407965	+
ENSG00000226887	4	52741585	52751585	-
ENSG00000113520	5	132673985	132683985	+
ENSG00000152128	2	134708999	134718999	-
ENSG00000128045	4	52862316	52872316	+
ENSG00000135365	11	46111453	46121453	-
ENSG00000148248	9	133366165	133376165	-
ENSG00000152705	5	134967906	134977906	+
ENSG00000283776	5	17632087	17642087	+
ENSG00000135454	12	57623238	57633238	-
ENSG00000121022	8	67073782	67083782	-
ENSG00000175984	1	114660421	114670421	-
ENSG00000198870	9	133376365	133386365	+
ENSG00000186001	3	197791225	197801225	+
ENSG00000141564	17	80544818	80554818	+
ENSG00000213079	6	154733377	154743377	+
ENSG00000080573	19	10000503	10010503	-
ENSG00000174013	3	196568610	196578610	+
ENSG00000080511	19	10013248	10023248	+
ENSG00000164113	4	122378965	122388965	+
ENSG00000148300	9	133408095	133418095	-
ENSG00000077458	11	95780408	95790408	-
ENSG00000248771	4	164754063	164764063	+
ENSG00000248329	4	164877177	164887177	+
ENSG00000143127	1	145900110	145910110	-
ENSG00000183439	4	164967667	164977667	-
ENSG00000186844	1	152827472	152837472	+
ENSG00000112144	6	53051823	53061823	-
ENSG00000248672	2	159894709	159904709	-
ENSG00000241794	1	153047511	153057511	-
ENSG00000203783	1	153217583	153227583	+
ENSG00000176979	4	165016457	165026457	+
ENSG00000130813	19	10086121	10096121	+
ENSG00000250374	4	165053863	165063863	+
ENSG00000066777	8	67333780	67343780	-
ENSG00000187689	4	70518568	70528568	+
ENSG00000243207	19	10106222	10116222	+
ENSG00000163535	2	200510007	200520007	+
ENSG00000163864	3	139668016	139678016	-
ENSG00000130810	19	10106361	10116361	+
ENSG00000244165	19	10111692	10121692	+
ENSG00000166037	11	95789964	95799964	+
ENSG00000091831	6	151656690	151666690	+
ENSG00000155511	5	153489614	153499614	+
ENSG00000140199	15	34328059	34338059	-
ENSG00000203760	6	126340114	126350114	+
ENSG00000172794	17	74670577	74680577	+
ENSG00000197912	16	89490718	89500718	+
ENSG00000170584	5	163450101	163460101	-
ENSG00000178522	4	70592255	70602255	+
ENSG00000135506	12	57693954	57703954	+
ENSG00000113916	3	187735724	187745724	-
ENSG00000095981	6	39312967	39322967	-
ENSG00000164484	6	130366016	130376016	+
ENSG00000132464	4	70628743	70638743	+
ENSG00000130811	19	10109917	10119917	-
ENSG00000132467	4	70688531	70698531	+
ENSG00000145934	5	167284798	167294798	+
ENSG00000181135	8	143684451	143694451	+
ENSG00000135164	7	87152408	87162408	+
ENSG00000267534	19	10221330	10231330	-
ENSG00000255181	8	143698108	143708108	-
ENSG00000172638	11	65863591	65873591	-
ENSG00000138606	15	45191174	45201174	-
ENSG00000163872	3	183697796	183707796	+
ENSG00000171298	17	80101555	80111555	+
ENSG00000135452	12	57738012	57748012	+
ENSG00000160323	9	133414357	133424357	+
ENSG00000181085	8	143716339	143726339	+
ENSG00000178773	16	89575757	89585757	+
ENSG00000180921	8	143728233	143738233	-
ENSG00000181523	17	80210922	80220922	-
ENSG00000160325	9	133459964	133469964	+
ENSG00000122068	3	197737178	197747178	+
ENSG00000138448	2	186590055	186600055	+
ENSG00000135446	12	57746012	57756012	-
ENSG00000105364	19	10251900	10261900	+
ENSG00000137860	15	45252233	45262233	+
ENSG00000018189	4	70704203	70714203	+
ENSG00000185862	17	31304104	31314104	-
ENSG00000172500	11	65878530	65888530	-
ENSG00000015413	16	89613307	89623307	+
ENSG00000160326	9	133469126	133479126	-
ENSG00000139266	12	57755102	57765102	+
ENSG00000090339	19	10271092	10281092	+
ENSG00000105371	19	10286954	10296954	+
ENSG00000173852	7	35028270	35038270	-
ENSG00000111012	12	57758985	57768985	-
ENSG00000163904	3	185582495	185592495	+
ENSG00000163510	2	179997296	180007296	-
ENSG00000108384	17	58692572	58702572	+
ENSG00000171766	15	45392326	45402326	-
ENSG00000105376	19	10289951	10299951	+
ENSG00000106178	7	75813355	75823355	-
ENSG00000175602	11	65890672	65900672	+
ENSG00000037897	12	57762118	57772118	-
ENSG00000188177	2	112275596	112285596	+
ENSG00000220201	19	10299879	10309879	-
ENSG00000106404	7	101228819	101238819	-
ENSG00000175592	11	65890572	65900572	-
ENSG00000267673	19	10306014	10316014	-
ENSG00000123427	12	57771491	57781491	+
ENSG00000237524	2	126898863	126908863	+
ENSG00000175573	11	65909061	65919061	-
ENSG00000257921	12	57772659	57782659	+
ENSG00000171763	15	45402335	45412335	+
ENSG00000132463	4	70829896	70839896	-
ENSG00000154262	17	69131894	69141894	-
ENSG00000161847	19	10323637	10333637	-
ENSG00000213265	7	130677431	130687431	-
ENSG00000104154	15	45512754	45522754	-
ENSG00000175550	11	65919273	65929273	+
ENSG00000185324	16	89680736	89690736	+
ENSG00000229924	4	9170408	9180408	+
ENSG00000231396	4	9210656	9220656	+
ENSG00000233136	4	9215404	9225404	+
ENSG00000161267	3	197563322	197573322	-
ENSG00000227551	4	9220151	9230151	+
ENSG00000136943	9	97146555	97156555	-
ENSG00000232399	4	9224895	9234895	+
ENSG00000249104	4	9243878	9253878	+
ENSG00000250844	4	9248629	9258629	+
ENSG00000076662	19	10329660	10339660	-
ENSG00000250913	4	9272363	9282363	+
ENSG00000227140	4	9339402	9349402	+
ENSG00000175513	11	65945444	65955444	+
ENSG00000235780	4	9344147	9354147	+
ENSG00000231051	4	9348892	9358892	+
ENSG00000231637	4	9353637	9363637	+
ENSG00000228856	4	9363128	9373128	+
ENSG00000143549	1	154184647	154194647	-
ENSG00000123297	12	57782760	57792760	+
ENSG00000186090	3	184031543	184041543	+
ENSG00000158683	7	47938465	47948465	-
ENSG00000186146	4	9444533	9454533	+
ENSG00000250745	4	9258123	9268123	+
ENSG00000249811	4	9262871	9272871	+
ENSG00000248933	4	9267618	9277618	+
ENSG00000232264	4	9325164	9335164	+
ENSG00000230430	4	9329910	9339910	+
ENSG00000229579	4	9334657	9344657	+
ENSG00000158792	16	89691704	89701704	-
ENSG00000205592	12	40393394	40403394	+
ENSG00000248920	4	9253377	9263377	+
ENSG00000198482	19	52527651	52537651	+
ENSG00000127252	3	193241127	193251127	+
ENSG00000250298	4	106358777	106368777	-
ENSG00000116824	1	116754429	116764429	+
ENSG00000253548	3	191461162	191471162	+
ENSG00000122707	9	36036912	36046912	+
ENSG00000196652	7	99504661	99514661	+
ENSG00000170917	4	122912967	122922967	-
ENSG00000180900	8	143805772	143815772	-
ENSG00000075399	16	89710897	89720897	-
ENSG00000104164	15	45587213	45597213	+
ENSG00000135597	6	138978260	138988260	-
ENSG00000092931	17	76735864	76745864	+
ENSG00000138685	4	122826707	122836707	+
ENSG00000213020	19	52725072	52735072	-
ENSG00000260170	15	45587350	45597350	+
ENSG00000175467	11	65961727	65971727	+
ENSG00000166448	7	98860770	98870770	-
ENSG00000189190	19	52776806	52786806	-
ENSG00000198538	19	52847599	52857599	-
ENSG00000088035	1	63367574	63377574	+
ENSG00000114473	3	197950141	197960141	-
ENSG00000157404	4	54657917	54667917	+
ENSG00000131165	16	89647737	89657737	-
ENSG00000178404	17	78893216	78903216	-
ENSG00000165805	12	88024036	88034036	-
ENSG00000152439	19	57499914	57509914	+
ENSG00000163069	4	52028298	52038298	-
ENSG00000122705	9	36190855	36200855	+
ENSG00000150281	16	30896613	30906613	+
ENSG00000121406	19	57527324	57537324	+
ENSG00000002726	7	150824626	150834626	+
ENSG00000155714	16	21991115	22001115	-
ENSG00000163354	1	155023780	155033780	-
ENSG00000251369	19	57549862	57559862	-
ENSG00000163206	1	152878321	152888321	+
ENSG00000175376	11	65992175	66002175	-
ENSG00000083817	19	57568910	57578910	-
ENSG00000133641	12	88033845	88043845	+
ENSG00000184203	3	195533385	195543385	-
ENSG00000137185	6	28224885	28234885	+
ENSG00000137767	15	45631147	45641147	+
ENSG00000171649	19	57578455	57588455	+
ENSG00000103194	16	84699985	84709985	+
ENSG00000164776	7	56082995	56092995	-
ENSG00000159199	17	48892764	48902764	+
ENSG00000138411	2	196583683	196593683	-
ENSG00000213762	19	57614232	57624232	+
ENSG00000158113	12	122167737	122177737	+
ENSG00000175334	11	66002227	66012227	+
ENSG00000121417	19	57630394	57640394	+
ENSG00000204671	12	122164220	122174220	-
ENSG00000144161	2	112245135	112255135	-
ENSG00000175315	11	66012007	66022007	+
ENSG00000176383	12	122203680	122213680	+
ENSG00000024526	1	68487220	68497220	-
ENSG00000121075	17	61452403	61462403	+
ENSG00000175294	11	66016478	66026478	-
ENSG00000189164	19	37371060	37381060	+
ENSG00000179950	8	143819351	143829351	-
ENSG00000163961	3	196493767	196503767	-
ENSG00000175229	11	66039160	66049160	-
ENSG00000159921	9	36267041	36277041	-
ENSG00000112584	6	170290702	170300702	+
ENSG00000196437	19	37459274	37469274	-
ENSG00000096060	6	35718582	35728582	-
ENSG00000119414	9	125179938	125189938	-
ENSG00000139719	12	122256493	122266493	-
ENSG00000188227	19	37506938	37516938	+
ENSG00000204217	2	202376326	202386326	+
ENSG00000136933	9	125200541	125210541	+
ENSG00000163958	3	196201436	196211436	-
ENSG00000064270	16	84368526	84378526	+
ENSG00000133706	5	146172695	146182695	-
ENSG00000166130	12	98635112	98645112	-
ENSG00000185189	8	143830972	143840972	-
ENSG00000198369	2	65422636	65432636	-
ENSG00000044574	9	125231381	125241381	-
ENSG00000187775	17	78567395	78577395	-
ENSG00000145335	4	89828314	89838314	-
ENSG00000171817	19	37551405	37561405	+
ENSG00000109163	4	67744387	67754387	-
ENSG00000273136	1	120723948	120733948	+
ENSG00000180479	19	37584791	37594791	-
ENSG00000145016	3	197739726	197749726	-
ENSG00000196381	19	37682314	37692314	-
ENSG00000087365	11	66050728	66060728	+
ENSG00000261150	8	143868466	143878466	-
ENSG00000184840	5	177592202	177602202	+
ENSG00000109471	4	122446724	122456724	-
ENSG00000158545	16	88570402	88580402	+
ENSG00000120063	17	65046739	65056739	-
ENSG00000198182	19	37709760	37719760	-
ENSG00000120802	12	98515578	98525578	+
ENSG00000129103	7	56064001	56074001	+
ENSG00000107862	10	102245370	102255370	+
ENSG00000114503	3	196932593	196942593	-
ENSG00000196912	2	97579964	97589964	-
ENSG00000138592	15	50424379	50434379	+
ENSG00000166455	16	81067266	81077266	-
ENSG00000120519	4	146511963	146521963	-
ENSG00000196569	6	128883137	128893137	+
ENSG00000174903	11	66268589	66278589	+
ENSG00000163900	3	185489056	185499056	-
ENSG00000171804	19	37896676	37906676	-
ENSG00000162944	2	197666044	197676044	-
ENSG00000139194	12	7118888	7128888	-
ENSG00000174871	11	66278174	66288174	+
ENSG00000167600	19	41193209	41203209	+
ENSG00000197451	5	178204532	178214532	+
ENSG00000170236	15	50536707	50546707	-
ENSG00000173950	3	195261158	195271158	-
ENSG00000241370	6	30345130	30355130	+
ENSG00000011275	7	5771695	5781695	-
ENSG00000010539	16	3226220	3236220	-
ENSG00000186335	5	151337589	151347589	-
ENSG00000174851	11	66279144	66289144	-
ENSG00000178685	8	144002771	144012771	-
ENSG00000169696	17	81976806	81986806	+
ENSG00000179292	11	66291893	66301893	+
ENSG00000139182	12	7129697	7139697	+
ENSG00000174807	11	66307043	66317043	-
ENSG00000150093	10	32995791	33005791	-
ENSG00000174791	11	66326839	66336839	-
ENSG00000163975	3	197019816	197029816	-
ENSG00000167601	19	41219222	41229222	+
ENSG00000164542	7	36380124	36390124	-
ENSG00000180611	3	192907855	192917855	-
ENSG00000146151	6	55569196	55579196	-
ENSG00000178719	8	143990055	144000055	+
ENSG00000169228	5	177293743	177303743	-
ENSG00000165219	9	125261793	125271793	+
ENSG00000215009	12	7304283	7314283	+
ENSG00000186583	8	144012279	144022279	+
ENSG00000092439	15	50676796	50686796	-
ENSG00000128655	2	178062776	178072776	-
ENSG00000288645	15	50676716	50686716	-
ENSG00000007392	16	219462	229462	-
ENSG00000166268	12	69825226	69835226	+
ENSG00000174744	11	66335124	66345124	-
ENSG00000146090	5	180199210	180209210	-
ENSG00000119231	3	196867855	196877855	+
ENSG00000111863	6	11797045	11807045	-
ENSG00000138698	4	98261383	98271383	+
ENSG00000174684	11	66337628	66347628	-
ENSG00000135643	12	70366289	70376289	+
ENSG00000106443	7	10973335	10983335	+
ENSG00000178814	8	144053964	144063964	-
ENSG00000157219	7	155070323	155080323	+
ENSG00000135346	6	87085105	87095105	-
ENSG00000178896	8	144078647	144088647	+
ENSG00000138600	15	50755708	50765708	-
ENSG00000162086	16	3305405	3315405	+
ENSG00000141527	17	80169991	80179991	+
ENSG00000090530	3	190112436	190122436	-
ENSG00000198939	5	178895897	178905897	+
ENSG00000115866	2	135976099	135986099	-
ENSG00000106608	7	43916410	43926410	-
ENSG00000122194	6	160702237	160712237	+
ENSG00000262543	6	138377904	138387904	+
ENSG00000182899	3	197950189	197960189	+
ENSG00000214113	6	5250949	5260949	-
ENSG00000174669	11	66362213	66372213	-
ENSG00000197858	8	144082589	144092589	+
ENSG00000162825	1	145395777	145405777	-
ENSG00000186407	17	74613737	74623737	-
ENSG00000040275	5	169583635	169593635	+
ENSG00000189058	3	195574032	195584032	-
ENSG00000124785	6	5997604	6007604	-
ENSG00000122729	9	32384602	32394602	+
ENSG00000105323	19	41262495	41272495	+
ENSG00000103313	16	3246632	3256632	-
ENSG00000176945	3	195720883	195730883	+
ENSG00000179091	8	144095038	144105038	+
ENSG00000169474	1	152985230	152995230	+
ENSG00000163083	2	120346135	120356135	+
ENSG00000165264	9	32563183	32573183	-
ENSG00000124491	6	6311012	6321012	-
ENSG00000122728	9	32625668	32635668	-
ENSG00000174576	11	66421003	66431003	+
ENSG00000175899	12	9106228	9116228	-
ENSG00000113209	5	141135205	141145205	+
ENSG00000185798	3	196558673	196568673	-
ENSG00000179526	8	144098123	144108123	-
ENSG00000283765	3	183874888	183884888	-
ENSG00000198019	1	121087344	121097344	+
ENSG00000142039	19	41310171	41320171	+
ENSG00000276302	6	28267120	28277120	+
ENSG00000270170	3	196942673	196952673	+
ENSG00000255730	19	41350852	41360852	+
ENSG00000163352	1	154993585	155003585	+
ENSG00000283227	1	152947153	152957153	+
ENSG00000024862	6	138773768	138783768	+
ENSG00000144320	2	175992838	176002838	-
ENSG00000258465	1	160275129	160285129	-
ENSG00000142046	19	41350910	41360910	+
ENSG00000288460	1	158118300	158128300	-
ENSG00000175115	11	66070271	66080271	+
ENSG00000017427	12	102471743	102481743	-
ENSG00000179632	8	144104460	144114460	+
ENSG00000123810	19	41354164	41364164	-
ENSG00000166148	12	63141200	63151200	-
ENSG00000092820	6	158809367	158819367	-
ENSG00000107201	9	32516207	32526207	-
ENSG00000106477	7	130432432	130442432	-
ENSG00000110987	12	122019421	122029421	+
ENSG00000077348	19	41387358	41397358	-
ENSG00000288684	9	32542602	32552602	-
ENSG00000172673	6	127908630	127918630	-
ENSG00000197579	9	32542585	32552585	-
ENSG00000178662	2	165469646	165479646	+
ENSG00000136754	10	26851086	26861086	-
ENSG00000179698	8	144107725	144117725	+
ENSG00000148400	9	136536047	136546047	-
ENSG00000249751	5	139452742	139462742	-
ENSG00000185621	3	197960199	197970199	+
ENSG00000145861	5	160360640	160370640	-
ENSG00000235173	8	144137773	144147773	+
ENSG00000125484	9	132670034	132680034	+
ENSG00000196743	5	151212149	151222149	+
ENSG00000243955	6	52793859	52803859	-
ENSG00000196793	10	43564617	43574617	-
ENSG00000248098	19	41397807	41407807	+
ENSG00000182793	6	52830842	52840842	-
ENSG00000165695	9	132868776	132878776	-
ENSG00000134780	11	61680390	61690390	+
ENSG00000177191	19	41418729	41428729	-
ENSG00000086589	5	150691076	150701076	-
ENSG00000204978	19	41443155	41453155	+
ENSG00000096264	6	41335607	41345607	+
ENSG00000165698	9	132878026	132888026	+
ENSG00000188001	3	188947213	188957213	+
ENSG00000134825	11	61782801	61792801	-
ENSG00000112486	6	167111806	167121806	+
ENSG00000105366	19	51448455	51458455	-
ENSG00000169180	16	28201964	28211964	-
ENSG00000163466	2	218217140	218227140	+
ENSG00000168496	11	61792910	61802910	+
ENSG00000213822	19	51478621	51488621	+
ENSG00000174099	12	65278642	65288642	+
ENSG00000146039	6	25754698	25764698	+
ENSG00000137601	4	169602626	169612626	-
ENSG00000196542	3	161362879	161372879	-
ENSG00000117262	1	145607987	145617987	+
ENSG00000164574	5	154190729	154200729	+
ENSG00000254521	19	51491799	51501799	-
ENSG00000203782	1	153259686	153269686	+
ENSG00000163960	3	196422429	196432429	-
ENSG00000163263	1	154196332	154206332	-
ENSG00000163626	4	73059754	73069754	-
ENSG00000119227	3	196959059	196969059	-
ENSG00000196503	4	56505208	56515208	+
ENSG00000169607	2	112754663	112764663	-
ENSG00000124568	6	25822051	25832051	-
ENSG00000122386	16	3112559	3122559	+
ENSG00000105492	19	51521855	51531855	-
ENSG00000213347	5	177302756	177312756	-
ENSG00000181092	3	186842703	186852703	+
ENSG00000091140	7	107891161	107901161	+
ENSG00000164941	8	94813310	94823310	+
ENSG00000105497	19	51571282	51581282	+
ENSG00000198624	5	151214092	151224092	-
ENSG00000166816	16	75106779	75116779	-
ENSG00000105501	19	51635544	51645544	-
ENSG00000124564	6	25872285	25882285	-
ENSG00000254415	19	51636800	51646800	-
ENSG00000110881	12	50057547	50067547	+
ENSG00000149485	11	61819317	61829317	-
ENSG00000059122	16	2911930	2921930	+
ENSG00000105509	19	51713990	51723990	-
ENSG00000112343	6	25962801	25972801	+
ENSG00000171049	19	51752025	51762025	+
ENSG00000122012	5	76083382	76093382	+
ENSG00000187474	19	51795156	51805156	+
ENSG00000124610	6	26007786	26017786	-
ENSG00000127249	3	193583110	193593110	-
ENSG00000275714	6	26020450	26030450	+
ENSG00000278637	6	26021648	26031648	+
ENSG00000286522	6	26022098	26032098	-
ENSG00000278463	6	26023617	26033617	-
ENSG00000276410	6	26033712	26043712	-
ENSG00000287080	6	26045383	26055383	+
ENSG00000187837	6	26046469	26056469	-
ENSG00000187475	6	26098134	26108134	-
ENSG00000066427	14	92096620	92106620	-
ENSG00000235162	12	105235289	105245289	+
ENSG00000180917	16	71279714	71289714	-
ENSG00000078403	10	21524645	21534645	+
ENSG00000180596	6	26113925	26123925	-
ENSG00000104967	19	45964043	45974043	-
ENSG00000164938	8	94939377	94949377	-
ENSG00000143624	1	153728049	153738049	+
ENSG00000168298	6	26156328	26166328	+
ENSG00000214510	5	148268179	148278179	+
ENSG00000140525	15	89243944	89253944	+
ENSG00000158373	6	26158145	26168145	+
ENSG00000284791	12	52079703	52089703	+
ENSG00000274290	6	26172058	26182058	+
ENSG00000277157	6	26179111	26189111	-
ENSG00000175073	8	66657230	66667230	-
ENSG00000205810	12	10410594	10420594	-
ENSG00000288602	8	66667595	66677595	+
ENSG00000070087	3	150040787	150050787	-
ENSG00000204516	6	31494880	31504880	+
ENSG00000153250	2	160483806	160493806	-
ENSG00000204511	6	31528961	31538961	+
ENSG00000166164	16	50358987	50368987	-
ENSG00000120616	10	32368797	32378797	-
ENSG00000096996	19	18088943	18098943	-
ENSG00000253831	1	157102411	157112411	-
ENSG00000204335	2	170715336	170725336	+
ENSG00000163221	1	153365620	153375620	-
ENSG00000271567	1	144363658	144373658	-
ENSG00000144355	2	172084739	172094739	+
ENSG00000179295	12	112418350	112428350	+
ENSG00000149922	16	30081923	30091923	-
ENSG00000221968	11	61882050	61892050	-
ENSG00000099308	19	18097792	18107792	+
ENSG00000163781	3	133652379	133662379	-
ENSG00000105647	19	18153162	18163162	+
ENSG00000144331	2	179851611	179861611	-
ENSG00000167994	11	61910268	61920268	-
ENSG00000205835	3	190882428	190892428	-
ENSG00000214097	3	196505345	196515345	-
ENSG00000072571	5	163460202	163470202	+
ENSG00000284356	5	17587827	17597827	-
ENSG00000138182	10	89701589	89711589	+
ENSG00000090612	12	133181408	133191408	+
ENSG00000216490	19	18173161	18183161	+
ENSG00000204152	10	49942048	49952048	+
ENSG00000178338	5	178859952	178869952	+
ENSG00000254858	19	18193217	18203217	+
ENSG00000105649	19	18194041	18204041	-
ENSG00000104205	8	66712733	66722733	+
ENSG00000144118	2	120240063	120250063	+
ENSG00000166024	10	98134623	98144623	+
ENSG00000285188	19	18245418	18255418	-
ENSG00000198563	6	31532447	31542447	-
ENSG00000244405	3	186100317	186110317	-
ENSG00000127334	12	67648337	67658337	+
ENSG00000140521	15	89324860	89334860	-
ENSG00000124920	11	61752635	61762635	+
ENSG00000188042	2	234487080	234497080	-
ENSG00000179988	10	122954380	122964380	+
ENSG00000174928	3	155796277	155806277	-
ENSG00000183346	10	61662928	61672928	+
ENSG00000157335	16	70173321	70183321	+
ENSG00000181467	3	153162225	153172225	+
ENSG00000284024	10	14838301	14848301	+
ENSG00000129152	11	17719570	17729570	+
ENSG00000152056	2	223828026	223838026	-
ENSG00000117899	15	80979827	80989827	-
ENSG00000214562	10	87357719	87367719	+
ENSG00000140406	15	81000922	81010922	+
ENSG00000129159	11	17734773	17744773	+
ENSG00000270629	1	148669741	148679741	-
ENSG00000031003	5	138041960	138051960	-
ENSG00000156206	15	81007032	81017032	+
ENSG00000204498	6	31546869	31556869	+
ENSG00000182580	3	184561784	184571784	+
ENSG00000167526	16	89560676	89570676	+
ENSG00000178460	8	66870748	66880748	+
ENSG00000154124	5	14664663	14674663	+
ENSG00000135632	2	73214221	73224221	+
ENSG00000226979	6	31572053	31582053	+
ENSG00000168374	3	57588219	57598219	-
ENSG00000027847	5	177600131	177610131	+
ENSG00000232810	6	31575564	31585564	+
ENSG00000165699	9	132936873	132946873	-
ENSG00000227507	6	31572521	31582521	-
ENSG00000137947	1	88881943	88891943	-
ENSG00000075239	11	108116694	108126694	+
ENSG00000132334	10	127907102	127917102	+
ENSG00000175309	5	178222801	178232801	-
ENSG00000140807	16	50548395	50558395	+
ENSG00000105650	19	18238199	18248199	-
ENSG00000136051	12	105107323	105117323	+
ENSG00000135960	2	108979371	108989371	-
ENSG00000163898	3	185542587	185552587	-
ENSG00000249884	2	86711121	86721121	-
ENSG00000117586	1	173197330	173207330	-
ENSG00000284797	19	18245418	18255418	-
ENSG00000239887	1	162378840	162388840	+
ENSG00000185009	10	74140841	74150841	-
ENSG00000167208	16	50671352	50681352	-
ENSG00000091136	7	107993212	108003212	-
ENSG00000163600	2	203936762	203946762	+
ENSG00000184330	1	153416519	153426519	+
ENSG00000163577	3	170898643	170908643	-
ENSG00000147364	8	406427	416427	+
ENSG00000130518	19	18264508	18274508	-
ENSG00000266173	17	63731985	63741985	-
ENSG00000164073	4	127956033	127966033	-
ENSG00000174417	8	109086584	109096584	+
ENSG00000130522	19	18271621	18281621	-
ENSG00000145088	3	121835182	121845182	+
ENSG00000204482	6	31586123	31596123	+
ENSG00000156222	15	84884653	84894653	+
ENSG00000130520	19	18313111	18323111	-
ENSG00000188707	7	150322638	150332638	+
ENSG00000164325	5	73173192	73183192	+
ENSG00000127399	7	150323262	150333262	+
ENSG00000138400	2	206755327	206765327	-
ENSG00000120533	8	109334323	109344323	+
ENSG00000130517	19	18340597	18350597	+
ENSG00000121542	3	123201926	123211926	+
ENSG00000076043	11	114439434	114449434	+
ENSG00000124370	2	71120238	71130238	-
ENSG00000106538	7	150331661	150341661	-
ENSG00000165702	9	132943999	132953999	+
ENSG00000130513	19	18374730	18384730	+
ENSG00000204475	6	31583005	31593005	-
ENSG00000014914	1	149926878	149936878	-
ENSG00000175489	19	18387621	18397621	-
ENSG00000183648	14	92111916	92121916	-
ENSG00000162728	1	160081537	160091537	+
ENSG00000181404	9	63864	73864	-
ENSG00000120526	8	109324120	109334120	-
ENSG00000095110	11	114549894	114559894	-
ENSG00000109758	4	3441967	3451967	+
ENSG00000165934	14	92121968	92131968	+
ENSG00000170122	9	108416	118416	-
ENSG00000141570	17	79791682	79801682	-
ENSG00000137634	11	114585785	114595785	-
ENSG00000080802	7	135500126	135510126	-
ENSG00000204472	6	31615216	31625216	+
ENSG00000153283	3	111292718	111302718	+
ENSG00000164342	4	186069154	186079154	+
ENSG00000186106	8	100549783	100559783	-
ENSG00000172238	4	93828752	93838752	+
ENSG00000130511	19	18418863	18428863	+
ENSG00000198001	12	43758943	43768943	+
ENSG00000172399	4	119135831	119145831	+
ENSG00000184371	1	109910241	109920241	+
ENSG00000204444	6	31652415	31662415	+
ENSG00000204439	6	31650777	31660777	-
ENSG00000204438	6	31656282	31666282	-
ENSG00000174226	8	100653414	100663414	-
ENSG00000140092	14	91937986	91947986	-
ENSG00000138356	2	200586013	200596013	+
ENSG00000159733	4	2408650	2418650	-
ENSG00000137747	11	117919458	117929458	-
ENSG00000143375	1	151510509	151520509	+
ENSG00000155561	7	135557916	135567916	+
ENSG00000139620	12	48672237	48682237	-
ENSG00000263020	6	31666101	31676101	+
ENSG00000105655	19	18428166	18438166	-
ENSG00000240053	6	31670166	31680166	+
ENSG00000161203	3	184174688	184184688	+
ENSG00000122574	7	29806485	29816485	+
ENSG00000092203	14	21476596	21486596	+
ENSG00000204428	6	31674039	31684039	-
ENSG00000173542	4	70902325	70912325	+
ENSG00000169738	17	82027708	82037708	-
ENSG00000174792	4	75556047	75566047	+
ENSG00000110324	11	117986369	117996369	+
ENSG00000111700	12	20810701	20820701	+
ENSG00000144451	2	213284378	213294378	+
ENSG00000255274	11	118078298	118088298	-
ENSG00000136193	7	29980288	29990288	-
ENSG00000271425	1	146218999	146228999	-
ENSG00000165819	14	21501341	21511341	-
ENSG00000010361	19	49807375	49817375	-
ENSG00000164104	4	173324431	173334431	-
ENSG00000148634	10	68065300	68075300	-
ENSG00000106080	7	30016701	30026701	-
ENSG00000164105	4	173369968	173379968	+
ENSG00000172785	9	169146	179146	-
ENSG00000164106	4	173396379	173406379	-
ENSG00000165821	14	21527215	21537215	-
ENSG00000164107	4	173520228	173530228	-
ENSG00000111206	12	2867173	2877173	-
ENSG00000118579	4	17614640	17624640	+
ENSG00000100483	14	50106599	50116599	-
ENSG00000204427	6	31693355	31703355	-
ENSG00000173918	17	79022813	79032813	+
ENSG00000106624	7	44104344	44114344	+
ENSG00000151883	5	50665898	50675898	+
ENSG00000047662	4	17771620	17781620	-
ENSG00000163257	4	17800757	17810757	-
ENSG00000163154	1	151156648	151166648	+
ENSG00000114062	15	25429050	25439050	-
ENSG00000065328	10	13161557	13171557	+
ENSG00000106631	7	44131331	44141331	-
ENSG00000159217	17	48997384	49007384	+
ENSG00000176428	7	73667830	73677830	+
ENSG00000109805	4	17810978	17820978	+
ENSG00000176410	7	73673452	73683452	-
ENSG00000100485	14	50221577	50231577	-
ENSG00000178177	4	18011875	18021875	-
ENSG00000163714	3	142964496	142974496	+
ENSG00000204424	6	31706865	31716865	+
ENSG00000005381	17	58270934	58280934	-
ENSG00000138376	2	214799682	214809682	-
ENSG00000250641	6	31706903	31716903	+
ENSG00000123352	12	49366583	49376583	+
ENSG00000255552	6	31704064	31714064	-
ENSG00000136383	15	84817355	84827355	+
ENSG00000104960	19	49850734	49860734	+
ENSG00000244355	6	31715355	31725355	+
ENSG00000169857	15	34065154	34075154	-
ENSG00000204421	6	31711745	31721745	-
ENSG00000070756	8	100712808	100722808	-
ENSG00000087299	14	50302228	50312228	-
ENSG00000184984	15	33968496	33978496	+
ENSG00000062716	17	59707191	59717191	+
ENSG00000125375	14	50312323	50322323	+
ENSG00000115844	2	172092899	172102899	-
ENSG00000166262	15	49610928	49620928	-
ENSG00000100490	14	50406460	50416460	-
ENSG00000137648	11	118077011	118087011	+
ENSG00000104412	8	108443600	108453600	+
ENSG00000170074	5	177773397	177783397	-
ENSG00000071462	7	73683024	73693024	+
ENSG00000213719	6	31729762	31739762	-
ENSG00000169427	8	139694108	139704108	-
ENSG00000111271	12	111686052	111696052	+
ENSG00000104047	15	49621036	49631036	+
ENSG00000157827	2	152335173	152345173	+
ENSG00000119950	10	110207604	110217604	+
ENSG00000161850	12	52396334	52406334	-
ENSG00000035664	15	64062032	64072032	-
ENSG00000167632	8	140448578	140458578	-
ENSG00000144820	3	100609600	100619600	+
ENSG00000092200	14	21280082	21290082	+
ENSG00000068097	17	60068921	60078921	-
ENSG00000160593	11	118215093	118225093	-
ENSG00000163751	3	148865295	148875295	+
ENSG00000166006	12	75199838	75209838	-
ENSG00000166797	15	64083856	64093856	-
ENSG00000104472	8	140511310	140521310	+
ENSG00000106089	7	73709671	73719671	-
ENSG00000133983	14	70406983	70416983	-
ENSG00000165215	7	73760269	73770269	-
ENSG00000163002	2	183117512	183127512	+
ENSG00000258644	14	70407073	70417073	-
ENSG00000165171	7	73832515	73842515	-
ENSG00000151014	4	139015780	139025780	+
ENSG00000160588	11	118242364	118252364	-
ENSG00000039650	19	49868350	49878350	-
ENSG00000165338	10	91409279	91419279	+
ENSG00000175877	7	73861158	73871158	+
ENSG00000141519	17	80036631	80046631	+
ENSG00000213463	14	70407089	70417089	-
ENSG00000139985	14	70417106	70427106	+
ENSG00000144369	2	186694059	186704059	+
ENSG00000133858	12	71657724	71667724	-
ENSG00000149573	11	118254535	118264535	-
ENSG00000134007	14	70525014	70535014	-
ENSG00000179921	2	218259495	218269495	+
ENSG00000163754	3	148991407	149001407	+
ENSG00000028528	15	64094122	64104122	+
ENSG00000143569	1	154220178	154230178	+
ENSG00000119812	2	33589381	33599381	-
ENSG00000205336	16	57610651	57620651	+
ENSG00000184148	1	152970647	152980647	+
ENSG00000198851	11	118304729	118314729	+
ENSG00000106344	7	128333907	128343907	-
ENSG00000156110	10	74151201	74161201	+
ENSG00000157734	15	64151714	64161714	+
ENSG00000108592	17	63820011	63830011	-
ENSG00000196184	1	159437844	159447844	+
ENSG00000109381	4	139167217	139177217	-
ENSG00000204410	6	31739676	31749676	+
ENSG00000224940	7	128351684	128361684	-
ENSG00000133997	14	70590689	70600689	-
ENSG00000160654	11	118344343	118354343	+
ENSG00000162729	1	160088942	160098942	-
ENSG00000137463	4	139270224	139280224	-
ENSG00000171302	17	78999866	79009866	-
ENSG00000143158	1	167927071	167937071	-
ENSG00000271092	1	95117922	95127922	+
ENSG00000133985	14	70641915	70651915	+
ENSG00000182885	16	57668276	57678276	+
ENSG00000109390	4	139292550	139302550	-
ENSG00000162739	1	160513261	160523261	-
ENSG00000110195	11	72189557	72199557	+
ENSG00000203785	1	153096183	153106183	-
ENSG00000159516	1	153140889	153150889	-
ENSG00000011258	17	51250162	51260162	-
ENSG00000104973	19	49818281	49828281	+
ENSG00000170035	2	180967247	180977247	+
ENSG00000139350	12	96907223	96917223	+
ENSG00000117281	1	145719470	145729470	+
ENSG00000087053	11	95915314	95925314	-
ENSG00000071794	3	149076553	149086553	-
ENSG00000148356	9	127451488	127461488	+
ENSG00000178078	19	4332785	4342785	-
ENSG00000228727	6	31762995	31772995	+
ENSG00000164134	4	139301504	139311504	+
ENSG00000159625	16	57694792	57704792	+
ENSG00000204396	6	31767327	31777327	-
ENSG00000054219	2	159894755	159904755	-
ENSG00000156515	10	69269983	69279983	+
ENSG00000151322	14	32934395	32944395	+
ENSG00000163755	3	149129637	149139637	+
ENSG00000000460	1	169662006	169672006	+
ENSG00000170832	17	60412469	60422469	-
ENSG00000168092	11	117144283	117154283	+
ENSG00000172007	4	139453231	139463231	+
ENSG00000179407	3	128457247	128467247	-
ENSG00000204673	19	49868458	49878458	-
ENSG00000188859	1	166157000	166167000	-
ENSG00000141582	17	79829439	79839439	-
ENSG00000131126	19	43401495	43411495	+
ENSG00000179348	3	128483200	128493200	-
ENSG00000264522	1	150000725	150010725	-
ENSG00000122367	10	86668506	86678506	+
ENSG00000140854	16	57735738	57745738	+
ENSG00000176293	19	58059238	58069238	+
ENSG00000062725	17	60516241	60526241	-
ENSG00000163950	4	1702343	1712343	-
ENSG00000169118	15	64346172	64356172	-
ENSG00000159905	19	43951222	43961222	+
ENSG00000265118	17	31308830	31318830	-
ENSG00000168936	4	1711357	1721357	-
ENSG00000163902	3	128671074	128681074	-
ENSG00000006432	14	70799533	70809533	-
ENSG00000106348	7	128400251	128410251	-
ENSG00000179021	3	88149958	88159958	+
ENSG00000163564	1	158930795	158940795	+
ENSG00000168924	4	1846155	1856155	-
ENSG00000081154	3	101574179	101584179	+
ENSG00000130733	19	10918680	10928680	-
ENSG00000166803	15	64377686	64387686	-
ENSG00000066422	3	101667131	101677131	-
ENSG00000104408	8	108433495	108443495	-
ENSG00000149577	11	117178735	117188735	+
ENSG00000135245	7	128455848	128465848	+
ENSG00000135862	1	183023419	183033419	+
ENSG00000136487	17	63871943	63881943	-
ENSG00000114391	3	101676717	101686717	-
ENSG00000144406	2	209771831	209781831	+
ENSG00000004468	4	15778274	15788274	+
ENSG00000103671	15	64387747	64397747	+
ENSG00000137440	4	15928739	15938739	-
ENSG00000158473	1	158178029	158188029	+
ENSG00000182504	3	101724592	101734592	+
ENSG00000137441	4	15959308	15969308	-
ENSG00000165055	7	128476728	128486728	+
ENSG00000105341	19	41430716	41440716	-
ENSG00000131183	5	177379234	177389234	+
ENSG00000174173	3	101561867	101571867	+
ENSG00000196570	5	177390660	177400660	-
ENSG00000163191	1	152037906	152047906	-
ENSG00000100934	14	39099645	39109645	-
ENSG00000215853	1	152149227	152159227	-
ENSG00000160993	7	102454862	102464862	-
ENSG00000085449	2	223935356	223945356	-
ENSG00000008988	8	56064509	56074509	-
ENSG00000174611	3	134641635	134651635	-
ENSG00000143198	1	165631212	165641212	+
ENSG00000149591	11	117199369	117209369	+
ENSG00000144119	2	119148750	119158750	-
ENSG00000164733	8	11859532	11869532	-
ENSG00000182400	14	39160531	39170531	-
ENSG00000154240	17	66182132	66192132	-
ENSG00000161036	7	102464955	102474955	+
ENSG00000178115	15	30552077	30562077	+
ENSG00000115425	2	216072954	216082954	-
ENSG00000143318	1	160190574	160200574	+
ENSG00000267318	17	59940907	59950907	+
ENSG00000005075	7	102468906	102478906	-
ENSG00000266964	19	35138823	35148823	+
ENSG00000163705	3	10098254	10108254	-
ENSG00000285077	15	30624493	30634493	+
ENSG00000254999	3	10115674	10125674	+
ENSG00000141371	17	60392428	60402428	+
ENSG00000100941	14	39175182	39185182	+
ENSG00000134070	3	10164918	10174918	+
ENSG00000111077	12	53046968	53056968	+
ENSG00000136488	17	63886660	63896660	-
ENSG00000100749	14	96797303	96807303	+
ENSG00000198055	5	177403203	177413203	+
ENSG00000169499	8	38901234	38911234	+
ENSG00000143297	1	157542514	157552514	-
ENSG00000170667	7	102507776	102517776	-
ENSG00000083799	16	50742049	50752049	+
ENSG00000075884	2	143091361	143101361	+
ENSG00000169495	8	38974227	38984227	+
ENSG00000196961	19	49767000	49777000	+
ENSG00000169490	8	38986823	38996823	-
ENSG00000167257	11	117232624	117242624	+
ENSG00000131188	5	177446444	177456444	+
ENSG00000118245	2	216850063	216860063	-
ENSG00000157017	3	10282946	10292946	-
ENSG00000100532	14	54509811	54519811	+
ENSG00000141568	17	82519712	82529712	+
ENSG00000267508	19	44391607	44401607	-
ENSG00000162736	1	160343315	160353315	+
ENSG00000198258	19	9827891	9837891	+
ENSG00000159459	15	43096112	43106112	-
ENSG00000168255	7	102562652	102572652	-
ENSG00000270249	7	102582443	102592443	-
ENSG00000110274	11	117314556	117324556	+
ENSG00000285437	7	102562582	102572582	-
ENSG00000129951	19	811954	821954	-
ENSG00000166971	16	53494410	53504410	-
ENSG00000117560	1	172659102	172669102	+
ENSG00000169683	17	82023304	82033304	+
ENSG00000242441	2	48617797	48627797	+
ENSG00000137842	15	43123278	43133278	+
ENSG00000113758	5	177464400	177474400	-
ENSG00000002016	12	980052	990052	-
ENSG00000163012	2	186839207	186849207	-
ENSG00000135823	1	181013120	181023120	-
ENSG00000171722	1	162366853	162376853	-
ENSG00000183908	11	57181746	57191746	+
ENSG00000134817	11	57227234	57237234	-
ENSG00000204991	16	89818178	89828178	+
ENSG00000149115	11	57314951	57324951	-
ENSG00000115361	2	210215446	210225446	-
ENSG00000105808	7	102606755	102616755	-
ENSG00000197140	8	39106989	39116989	+
ENSG00000119682	14	74703116	74713116	-
ENSG00000124019	2	224392106	224402106	-
ENSG00000072958	19	16197853	16207853	+
ENSG00000143621	1	153661027	153671027	-
ENSG00000149136	11	57325891	57335891	-
ENSG00000157020	3	10311111	10321111	-
ENSG00000136694	2	113005458	113015458	+
ENSG00000143155	1	168178961	168188961	+
ENSG00000147601	8	73008855	73018855	+
ENSG00000137563	8	63029406	63039406	-
ENSG00000267368	7	102632790	102642790	-
ENSG00000154265	17	69317243	69327243	-
ENSG00000204463	6	31642704	31652704	-
ENSG00000173678	7	102650324	102660324	+
ENSG00000109991	11	57338351	57348351	+
ENSG00000119616	14	74713143	74723143	+
ENSG00000228049	7	102661628	102671628	-
ENSG00000115268	19	1438357	1448357	+
ENSG00000156575	11	57371149	57381149	-
ENSG00000205138	19	35995187	36005187	+
ENSG00000143156	1	169357947	169367947	-
ENSG00000178537	3	48888903	48898903	-
ENSG00000111684	12	7008476	7018476	-
ENSG00000196923	5	177487605	177497605	-
ENSG00000186652	11	57380649	57390649	-
ENSG00000121413	19	58108426	58118426	-
ENSG00000254979	11	57414058	57424058	-
ENSG00000007062	4	16074377	16084377	-
ENSG00000166946	15	43185117	43195117	+
ENSG00000141002	16	89873569	89883569	+
ENSG00000198771	1	167630092	167640092	+
ENSG00000149761	11	64225940	64235940	+
ENSG00000284981	7	102533848	102543848	-
ENSG00000119596	14	74763315	74773315	+
ENSG00000178467	3	48989888	48999888	+
ENSG00000007255	19	45168236	45178236	-
ENSG00000258839	16	89912118	89922118	+
ENSG00000198211	16	89919164	89929164	+
ENSG00000213722	6	31720616	31730616	-
ENSG00000168175	14	55051646	55061646	+
ENSG00000248099	19	17811573	17821573	-
ENSG00000104218	8	67062416	67072416	+
ENSG00000116147	1	175733615	175743615	-
ENSG00000138434	2	181891729	181901729	+
ENSG00000169762	4	16217409	16227409	-
ENSG00000173486	11	64241002	64251002	+
ENSG00000104055	15	43256927	43266927	-
ENSG00000213064	1	168225937	168235937	+
ENSG00000024048	6	42564028	42574028	+
ENSG00000105792	7	90245173	90255173	+
ENSG00000131981	14	55124109	55134109	+
ENSG00000112619	6	42712596	42722596	-
ENSG00000183258	5	177506960	177516960	-
ENSG00000124659	6	42736102	42746102	-
ENSG00000159495	15	43292254	43302254	-
ENSG00000178252	3	49007061	49017061	+
ENSG00000168806	15	43320581	43330581	-
ENSG00000105136	19	57487710	57497710	+
ENSG00000127666	19	4821711	4831711	-
ENSG00000143179	1	165827613	165837613	+
ENSG00000283267	7	90311307	90321307	-
ENSG00000145375	4	122923069	122933069	+
ENSG00000197442	6	136782476	136792476	-
ENSG00000184154	11	72080336	72090336	+
ENSG00000168661	19	34926902	34936902	+
ENSG00000143315	1	160021989	160031989	-
ENSG00000164056	4	123396794	123406794	+
ENSG00000182326	12	6988258	6998258	+
ENSG00000164296	5	149990653	150000653	-
ENSG00000055483	17	78831440	78841440	-
ENSG00000116199	1	179025803	179035803	+
ENSG00000143185	1	168533996	168543996	-
ENSG00000166398	19	34254551	34264551	+
ENSG00000113716	5	150000045	150010045	+
ENSG00000166947	15	43211017	43221017	-
ENSG00000112357	6	136822563	136832563	+
ENSG00000128040	4	56811741	56821741	-
ENSG00000126787	14	55181607	55191607	-
ENSG00000182747	6	136922300	136932300	+
ENSG00000007933	1	171090900	171100900	+
ENSG00000280778	1	145927257	145937257	+
ENSG00000174917	19	5670515	5680515	-
ENSG00000084092	4	56967605	56977605	-
ENSG00000178974	14	55271343	55281343	+
ENSG00000105793	7	90335222	90345222	+
ENSG00000178149	3	49012292	49022292	-
ENSG00000242574	6	32931027	32941027	-
ENSG00000248993	6	32943121	32953121	-
ENSG00000126775	14	55401829	55411829	-
ENSG00000141013	16	90019628	90029628	+
ENSG00000166263	17	54968726	54978726	+
ENSG00000165995	10	18140423	18150423	+
ENSG00000182521	14	55446725	55456725	-
ENSG00000186417	15	51341654	51351654	+
ENSG00000204257	6	32959093	32969093	-
ENSG00000157224	7	90383720	90393720	+
ENSG00000116260	1	180154868	180164868	+
ENSG00000083168	8	42041993	42051993	-
ENSG00000182578	5	150103371	150113371	-
ENSG00000105639	19	17838070	17848070	-
ENSG00000178057	3	49020458	49030458	+
ENSG00000159403	12	7082539	7092539	-
ENSG00000197694	9	128552557	128562557	+
ENSG00000204010	10	89378055	89388055	+
ENSG00000163661	3	157436849	157446849	+
ENSG00000003249	16	90009889	90019889	-
ENSG00000185745	10	89392545	89402545	+
ENSG00000188817	3	63652674	63662674	+
ENSG00000131845	19	57351270	57361270	+
ENSG00000117475	1	169367969	169377969	+
ENSG00000152779	10	89546640	89556640	-
ENSG00000118997	2	196058836	196068836	-
ENSG00000169689	17	82014106	82024106	-
ENSG00000143340	1	179743162	179753162	+
ENSG00000163632	3	63819298	63829298	+
ENSG00000283428	2	224706364	224716364	-
ENSG00000213096	19	24033404	24043404	+
ENSG00000166295	10	72215999	72225999	+
ENSG00000168209	10	72273918	72283918	+
ENSG00000047315	4	56977721	56987721	+
ENSG00000163634	3	63853867	63863867	-
ENSG00000155393	16	50065969	50075969	+
ENSG00000173894	17	79778147	79788147	+
ENSG00000167562	19	52555456	52565456	+
ENSG00000113721	5	150145871	150155871	-
ENSG00000182156	17	79730942	79740942	+
ENSG00000196724	19	57925401	57935401	-
ENSG00000163453	4	57100384	57110384	-
ENSG00000070718	8	42152945	42162945	+
ENSG00000113722	5	150166777	150176777	+
ENSG00000021762	11	3156738	3166738	-
ENSG00000171051	19	51794109	51804109	-
ENSG00000197951	19	56595299	56605299	+
ENSG00000151577	3	114189406	114199406	-
ENSG00000171827	19	37467584	37477584	+
ENSG00000058091	7	90466423	90476423	+
ENSG00000072121	14	67806589	67816589	-
ENSG00000181847	3	114276912	114286912	+
ENSG00000084093	4	56907875	56917875	+
ENSG00000061676	2	183028857	183038857	-
ENSG00000157240	7	91264432	91274432	+
ENSG00000251154	7	90469638	90479638	+
ENSG00000168412	4	186545566	186555566	-
ENSG00000143190	1	167220875	167230875	+
ENSG00000164307	5	96798099	96808099	-
ENSG00000181722	3	115137287	115147287	-
ENSG00000221866	7	132638687	132648687	-
ENSG00000204256	6	32968593	32978593	+
ENSG00000185028	5	191494	201494	+
ENSG00000164366	5	208152	218152	-
ENSG00000181045	17	80219698	80229698	+
ENSG00000119335	9	128683423	128693423	+
ENSG00000240045	3	155283682	155293682	-
ENSG00000105974	7	116524993	116534993	+
ENSG00000272333	19	35717972	35727972	+
ENSG00000070915	16	56865206	56875206	+
ENSG00000107863	10	24713886	24723886	-
ENSG00000126246	19	35732452	35742452	-
ENSG00000182185	14	67819778	67829778	+
ENSG00000180992	6	44117451	44127451	-
ENSG00000141543	17	80137150	80147150	-
ENSG00000104093	15	51612832	51622832	-
ENSG00000165996	10	17607373	17617373	-
ENSG00000175497	2	114442298	114452298	+
ENSG00000161265	19	35735444	35745444	-
ENSG00000073578	5	218240	228240	+
ENSG00000100906	14	35394748	35404748	-
ENSG00000164111	4	121686994	121696994	-
ENSG00000159348	1	202957274	202967274	-
ENSG00000087157	17	78378648	78388648	+
ENSG00000137216	6	44126913	44136913	+
ENSG00000168348	14	35534163	35544163	+
ENSG00000136738	10	17644150	17654150	+
ENSG00000205155	19	35745599	35755599	+
ENSG00000104112	15	51681491	51691491	+
ENSG00000148483	10	17752200	17762200	+
ENSG00000140280	15	51741584	51751584	-
ENSG00000051108	16	56932141	56942141	+
ENSG00000267796	19	35748360	35758360	+
ENSG00000100916	14	35826337	35836337	+
ENSG00000004776	19	35748078	35758078	-
ENSG00000137225	6	44158810	44168810	+
ENSG00000110619	11	3047612	3057612	-
ENSG00000107937	10	988433	998433	+
ENSG00000204052	6	43500685	43510685	-
ENSG00000249915	5	271620	281620	+
ENSG00000104368	8	42197708	42207708	-
ENSG00000075945	1	170075207	170085207	-
ENSG00000148377	10	1015858	1025858	-
ENSG00000105976	7	116672195	116682195	+
ENSG00000173838	17	62798343	62808343	-
ENSG00000139197	12	7188684	7198684	+
ENSG00000167595	19	35758142	35768142	+
ENSG00000050344	7	26152197	26162197	+
ENSG00000180104	5	443174	453174	+
ENSG00000139438	12	109713824	109723824	+
ENSG00000115020	2	208266254	208276254	+
ENSG00000047056	10	1049537	1059537	+
ENSG00000092020	14	35112516	35122516	-
ENSG00000110090	11	68834409	68844409	-
ENSG00000087237	16	56961922	56971922	+
ENSG00000122565	7	26201161	26211161	+
ENSG00000174453	2	214411053	214421053	+
ENSG00000162779	1	179365719	179375719	+
ENSG00000166170	14	103552656	103562656	-
ENSG00000136197	7	42902304	42912304	-
ENSG00000123737	4	121801317	121811317	+
ENSG00000004777	19	35774531	35784531	+
ENSG00000197345	11	68893834	68903834	-
ENSG00000256646	7	42922213	42932213	-
ENSG00000173821	17	80260865	80270865	+
ENSG00000066230	5	514448	524448	-
ENSG00000172938	11	68970985	68980985	-
ENSG00000171453	6	43509701	43519701	+
ENSG00000145386	4	121813882	121823882	-
ENSG00000172935	11	69003381	69013381	-
ENSG00000165280	9	35062667	35072667	-
ENSG00000122432	1	84506299	84516299	+
ENSG00000070501	8	42338453	42348453	+
ENSG00000022976	14	102317376	102327376	+
ENSG00000112877	5	612339	622339	+
ENSG00000250799	19	35803298	35813298	-
ENSG00000106588	7	42922184	42932184	-
ENSG00000264230	10	46375626	46385626	+
ENSG00000171368	5	683351	693351	-
ENSG00000104371	8	42367228	42377228	-
ENSG00000137207	6	43506984	43516984	-
ENSG00000106591	7	42932375	42942375	+
ENSG00000204174	10	46455957	46465957	-
ENSG00000168263	9	2717509	2727509	+
ENSG00000092607	1	118979555	118989555	-
ENSG00000138686	4	121860486	121870486	-
ENSG00000153404	5	92150	102150	+
ENSG00000165730	10	68827530	68837530	+
ENSG00000141179	17	55751050	55761050	+
ENSG00000117091	1	160701830	160711830	-
ENSG00000162341	11	69048931	69058931	+
ENSG00000163209	1	153001746	153011746	+
ENSG00000147852	9	2621181	2631181	+
ENSG00000100949	14	24261610	24271610	-
ENSG00000284713	11	69155477	69165477	+
ENSG00000078668	8	42391623	42401623	+
ENSG00000183665	8	124450819	124460819	+
ENSG00000138741	4	121942059	121952059	-
ENSG00000170881	8	124474879	124484879	+
ENSG00000115648	2	237485427	237495427	+
ENSG00000107625	10	68901285	68911285	+
ENSG00000008441	19	12995474	13005474	+
ENSG00000124571	6	43566037	43576037	-
ENSG00000108679	17	78969946	78979946	-
ENSG00000198246	10	71319258	71329258	+
ENSG00000140853	16	56989484	56999484	+
ENSG00000214688	10	71727823	71737823	-
ENSG00000110344	11	118359599	118369599	+
ENSG00000105821	7	103334829	103344829	-
ENSG00000107738	10	71763519	71773519	-
ENSG00000104903	19	13093160	13103160	-
ENSG00000285827	11	118401601	118411601	+
ENSG00000169136	19	49928701	49938701	+
ENSG00000170734	6	43576184	43586184	+
ENSG00000148341	9	129018330	129028330	-
ENSG00000118564	4	15671678	15681678	-
ENSG00000280987	5	139273751	139283751	+
ENSG00000172432	6	43619263	43629263	-
ENSG00000100796	14	91500553	91510553	-
ENSG00000124688	6	43629539	43639539	+
ENSG00000172426	6	43645035	43655035	+
ENSG00000147687	8	124529457	124539457	-
ENSG00000076242	3	36993349	37003349	+
ENSG00000090661	19	8206735	8216735	+
ENSG00000111199	12	109823405	109833405	-
ENSG00000140848	16	57092582	57102582	+
ENSG00000167130	9	129081110	129091110	+
ENSG00000108669	17	78772296	78782296	-
ENSG00000167775	19	8298357	8308357	-
ENSG00000237765	4	15681661	15691661	+
ENSG00000132740	11	68903862	68913862	+
ENSG00000107736	10	71396919	71406919	+
ENSG00000139433	12	109870540	109880540	-
ENSG00000267855	19	8311374	8321374	-
ENSG00000115109	2	120013076	120023076	+
ENSG00000147684	8	124539100	124549100	+
ENSG00000233927	19	8321157	8331157	+
ENSG00000036828	3	122183667	122193667	+
ENSG00000134086	3	10141777	10151777	+
ENSG00000214534	11	71811547	71821547	-
ENSG00000184276	11	71833199	71843199	+
ENSG00000122218	1	160333272	160343272	-
ENSG00000225805	11	71878452	71888452	+
ENSG00000163449	2	216081865	216091865	+
ENSG00000087191	17	63827151	63837151	+
ENSG00000240747	3	42809482	42819482	+
ENSG00000109743	4	15703064	15713064	+
ENSG00000168329	3	39271734	39281734	-
ENSG00000197746	10	71841324	71851324	-
ENSG00000186994	19	8333261	8343261	-
ENSG00000172775	16	57176115	57186115	-
ENSG00000139151	12	18728099	18738099	-
ENSG00000092345	3	16660305	16670305	-
ENSG00000167772	19	8363288	8373288	+
ENSG00000109193	4	69850144	69860144	-
ENSG00000102931	16	57245258	57255258	+
ENSG00000177938	12	18738118	18748118	+
ENSG00000108175	10	79068965	79078965	+
ENSG00000187231	2	179254831	179264831	-
ENSG00000140009	14	64328111	64338111	-
ENSG00000102934	16	57274671	57284671	-
ENSG00000143171	1	165435354	165445354	-
ENSG00000198838	15	33310961	33320961	+
ENSG00000119383	9	129110949	129120949	+
ENSG00000185236	19	8389980	8399980	+
ENSG00000108179	10	79347468	79357468	+
ENSG00000165424	10	79435623	79445623	-
ENSG00000149090	11	35520299	35530299	-
ENSG00000170873	8	124718472	124728472	-
ENSG00000136732	2	126656132	126666132	+
ENSG00000015479	5	139293673	139303673	+
ENSG00000185303	10	79550406	79560406	-
ENSG00000160447	9	128702502	128712502	+
ENSG00000168803	15	43330671	43340671	+
ENSG00000139144	12	18242960	18252960	+
ENSG00000154252	2	241776821	241786821	+
ENSG00000197361	15	63597352	63607352	+
ENSG00000160446	9	128714126	128724126	-
ENSG00000126545	4	69931067	69941067	+
ENSG00000083782	12	90995025	91005025	-
ENSG00000122852	10	79610938	79620938	+
ENSG00000103051	16	70513559	70523559	-
ENSG00000139329	12	91101493	91111493	-
ENSG00000120727	5	139341586	139351586	+
ENSG00000141298	17	29920275	29930275	-
ENSG00000047410	1	186365692	186375692	-
ENSG00000135222	4	69951006	69961006	-
ENSG00000157368	16	70579894	70589894	+
ENSG00000160445	9	128762413	128772413	-
ENSG00000126549	4	69995965	70005965	+
ENSG00000126550	4	70050437	70060437	+
ENSG00000104687	8	30717845	30727845	-
ENSG00000033800	15	68054308	68064308	+
ENSG00000188199	10	79703226	79713226	+
ENSG00000170482	5	139374552	139384552	-
ENSG00000107021	9	128787252	128797252	+
ENSG00000188487	11	15112423	15122423	+
ENSG00000099783	19	8444766	8454766	+
ENSG00000170476	5	139380080	139390080	-
ENSG00000151090	3	24485755	24495755	-
ENSG00000167136	9	128818499	128828499	+
ENSG00000138617	15	65290617	65300617	-
ENSG00000125149	16	67109940	67119940	+
ENSG00000187533	4	70133615	70143615	+
ENSG00000228672	5	139385103	139395103	-
ENSG00000172020	3	115623509	115633509	+
ENSG00000092036	14	22947160	22957160	-
ENSG00000108604	17	63833064	63843064	-
ENSG00000133246	19	8492639	8502639	-
ENSG00000237172	16	67140997	67150997	-
ENSG00000205649	4	70028454	70038454	+
ENSG00000011465	12	91173216	91183216	-
ENSG00000062650	10	86511791	86521791	-
ENSG00000102871	16	67149908	67159908	-
ENSG00000104691	8	30729130	30739130	+
ENSG00000170464	5	139434490	139444490	-
ENSG00000133250	19	8504166	8514166	-
ENSG00000132465	4	70671816	70681816	-
ENSG00000166292	17	55722120	55732120	-
ENSG00000018625	1	160115758	160125758	+
ENSG00000080854	11	133946967	133956967	-
ENSG00000186212	4	76888143	76898143	-
ENSG00000105467	19	48364366	48374366	+
ENSG00000135722	16	67159931	67169931	+
ENSG00000111775	12	120438089	120448089	+
ENSG00000171806	1	169784962	169794962	-
ENSG00000111780	12	120438197	120448197	+
ENSG00000170855	12	120436383	120446383	-
ENSG00000105438	19	48381550	48391550	-
ENSG00000182218	14	99645128	99655128	+
ENSG00000213088	1	159203306	159213306	+
ENSG00000178394	5	63952506	63962506	-
ENSG00000198917	9	128819793	128829793	-
ENSG00000213246	17	58343092	58353092	-
ENSG00000138109	10	94938657	94948657	+
ENSG00000115221	2	160190312	160200312	-
ENSG00000286112	9	128871930	128881930	-
ENSG00000119673	14	73567619	73577619	+
ENSG00000198574	1	162402137	162412137	-
ENSG00000174748	3	23916590	23926590	+
ENSG00000104695	8	30804313	30814313	-
ENSG00000257218	12	120446443	120456443	+
ENSG00000118816	4	77066308	77076308	-
ENSG00000177465	14	73591872	73601872	+
ENSG00000139914	14	24130658	24140658	+
ENSG00000165762	14	19875141	19885141	+
ENSG00000140939	16	67170153	67180153	+
ENSG00000111786	12	120459747	120469747	-
ENSG00000133863	8	30903007	30913007	-
ENSG00000159224	17	48958595	48968595	-
ENSG00000165379	14	41606875	41616875	+
ENSG00000105447	19	48445840	48455840	+
ENSG00000180340	17	44557483	44567483	+
ENSG00000134962	4	39406929	39416929	+
ENSG00000176299	14	19773503	19783503	+
ENSG00000138115	10	95059496	95069496	-
ENSG00000170615	7	103436206	103446206	-
ENSG00000182324	19	48455573	48465573	+
ENSG00000169484	14	20009306	20019306	-
ENSG00000255804	14	22634351	22644351	-
ENSG00000176253	14	20026037	20036037	-
ENSG00000071677	2	237566573	237576573	+
ENSG00000155249	14	19930916	19940916	+
ENSG00000268465	19	48465836	48475836	+
ENSG00000166887	15	42198306	42208306	-
ENSG00000169208	14	21570075	21580075	-
ENSG00000196123	16	67174039	67184039	-
ENSG00000088986	12	120469849	120479849	+
ENSG00000105443	19	48469207	48479207	+
ENSG00000129295	8	132665591	132675591	-
ENSG00000140543	15	88536680	88546680	-
ENSG00000169714	3	129173921	129183921	-
ENSG00000173124	10	95194199	95204199	+
ENSG00000088002	19	48552171	48562171	+
ENSG00000284741	2	178098338	178108338	-
ENSG00000171097	9	128872493	128882493	-
ENSG00000177202	19	48606741	48616741	+
ENSG00000165071	8	132750711	132760711	-
ENSG00000110871	12	120524433	120534433	-
ENSG00000135932	2	230712841	230722841	+
ENSG00000059573	10	95646710	95656710	-
ENSG00000179044	16	67180184	67190184	-
ENSG00000164270	5	148667234	148677234	-
ENSG00000136802	9	128882132	128892132	+
ENSG00000167272	12	120571401	120581401	-
ENSG00000272822	12	48947364	48957364	-
ENSG00000168615	8	38996753	39006753	+
ENSG00000205250	16	67192154	67202154	+
ENSG00000154767	3	14168620	14178620	-
ENSG00000134216	1	111290850	111300850	+
ENSG00000112715	6	43770183	43780183	+
ENSG00000063177	19	48609183	48619183	-
ENSG00000266967	17	42954497	42964497	-
ENSG00000013297	3	170418867	170428867	+
ENSG00000139537	12	48904109	48914109	+
ENSG00000138185	10	95711778	95721778	+
ENSG00000168530	2	210305173	210315173	-
ENSG00000176956	8	143150710	143160710	-
ENSG00000138131	10	98258193	98268193	-
ENSG00000121897	4	39459003	39469003	+
ENSG00000185942	8	62248590	62258590	+
ENSG00000134285	12	48916473	48926473	-
ENSG00000119943	10	98405181	98415181	-
ENSG00000149292	11	113314578	113324578	+
ENSG00000063176	19	48619290	48629290	+
ENSG00000102890	16	67199110	67209110	+
ENSG00000169884	12	48961734	48971734	-
ENSG00000105516	19	48627378	48637378	-
ENSG00000175287	9	128920965	128930965	+
ENSG00000125084	12	48978321	48988321	+
ENSG00000162694	1	100885178	100895178	-
ENSG00000181418	12	48989374	48999374	-
ENSG00000107521	10	98436934	98446934	-
ENSG00000163207	1	152908545	152918545	+
ENSG00000251184	9	128941477	128951477	+
ENSG00000168701	16	67227102	67237102	+
ENSG00000175283	9	128937602	128947602	-
ENSG00000167550	12	49060024	49070024	-
ENSG00000063180	19	48636186	48646186	-
ENSG00000073792	3	185815041	185825041	-
ENSG00000153107	2	111874689	111884689	-
ENSG00000258659	11	5619763	5629763	+
ENSG00000176920	19	48695970	48705970	+
ENSG00000109814	4	39518310	39528310	-
ENSG00000139549	12	49084800	49094800	-
ENSG00000105339	8	141117277	141127277	+
ENSG00000174255	3	114227577	114237577	-
ENSG00000156395	10	104641289	104651289	+
ENSG00000176909	19	48709724	48719724	-
ENSG00000115539	2	100562992	100572992	+
ENSG00000128739	15	24823636	24833636	+
ENSG00000203499	8	143734138	143744138	+
ENSG00000123416	12	49121396	49131396	-
ENSG00000108825	17	42970527	42980527	-
ENSG00000197771	10	119882555	119892555	-
ENSG00000242028	15	43796141	43806141	+
ENSG00000135723	16	67237480	67247480	-
ENSG00000198863	17	42980564	42990564	+
ENSG00000096088	6	41744108	41754108	-
ENSG00000177570	8	118612111	118622111	-
ENSG00000105518	19	11336517	11346517	-
ENSG00000137218	6	41776541	41786541	-
ENSG00000163682	4	39448930	39458930	-
ENSG00000095319	9	128947698	128957698	+
ENSG00000130935	17	67717930	67727930	+
ENSG00000278224	6	41780781	41790781	+
ENSG00000134287	12	48947486	48957486	-
ENSG00000107651	10	119892729	119902729	+
ENSG00000132716	1	160252548	160262548	-
ENSG00000152778	10	89414567	89424567	+
ENSG00000183401	19	11344683	11354683	+
ENSG00000095321	9	129101188	129111188	-
ENSG00000138135	10	89197316	89207316	-
ENSG00000104635	8	22367277	22377277	+
ENSG00000135740	16	67237682	67247682	+
ENSG00000157450	15	58865174	58875174	+
ENSG00000162298	11	65124531	65134531	-
ENSG00000145331	4	99554038	99564038	-
ENSG00000105520	19	11355385	11365385	+
ENSG00000187954	8	144455666	144465666	-
ENSG00000107798	10	89404556	89414556	-
ENSG00000173928	19	11374665	11384665	+
ENSG00000168676	16	67316759	67326759	-
ENSG00000183853	1	157993272	158003272	+
ENSG00000179057	11	18716229	18726229	-
ENSG00000144908	3	126187993	126197993	-
ENSG00000187266	19	11374341	11384341	-
ENSG00000119977	10	95684142	95694142	-
ENSG00000174373	14	35799303	35809303	-
ENSG00000143401	1	150226155	150236155	-
ENSG00000159708	16	67326797	67336797	+
ENSG00000152642	3	32105688	32115688	+
ENSG00000119917	10	89327306	89337306	+
ENSG00000171634	17	67825502	67835502	+
ENSG00000175582	11	73751136	73761136	-
ENSG00000159713	16	67383517	67393517	-
ENSG00000118197	1	200659906	200669906	-
ENSG00000205517	19	11409327	11419327	-
ENSG00000012983	14	50551125	50561125	-
ENSG00000175193	3	183874932	183884932	-
ENSG00000159714	16	67406832	67416832	-
ENSG00000135842	1	184964507	184974507	-
ENSG00000108932	17	68281266	68291266	-
ENSG00000176387	16	67430651	67440651	+
ENSG00000137821	15	70853238	70863238	+
ENSG00000198734	1	169576587	169586587	-
ENSG00000198003	19	11425781	11435781	-
ENSG00000070540	17	68447512	68457512	-
ENSG00000111652	12	6724013	6734013	+
ENSG00000163660	3	157150759	157160759	-
ENSG00000077152	1	202331979	202341979	-
ENSG00000196361	19	11471045	11481045	-
ENSG00000159720	16	67471180	67481180	-
ENSG00000278522	15	21430498	21440498	-
ENSG00000161914	19	11495838	11505838	-
ENSG00000083067	9	71436903	71446903	-
ENSG00000089692	12	6772511	6782511	+
ENSG00000115966	2	175158381	175168381	-
ENSG00000164398	5	132002242	132012242	-
ENSG00000159723	16	67473546	67483546	-
ENSG00000166813	15	89645466	89655466	-
ENSG00000156508	6	73515586	73525586	-
ENSG00000134802	11	57417579	57427579	-
ENSG00000010610	12	6786857	6796857	+
ENSG00000119333	9	128646846	128656846	-
ENSG00000144959	3	172701217	172711217	-
ENSG00000130159	19	11519171	11529171	-
ENSG00000166819	15	89669426	89679426	-
ENSG00000148660	10	73864590	73874590	-
ENSG00000269466	5	17645848	17655848	-
ENSG00000183889	16	16317443	16327443	+
ENSG00000166821	15	89680782	89690782	-
ENSG00000288625	15	81002141	81012141	+
ENSG00000260914	16	69299681	69309681	+
ENSG00000177034	5	79981261	79991261	-
ENSG00000170876	3	14125014	14135014	+
ENSG00000132612	16	69311349	69321349	+
ENSG00000163082	2	222424542	222434542	+
ENSG00000197102	14	101964572	101974572	+
ENSG00000243789	15	41828091	41838091	+
ENSG00000233608	2	238848031	238858031	+
ENSG00000170231	5	160187366	160197366	+
ENSG00000130176	19	11538766	11548766	+
ENSG00000204394	6	31785751	31795751	-
ENSG00000213380	16	69329582	69339582	-
ENSG00000250510	12	6821623	6831623	+
ENSG00000143164	1	167935782	167945782	+
ENSG00000197444	10	49752378	49762378	-
ENSG00000258429	16	69320587	69330587	-
ENSG00000272617	16	69324870	69334870	-
ENSG00000130165	19	11549235	11559235	-
ENSG00000260371	16	69346305	69356305	-
ENSG00000178440	10	49942055	49952055	+
ENSG00000137145	9	19230434	19240434	+
ENSG00000204392	6	31796965	31806965	-
ENSG00000102575	19	11569007	11579007	-
ENSG00000204390	6	31805282	31815282	-
ENSG00000110811	12	6828406	6838406	+
ENSG00000132603	16	69337995	69347995	+
ENSG00000204389	6	31815542	31825542	+
ENSG00000204388	6	31827737	31837737	+
ENSG00000036257	2	224575396	224585396	-
ENSG00000168970	15	41828094	41838094	+
ENSG00000157315	16	69341785	69351785	-
ENSG00000129084	11	14633634	14643634	-
ENSG00000204149	10	49982189	49992189	+
ENSG00000133048	1	203176703	203186703	-
ENSG00000196872	2	98926258	98936258	-
ENSG00000132604	16	69398570	69408570	-
ENSG00000121454	1	180230263	180240263	+
ENSG00000161609	19	49388218	49398218	+
ENSG00000198964	10	50615162	50625162	-
ENSG00000142538	19	49413440	49423440	-
ENSG00000072210	17	19648135	19658135	+
ENSG00000188234	10	45843874	45853874	-
ENSG00000103018	16	69424618	69434618	+
ENSG00000126070	1	35930717	35940717	+
ENSG00000137877	15	41884052	41894052	-
ENSG00000137760	11	107555741	107565741	-
ENSG00000115183	2	158968639	158978639	+
ENSG00000177565	3	177217999	177227999	-
ENSG00000184155	1	159526006	159536006	-
ENSG00000104888	19	49432359	49442359	-
ENSG00000144410	2	206939517	206949517	+
ENSG00000163157	1	151166283	151176283	-
ENSG00000180834	3	183815593	183825593	-
ENSG00000198682	10	87659612	87669612	+
ENSG00000111664	12	6839953	6849953	+
ENSG00000115107	2	119223830	119233830	+
ENSG00000117036	1	157128473	157138473	-
ENSG00000187764	9	89488129	89498129	-
ENSG00000145107	3	196328502	196338502	-
ENSG00000138138	10	87831360	87841360	-
ENSG00000104131	15	44537124	44547124	+
ENSG00000198585	3	131381670	131391670	+
ENSG00000176715	16	89088374	89098374	+
ENSG00000227268	10	87853532	87863532	-
ENSG00000181744	3	143971822	143981822	+
ENSG00000081386	9	96768128	96778128	-
ENSG00000197756	2	216498824	216508824	+
ENSG00000104872	19	49443496	49453496	-
ENSG00000144840	3	120732992	120742992	-
ENSG00000171862	10	87863624	87873624	+
ENSG00000100813	14	23085613	23095613	-
ENSG00000129910	16	89171747	89181747	+
ENSG00000163380	3	69113031	69123031	-
ENSG00000150347	10	61901683	61911683	+
ENSG00000118096	11	118562969	118572969	-
ENSG00000185880	15	44728987	44738987	+
ENSG00000166343	10	73423560	73433560	-
ENSG00000058085	1	183186237	183196237	+
ENSG00000010626	12	6873568	6883568	+
ENSG00000170100	16	89217702	89227702	+
ENSG00000161618	19	49453224	49463224	+
ENSG00000108602	17	19738942	19748942	-
ENSG00000183155	1	202879148	202889148	-
ENSG00000114656	3	128992689	129002689	-
ENSG00000125954	14	64914484	64924484	+
ENSG00000176153	14	64932904	64942904	-
ENSG00000119042	2	199461265	199471265	-
ENSG00000117533	1	171732073	171742073	-
ENSG00000107758	10	73486023	73496023	-
ENSG00000116815	1	116561038	116571038	-
ENSG00000103855	15	73683965	73693965	+
ENSG00000204371	6	31887686	31897686	-
ENSG00000139998	14	64963225	64973225	-
ENSG00000116741	1	192809038	192819038	+
ENSG00000163635	3	63863154	63873154	+
ENSG00000204366	6	31892085	31902085	-
ENSG00000148219	9	117405069	117415069	-
ENSG00000166348	10	73615993	73625993	-
ENSG00000144339	2	192184932	192194932	-
ENSG00000054938	11	74721425	74731425	-
ENSG00000257365	14	64986894	64996894	+
ENSG00000090554	19	49474206	49484206	+
ENSG00000111674	12	6913744	6923744	+
ENSG00000083290	17	19857935	19867935	-
ENSG00000204435	6	31665226	31675226	+
ENSG00000122482	1	91012271	91022271	-
ENSG00000196363	9	134135364	134145364	+
ENSG00000130368	6	159890987	159900987	+
ENSG00000166329	17	57735298	57745298	-
ENSG00000142534	19	49496364	49506364	+
ENSG00000181610	17	57840055	57850055	-
ENSG00000111676	12	6924462	6934462	+
ENSG00000128915	15	60469159	60479159	-
ENSG00000214860	17	18377777	18387777	+
ENSG00000055044	2	202265735	202275735	+
ENSG00000111678	12	6942977	6952977	+
ENSG00000119397	9	121074752	121084752	+
ENSG00000197081	6	159969081	159979081	+
ENSG00000169064	3	167397873	167407873	-
ENSG00000123843	1	207088859	207098859	+
ENSG00000104870	19	49506815	49516815	+
ENSG00000125952	14	65092694	65102694	-
ENSG00000147896	9	27524289	27534289	+
ENSG00000204136	9	121489843	121499843	-
ENSG00000188959	9	110198158	110208158	-
ENSG00000181458	3	100492618	100502618	+
ENSG00000140527	15	89690810	89700810	+
ENSG00000184709	9	137160050	137170050	-
ENSG00000075826	10	100509863	100519863	-
ENSG00000175003	6	160121814	160131814	+
ENSG00000143167	1	167156478	167166478	-
ENSG00000166823	15	89741309	89751309	-
ENSG00000142552	19	49528002	49538002	+
ENSG00000188095	15	89760590	89770590	+
ENSG00000143184	1	168576604	168586604	+
ENSG00000203685	1	226548763	226558763	+
ENSG00000095203	9	109311058	109321058	-
ENSG00000172590	14	22829878	22839878	+
ENSG00000106952	9	114920594	114930594	-
ENSG00000166136	10	100519999	100529999	-
ENSG00000184995	9	21472312	21482312	-
ENSG00000127083	9	92414470	92424470	-
ENSG00000153246	2	160052614	160062614	-
ENSG00000182919	11	93741590	93751590	+
ENSG00000204001	9	136748542	136758542	-
ENSG00000273514	9	41118680	41128680	-
ENSG00000171459	9	122742302	122752302	+
ENSG00000185650	14	68786252	68796252	-
ENSG00000142546	19	49580261	49590261	-
ENSG00000166135	10	100529071	100539071	+
ENSG00000131788	1	145849835	145859835	-
ENSG00000081189	5	88894256	88904256	-
ENSG00000111679	12	6946467	6956467	+
ENSG00000171916	17	18476736	18486736	+
ENSG00000150676	11	85855100	85865100	+
ENSG00000166825	15	89805400	89815400	-
ENSG00000171786	1	160367070	160377070	+
ENSG00000124839	2	237591613	237601613	-
ENSG00000178209	8	143966733	143976733	-
ENSG00000196553	14	66411703	66421703	+
ENSG00000177108	14	77132733	77142733	-
ENSG00000126460	19	49580645	49590645	+
ENSG00000177807	1	160060159	160070159	-
ENSG00000160360	9	136327475	136337475	+
ENSG00000163485	1	203090653	203100653	+
ENSG00000126749	12	6970912	6980912	+
ENSG00000126464	19	49591181	49601181	+
ENSG00000075891	10	100735395	100745395	+
ENSG00000115145	2	152165762	152175762	-
ENSG00000165684	9	136390169	136400169	-
ENSG00000157823	15	89884637	89894637	-
ENSG00000126458	19	49630142	49640142	-
ENSG00000123838	1	207104232	207114232	+
ENSG00000189375	17	18634426	18644426	-
ENSG00000173715	11	66744450	66754450	+
ENSG00000126461	19	49642208	49652208	+
ENSG00000111669	12	6867118	6877118	+
ENSG00000158806	8	22024124	22034124	+
ENSG00000112561	6	41726258	41736258	-
ENSG00000120458	11	124790705	124800705	-
ENSG00000250021	15	89902881	89912881	-
ENSG00000112539	6	165299604	165309604	-
ENSG00000158815	8	22042397	22052397	+
ENSG00000119906	10	100912962	100922962	+
ENSG00000242498	15	89902951	89912951	-
ENSG00000171931	17	18744025	18754025	+
ENSG00000154175	3	100983514	100993514	-
ENSG00000000971	1	196652042	196662042	+
ENSG00000100577	14	77320995	77330995	+
ENSG00000204386	6	31852904	31862904	-
ENSG00000288646	6	53065601	53075601	+
ENSG00000055950	10	100977514	100987514	-
ENSG00000100580	14	77367093	77377093	-
ENSG00000049540	7	74027788	74037788	+
ENSG00000100583	14	77376688	77386688	+
ENSG00000184347	5	169291138	169301138	-
ENSG00000171928	17	18781110	18791110	+
ENSG00000183828	14	105171322	105181322	-
ENSG00000103226	16	16232505	16242505	+
ENSG00000174996	11	66257293	66267293	+
ENSG00000152422	5	83077497	83087497	+
ENSG00000118200	1	200739557	200749557	+
ENSG00000239697	17	7549057	7559057	+
ENSG00000106683	7	74082932	74092932	+
ENSG00000065534	3	123874331	123884331	-
ENSG00000248871	17	7549098	7559098	+
ENSG00000095539	10	100969517	100979517	+
ENSG00000175274	11	44941305	44951305	-
ENSG00000105819	7	103297434	103307434	+
ENSG00000065371	3	123982177	123992177	-
ENSG00000107815	10	100987366	100997366	+
ENSG00000064199	11	124673843	124683843	+
ENSG00000132842	5	78284697	78294697	-
ENSG00000161956	17	7561918	7571918	+
ENSG00000075785	3	128693668	128703668	+
ENSG00000023228	2	206149508	206159508	-
ENSG00000107816	10	100996617	101006617	+
ENSG00000143228	1	163266575	163276575	+
ENSG00000161057	7	103328569	103338569	+
ENSG00000129226	17	7579490	7589490	+
ENSG00000185024	14	105305588	105315588	-
ENSG00000186862	10	101022294	101032294	-
ENSG00000130714	9	131502788	131512788	+
ENSG00000126456	19	49655874	49665874	-
ENSG00000135316	6	85634062	85644062	-
ENSG00000107819	10	101031233	101041233	+
ENSG00000107821	10	101061988	101071988	+
ENSG00000174514	1	205568884	205578884	+
ENSG00000119922	10	89283693	89293693	+
ENSG00000143178	1	168280876	168290876	+
ENSG00000224420	19	49688663	49698663	+
ENSG00000165643	9	135694497	135704497	-
ENSG00000204592	6	30489508	30499508	+
ENSG00000158856	8	22048994	22058994	+
ENSG00000151092	3	25780038	25790038	-
ENSG00000162409	1	56645313	56655313	+
ENSG00000183092	14	100577412	100587412	-
ENSG00000204576	6	30557279	30567279	+
ENSG00000005469	7	87345663	87355663	+
ENSG00000116833	1	200027613	200037613	+
ENSG00000151093	3	25782916	25792916	+
ENSG00000196557	16	1153105	1163105	+
ENSG00000158863	8	22089149	22099149	+
ENSG00000204569	6	30608611	30618611	-
ENSG00000116176	16	1215256	1225256	-
ENSG00000129255	17	7583528	7593528	+
ENSG00000144452	2	215128625	215138625	-
ENSG00000198133	14	67523738	67533738	-
ENSG00000145198	3	184230428	184240428	+
ENSG00000275074	8	22099418	22109418	-
ENSG00000204842	12	111589675	111599675	-
ENSG00000135824	1	182674575	182684575	-
ENSG00000129194	17	7580093	7590093	-
ENSG00000204568	6	30617839	30627839	+
ENSG00000165807	14	64549919	64559919	+
ENSG00000197253	16	1220183	1230183	-
ENSG00000114933	2	206076302	206086302	-
ENSG00000000457	1	169884266	169894266	-
ENSG00000113231	5	77210448	77220448	+
ENSG00000129245	17	7604896	7614896	-
ENSG00000214160	3	184239547	184249547	-
ENSG00000286185	1	149390622	149400622	+
ENSG00000005471	7	87470434	87480434	-
ENSG00000169169	19	49690897	49700897	+
ENSG00000126822	14	64704101	64714101	+
ENSG00000118246	2	206765356	206775356	+
ENSG00000143507	1	221732088	221742088	-
ENSG00000168453	8	22123383	22133383	-
ENSG00000112977	5	10751233	10761233	-
ENSG00000284753	3	184249671	184259671	+
ENSG00000172236	16	1240378	1250378	+
ENSG00000288677	8	22120707	22130707	-
ENSG00000139163	12	22625074	22635074	+
ENSG00000198483	1	145875865	145885865	-
ENSG00000284934	12	122217533	122227533	-
ENSG00000095917	16	1256058	1266058	+
ENSG00000126467	19	49753305	49763305	-
ENSG00000167625	19	42220311	42230311	+
ENSG00000284917	3	184249694	184259694	+
ENSG00000163888	3	184251552	184261552	-
ENSG00000105722	19	42245127	42255127	-
ENSG00000095787	10	28532492	28542492	+
ENSG00000070182	14	64869906	64879906	-
ENSG00000167619	19	42313308	42323308	+
ENSG00000079246	2	216107463	216117463	+
ENSG00000171951	2	223592360	223602360	-
ENSG00000095739	10	28677509	28687509	+
ENSG00000137343	6	30626841	30636841	+
ENSG00000168476	8	22131950	22141950	-
ENSG00000249437	5	71015338	71025338	-
ENSG00000171794	10	133230216	133240216	+
ENSG00000143367	1	151540304	151550304	+
ENSG00000151650	10	133237854	133247854	+
ENSG00000145494	5	1801406	1811406	+
ENSG00000085563	7	87703322	87713322	-
ENSG00000168481	8	22147083	22157083	-
ENSG00000113263	5	157142932	157152932	+
ENSG00000153208	2	111898606	111908606	+
ENSG00000151651	10	133266867	133276867	-
ENSG00000008382	19	4343526	4353526	+
ENSG00000204564	6	30647038	30657038	+
ENSG00000175166	3	184299197	184309197	+
ENSG00000166833	11	19350723	19360723	+
ENSG00000196262	7	44796679	44806679	+
ENSG00000198546	10	133308913	133318913	+
ENSG00000283496	10	133309409	133319409	+
ENSG00000009830	14	77310882	77320882	-
ENSG00000198914	2	104853286	104863286	+
ENSG00000130643	10	133326934	133336934	-
ENSG00000103275	16	1308879	1318879	+
ENSG00000165828	10	133347367	133357367	+
ENSG00000105968	7	44838086	44848086	-
ENSG00000148803	10	133348024	133358024	-
ENSG00000115165	2	157478960	157488960	-
ENSG00000129214	17	7613945	7623945	+
ENSG00000141985	19	4390546	4400546	-
ENSG00000204560	6	30663005	30673005	-
ENSG00000146676	7	44875529	44885529	-
ENSG00000198677	5	95544976	95554976	-
ENSG00000127884	10	133363353	133373353	-
ENSG00000141504	17	7617875	7627875	-
ENSG00000197959	1	171841497	171851497	+
ENSG00000167670	19	4402639	4412639	+
ENSG00000135373	11	34621092	34631092	+
ENSG00000148832	10	133379260	133389260	+
ENSG00000286264	11	64241094	64251094	+
ENSG00000129244	17	7646626	7656626	+
ENSG00000184394	14	20138819	20148819	+
ENSG00000048162	5	176378926	176388926	-
ENSG00000108947	17	7705201	7715201	+
ENSG00000110031	11	58568219	58578219	-
ENSG00000133063	1	203263640	203273640	-
ENSG00000225830	10	49529537	49539537	-
ENSG00000177098	11	118142887	118152887	-
ENSG00000145912	5	178143893	178153893	-
ENSG00000167671	19	4447793	4457793	-
ENSG00000180999	1	172420684	172430684	+
ENSG00000132911	5	152423367	152433367	-
ENSG00000166741	11	114257786	114267786	+
ENSG00000203784	1	153203429	153213429	+
ENSG00000136560	2	161136907	161146907	+
ENSG00000164256	5	23443585	23453585	+
ENSG00000204574	6	30571392	30581392	+
ENSG00000183914	17	7717353	7727353	+
ENSG00000157064	1	183408379	183418379	-
ENSG00000155636	2	178112423	178122423	+
ENSG00000262628	17	3053606	3063606	-
ENSG00000167674	19	4472296	4482296	+
ENSG00000167676	19	4508464	4518464	-
ENSG00000107147	9	135702184	135712184	+
ENSG00000109084	17	28319199	28329199	+
ENSG00000069018	5	136355544	136365544	-
ENSG00000142208	14	104785750	104795750	-
ENSG00000214456	19	4525223	4535223	-
ENSG00000203666	1	244969704	244979704	+
ENSG00000171236	19	4530035	4540035	-
ENSG00000129083	11	14490026	14500026	-
ENSG00000243414	5	115592478	115602478	-
ENSG00000185361	19	4639515	4649515	+
ENSG00000168487	8	22165139	22175139	+
ENSG00000204525	6	31262129	31272129	-
ENSG00000205572	5	70025246	70035246	+
ENSG00000070748	10	49609094	49619094	+
ENSG00000221977	14	21653834	21663834	+
ENSG00000269526	19	53013920	53023920	+
ENSG00000187714	10	49610309	49620309	+
ENSG00000268964	19	53044739	53054739	+
ENSG00000136279	7	44044639	44054639	+
ENSG00000059588	1	234469178	234479178	-
ENSG00000184887	14	105248532	105258532	+
ENSG00000178645	10	49679650	49689650	+
ENSG00000176198	14	20239285	20249285	+
ENSG00000109079	17	28335601	28345601	+
ENSG00000168490	8	22222100	22232100	-
ENSG00000051596	5	176024679	176034679	-
ENSG00000164708	7	44055566	44065566	-
ENSG00000169629	2	112424487	112434487	-
ENSG00000198513	14	50532508	50542508	+
ENSG00000004142	17	28347526	28357526	-
ENSG00000148925	11	13453296	13463296	-
ENSG00000265972	1	145986578	145996578	-
ENSG00000198105	10	37848105	37858105	-
ENSG00000183207	19	48993561	49003561	+
ENSG00000188747	9	137423349	137433349	+
ENSG00000143162	1	167543804	167553804	-
ENSG00000244045	17	28357641	28367641	+
ENSG00000104826	19	49007090	49017090	-
ENSG00000268655	19	49010522	49020522	-
ENSG00000267335	19	49026894	49036894	-
ENSG00000060749	11	32892810	32902810	+
ENSG00000274529	17	28355243	28365243	-
ENSG00000273171	17	28358011	28368011	-
ENSG00000189052	19	49043847	49053847	+
ENSG00000187109	12	76074734	76084734	-
ENSG00000225950	19	49055053	49065053	-
ENSG00000137073	9	34039387	34049387	-
ENSG00000182718	15	60392882	60402882	-
ENSG00000167286	11	118332704	118342704	-
ENSG00000168495	8	22245132	22255132	+
ENSG00000109072	17	28363090	28373090	-
ENSG00000122678	7	44072529	44082529	-
ENSG00000159166	1	201389914	201399914	-
ENSG00000064989	2	187438459	187448459	-
ENSG00000266412	10	46020622	46030622	-
ENSG00000136371	15	79887378	79897378	-
ENSG00000104852	19	49085418	49095418	+
ENSG00000165606	10	49386088	49396088	-
ENSG00000082269	6	70412940	70422940	+
ENSG00000135074	5	157565774	157575774	-
ENSG00000117153	1	202918635	202928635	-
ENSG00000259332	15	79913753	79923753	-
ENSG00000165983	10	16436942	16446942	+
ENSG00000010438	9	33750678	33760678	+
ENSG00000180953	15	79913701	79923701	-
ENSG00000078237	12	4307762	4317762	+
ENSG00000104863	19	49114323	49124323	+
ENSG00000118972	12	4369711	4379711	-
ENSG00000221916	19	49109142	49119142	-
ENSG00000100473	14	30874513	30884513	+
ENSG00000213799	19	53333748	53343748	+
ENSG00000096746	10	68331173	68341173	+
ENSG00000203326	19	53365692	53375692	+
ENSG00000118971	12	4269770	4279770	+
ENSG00000172348	6	46481971	46491971	-
ENSG00000165312	10	23439074	23449074	+
ENSG00000135414	12	55743121	55753121	+
ENSG00000253626	10	79512532	79522532	+
ENSG00000188816	10	123148135	123158135	+
ENSG00000122224	1	160796073	160806073	+
ENSG00000196417	19	53389792	53399792	+
ENSG00000106636	7	44200958	44210958	+
ENSG00000115252	2	182513191	182523191	-
ENSG00000113558	5	134166963	134176963	-
ENSG00000131779	1	145908716	145918716	-
ENSG00000198346	19	53467732	53477732	+
ENSG00000148339	9	128068200	128078200	+
ENSG00000127951	7	77189847	77199847	-
ENSG00000204595	19	53632055	53642055	+
ENSG00000205323	12	55807723	55817723	-
ENSG00000197181	8	22275315	22285315	+
ENSG00000196792	14	31016400	31026400	-
ENSG00000149782	11	64251529	64261529	+
ENSG00000146535	7	2834307	2844307	-
ENSG00000257390	12	55817545	55827545	-
ENSG00000227345	10	49960202	49970202	-
ENSG00000177283	10	35632295	35642295	-
ENSG00000164920	8	98944402	98954402	+
ENSG00000123353	12	55818040	55828040	+
ENSG00000137094	9	34989640	34999640	+
ENSG00000007516	16	1333637	1343637	+
ENSG00000162782	1	179591612	179601612	+
ENSG00000065413	2	197301172	197311172	-
ENSG00000162704	1	183625782	183635782	-
ENSG00000130270	19	1802275	1812275	-
ENSG00000143653	1	246724408	246734408	+
ENSG00000007520	16	1341877	1351877	-
ENSG00000162999	2	183078558	183088558	+
ENSG00000144460	2	225399709	225409709	+
ENSG00000164919	8	99883706	99893706	-
ENSG00000151923	10	119587028	119597028	-
ENSG00000177239	9	137086856	137096856	+
ENSG00000123342	12	55832965	55842965	-
ENSG00000184611	2	162828766	162838766	-
ENSG00000165449	10	59726001	59736001	-
ENSG00000136834	9	122467925	122477925	-
ENSG00000197233	9	122510801	122520801	+
ENSG00000239590	9	122519140	122529140	+
ENSG00000171505	9	122517295	122527295	-
ENSG00000133393	16	15878624	15888624	-
ENSG00000171501	9	122553111	122563111	+
ENSG00000171496	9	122573383	122583383	-
ENSG00000165202	9	122614737	122624737	+
ENSG00000280094	9	122619572	122629572	-
ENSG00000173679	9	122661565	122671565	+
ENSG00000079313	19	1838482	1848482	-
ENSG00000145868	5	148383934	148393934	+
ENSG00000135837	1	179954772	179964772	+
ENSG00000086666	15	80059567	80069567	+
ENSG00000197879	17	1482685	1492685	-
ENSG00000074266	11	86244752	86254752	+
ENSG00000180035	16	30378105	30388105	+
ENSG00000129911	19	1853578	1863578	-
ENSG00000092148	14	31197803	31207803	-
ENSG00000179965	16	30407413	30417413	+
ENSG00000179918	16	30435873	30445873	-
ENSG00000117595	1	209796174	209806174	-
ENSG00000183137	6	109095109	109105109	+
ENSG00000169957	16	30516820	30526820	-
ENSG00000140379	15	79961195	79971195	-
ENSG00000129968	19	1875495	1885495	-
ENSG00000215218	5	6448858	6458858	+
ENSG00000169955	16	30525346	30535346	-
ENSG00000149196	11	86302210	86312210	+
ENSG00000176623	8	86504356	86514356	-
ENSG00000158711	1	205622010	205632010	-
ENSG00000169951	16	30548373	30558373	-
ENSG00000086730	7	74199651	74209651	+
ENSG00000197162	16	30575768	30585768	-
ENSG00000163444	1	203007373	203017373	+
ENSG00000156853	16	30614011	30624011	-
ENSG00000082153	2	200810593	200820593	+
ENSG00000132376	17	1506741	1516741	-
ENSG00000162851	1	246556260	246566260	-
ENSG00000124786	6	8425560	8435560	-
ENSG00000143353	1	219173868	219183868	+
ENSG00000037474	5	6623290	6633290	-
ENSG00000149201	11	86374735	86384735	+
ENSG00000227500	19	1905371	1915371	+
ENSG00000090487	15	64980309	64990309	-
ENSG00000213638	19	1905398	1915398	+
ENSG00000187699	2	189879608	189889608	+
ENSG00000085719	8	86514434	86524434	+
ENSG00000145545	5	6633426	6643426	+
ENSG00000156858	16	30650716	30660716	+
ENSG00000103707	15	65019638	65029638	-
ENSG00000065809	10	14764896	14774896	-
ENSG00000186198	15	65045386	65055386	+
ENSG00000115233	2	161308424	161318424	+
ENSG00000156860	16	30658430	30668430	+
ENSG00000133275	19	1941171	1951171	+
ENSG00000049541	7	74244457	74254457	-
ENSG00000197965	1	167721191	167731191	+
ENSG00000047936	6	117415941	117425941	-
ENSG00000103710	15	65066689	65076689	-
ENSG00000214736	6	41787661	41797661	+
ENSG00000065357	12	55927318	55937318	+
ENSG00000107099	9	214853	224853	+
ENSG00000268480	19	8630634	8640634	+
ENSG00000197935	6	28995315	29005315	-
ENSG00000090470	15	65123807	65133807	-
ENSG00000181786	19	8688794	8698794	-
ENSG00000181733	19	8721633	8731633	+
ENSG00000174238	17	1552791	1562791	-
ENSG00000086848	11	111861580	111871580	-
ENSG00000130147	2	234952016	234962016	+
ENSG00000112941	5	6713431	6723431	+
ENSG00000130332	19	2318610	2328610	-
ENSG00000067064	10	1039118	1049118	-
ENSG00000178297	19	2360237	2370237	+
ENSG00000166855	15	65175341	65185341	-
ENSG00000170289	8	86733674	86743674	-
ENSG00000156384	10	104122057	104132057	+
ENSG00000099800	19	2417585	2427585	-
ENSG00000258529	11	111869424	111879424	-
ENSG00000106665	7	74289406	74299406	+
ENSG00000107833	10	101773412	101783412	-
ENSG00000255561	11	111871242	111881242	-
ENSG00000138615	15	65201472	65211472	-
ENSG00000074660	17	1635743	1645743	-
ENSG00000176619	19	2446958	2456958	-
ENSG00000254585	15	23637866	23647866	-
ENSG00000182636	15	23677304	23687304	-
ENSG00000188725	5	61152467	61162467	-
ENSG00000137720	11	111878934	111888934	+
ENSG00000099860	19	2476121	2486121	+
ENSG00000137819	15	69298911	69308911	+
ENSG00000005844	16	30472657	30482657	+
ENSG00000169567	5	131214467	131224467	-
ENSG00000198286	7	3033866	3043866	-
ENSG00000142409	19	56111294	56121294	-
ENSG00000143493	1	212025556	212035556	-
ENSG00000167705	17	1639865	1649865	-
ENSG00000184574	12	6625959	6635959	-
ENSG00000186687	5	131170943	131180943	+
ENSG00000122641	7	41695833	41705833	-
ENSG00000167685	19	56132598	56142598	+
ENSG00000168484	8	22156912	22166912	+
ENSG00000133317	11	63506051	63516051	+
ENSG00000182150	9	95871263	95881263	+
ENSG00000137818	15	69452813	69462813	+
ENSG00000197487	19	56176007	56186007	+
ENSG00000174429	8	106760243	106770243	-
ENSG00000197213	19	56187919	56197919	-
ENSG00000133321	11	63536807	63546807	+
ENSG00000070770	16	58188105	58198105	-
ENSG00000133328	11	63553378	63563378	-
ENSG00000104290	8	28494204	28504204	+
ENSG00000184743	11	63661920	63671920	-
ENSG00000198408	10	101808464	101818464	-
ENSG00000103021	16	58231156	58241156	+
ENSG00000106123	7	142855060	142865060	+
ENSG00000111644	12	6637432	6647432	-
ENSG00000179397	1	244454376	244464376	+
ENSG00000114867	3	184314494	184324494	+
ENSG00000107249	9	4338391	4348391	-
ENSG00000103023	16	58285046	58295046	-
ENSG00000012232	8	28600468	28610468	+
ENSG00000117592	1	173477329	173487329	+
ENSG00000179958	16	30420029	30430029	-
ENSG00000144290	2	161424331	161434331	+
ENSG00000169247	5	149053162	149063162	-
ENSG00000214967	16	16379054	16389054	+
ENSG00000175787	9	94259297	94269297	+
ENSG00000133318	11	63681445	63691445	+
ENSG00000168582	2	208153588	208163588	-
ENSG00000174231	17	1674866	1684866	-
ENSG00000188070	11	63758774	63768774	-
ENSG00000152904	1	235327349	235337349	+
ENSG00000103222	16	15949137	15959137	+
ENSG00000130950	9	94318643	94328643	-
ENSG00000165125	7	142875744	142885744	-
ENSG00000185561	17	1700376	1710376	-
ENSG00000102924	16	49271837	49281837	-
ENSG00000168005	11	63813455	63823455	+
ENSG00000099797	19	14517084	14527084	+
ENSG00000148110	9	94374568	94384568	+
ENSG00000186197	1	236348256	236358256	+
ENSG00000145863	5	161547062	161557062	+
ENSG00000111653	12	6653141	6663141	-
ENSG00000175182	3	184335925	184345925	+
ENSG00000164185	5	122129545	122139545	+
ENSG00000099795	19	14562065	14572065	-
ENSG00000250803	5	122129621	122139621	+
ENSG00000130957	9	94583823	94593823	-
ENSG00000072110	14	68969439	68979439	-
ENSG00000094963	1	171185248	171195248	+
ENSG00000104299	8	28880241	28890241	-
ENSG00000166152	16	49373803	49383803	+
ENSG00000165140	9	94630248	94640248	-
ENSG00000127412	7	142923745	142933745	-
ENSG00000162670	1	190468403	190478403	-
ENSG00000106780	9	120704469	120714469	-
ENSG00000166788	11	18096086	18106086	-
ENSG00000167711	17	1742835	1752835	+
ENSG00000159335	12	6765515	6775515	+
ENSG00000119402	9	120783415	120793415	-
ENSG00000120049	10	101833919	101843919	-
ENSG00000102935	16	49847918	49857918	-
ENSG00000197993	7	142952362	142962362	-
ENSG00000179817	11	18172836	18182836	+
ENSG00000170426	12	56924407	56934407	-
ENSG00000166856	12	56994491	57004491	+
ENSG00000166860	12	56996545	57006545	-
ENSG00000148965	11	18226801	18236801	-
ENSG00000132386	17	1762028	1772028	+
ENSG00000159763	7	143132076	143142076	+
ENSG00000165131	7	142939342	142949342	+
ENSG00000255071	11	18238634	18248634	-
ENSG00000114859	3	184351649	184361649	-
ENSG00000105429	19	42325608	42335608	+
ENSG00000159176	1	201499455	201509455	-
ENSG00000105427	19	42380296	42390296	-
ENSG00000186532	17	1820633	1830633	-
ENSG00000100478	14	31025105	31035105	+
ENSG00000152894	6	128510615	128520615	-
ENSG00000162761	1	165346714	165356714	-
ENSG00000164675	7	123525076	123535076	-
ENSG00000079435	19	42417387	42427387	-
ENSG00000137807	15	69414245	69424245	+
ENSG00000134339	11	18238667	18248667	-
ENSG00000185070	14	85530143	85540143	+
ENSG00000189377	19	42432945	42442945	-
ENSG00000171798	10	133160218	133170218	+
ENSG00000132383	17	1829701	1839701	+
ENSG00000173432	11	18266259	18276259	+
ENSG00000149133	11	55984624	55994624	-
ENSG00000109339	4	86584624	86594624	-
ENSG00000176473	14	100376417	100386417	+
ENSG00000064692	5	122311353	122321353	+
ENSG00000163882	3	184361717	184371717	+
ENSG00000181761	11	56122372	56132372	+
ENSG00000181752	11	56150316	56160316	-
ENSG00000166863	12	57018882	57028882	-
ENSG00000143199	1	167904214	167914214	-
ENSG00000174957	11	56176617	56186617	+
ENSG00000107831	10	101770370	101780370	-
ENSG00000112559	6	41636881	41646881	+
ENSG00000186886	11	55723775	55733775	+
ENSG00000125398	17	72121019	72131019	+
ENSG00000128609	7	123547903	123557903	-
ENSG00000180475	11	58218917	58228917	-
ENSG00000172457	11	56738696	56748696	-
ENSG00000104365	8	42271301	42281301	+
ENSG00000121281	16	50246136	50256136	+
ENSG00000172489	11	56252253	56262253	+
ENSG00000117479	1	169475943	169485943	-
ENSG00000119392	9	128504654	128514654	+
ENSG00000096006	6	49734436	49744436	-
ENSG00000128833	15	52285803	52295803	-
ENSG00000179930	1	182051711	182061711	-
ENSG00000176200	11	59503575	59513575	+
ENSG00000172362	11	58432757	58442757	-
ENSG00000146809	7	123567009	123577009	+
ENSG00000172199	11	56375623	56385623	+
ENSG00000079385	19	42551233	42561233	-
ENSG00000279961	11	56408231	56418231	-
ENSG00000284732	11	56463351	56473351	-
ENSG00000150269	11	56453400	56463400	-
ENSG00000170807	7	123655865	123665865	+
ENSG00000151892	10	116266802	116276802	-
ENSG00000176742	11	5190681	5200681	-
ENSG00000185294	17	45844880	45854880	+
ENSG00000256762	17	45999249	46009249	+
ENSG00000106299	7	123739002	123749002	-
ENSG00000121274	16	50152910	50162910	+
ENSG00000173269	10	86959480	86969480	-
ENSG00000128989	15	52559882	52569882	-
ENSG00000185522	11	550737	560737	-
ENSG00000124469	19	42585054	42595054	-
ENSG00000106302	7	123828982	123838982	+
ENSG00000007908	1	169754704	169764704	-
ENSG00000173267	10	86958598	86968598	+
ENSG00000106333	7	100602362	100612362	+
ENSG00000132002	19	14550390	14560390	-
ENSG00000120254	6	150865678	150875678	+
ENSG00000148671	10	86968431	86978431	+
ENSG00000092978	1	217621089	217631089	-
ENSG00000090060	14	96501432	96511432	+
ENSG00000166866	12	57041197	57051197	-
ENSG00000099849	11	560403	570403	+
ENSG00000096080	6	43677790	43687790	-
ENSG00000188100	10	87020293	87030293	+
ENSG00000090539	3	184380072	184390072	+
ENSG00000113073	5	140360193	140370193	+
ENSG00000122376	10	87094160	87104160	+
ENSG00000106330	7	100612101	100622101	+
ENSG00000076826	19	7595862	7605862	+
ENSG00000197535	15	52519049	52529049	-
ENSG00000166881	12	57078062	57088062	-
ENSG00000179776	16	66366621	66376621	+
ENSG00000166546	16	66427294	66437294	+
ENSG00000166886	12	57089042	57099042	+
ENSG00000076924	19	7619544	7629544	-
ENSG00000143499	1	214281101	214291101	+
ENSG00000229833	19	7629792	7639792	+
ENSG00000106327	7	100632778	100642778	-
ENSG00000131871	15	101267499	101277499	-
ENSG00000174788	19	7623718	7633718	-
ENSG00000163518	1	157588084	157598084	-
ENSG00000217555	16	66552562	66562562	+
ENSG00000099246	10	27504173	27514173	+
ENSG00000254788	16	66552586	66562586	+
ENSG00000185760	6	72621791	72631791	+
ENSG00000077080	7	100646447	100656447	-
ENSG00000188404	1	169701701	169711701	-
ENSG00000140932	16	66579447	66589447	+
ENSG00000131876	15	101285281	101295281	-
ENSG00000197177	10	133087923	133097923	+
ENSG00000143196	1	168719205	168729205	-
ENSG00000008226	3	38039204	38049204	+
ENSG00000112146	6	53051990	53061990	+
ENSG00000213760	6	31538426	31548426	-
ENSG00000131503	5	140401813	140411813	+
ENSG00000234438	15	65076745	65086745	+
ENSG00000185920	9	95507056	95517056	-
ENSG00000070047	11	576469	586469	+
ENSG00000131873	15	101242047	101252047	-
ENSG00000119927	10	112205376	112215376	-
ENSG00000203697	1	223655722	223665722	-
ENSG00000119913	10	112283399	112293399	+
ENSG00000116574	1	228735478	228745478	+
ENSG00000121067	17	49668162	49678162	-
ENSG00000164830	8	106270143	106280143	+
ENSG00000140931	16	66603873	66613873	+
ENSG00000186283	1	179082069	179092069	+
ENSG00000133961	14	73448616	73458616	-
ENSG00000184277	15	101642390	101652390	-
ENSG00000183723	16	66686742	66696742	-
ENSG00000185507	11	605982	615982	-
ENSG00000254996	5	140401907	140411907	+
ENSG00000172354	7	100673566	100683566	+
ENSG00000159346	1	202948571	202958571	-
ENSG00000243056	5	140547661	140557661	+
ENSG00000021826	2	210477681	210487681	+
ENSG00000204420	6	31718593	31728593	+
ENSG00000076944	19	7636880	7646880	+
ENSG00000170458	5	140623700	140633700	-
ENSG00000172336	7	100706120	100716120	+
ENSG00000258289	14	64914360	64924360	+
ENSG00000165006	9	34179004	34189004	+
ENSG00000130427	7	100720467	100730467	+
ENSG00000131495	5	140637770	140647770	-
ENSG00000164978	9	34329505	34339505	+
ENSG00000164976	9	34366897	34376897	-
ENSG00000104918	19	7669048	7679048	+
ENSG00000185418	15	101714472	101724472	-
ENSG00000164972	9	34387809	34397809	-
ENSG00000154188	8	107488054	107498054	-
ENSG00000060971	3	38127241	38137241	-
ENSG00000121073	17	49699013	49709013	-
ENSG00000186638	9	34319267	34329267	-
ENSG00000183019	19	7676627	7686627	+
ENSG00000148516	10	31318494	31328494	+
ENSG00000269711	19	7678500	7688500	+
ENSG00000092208	14	39114284	39124284	+
ENSG00000181029	19	7680832	7690832	+
ENSG00000063660	2	240435662	240445662	+
ENSG00000137203	6	10409658	10419658	-
ENSG00000184489	8	141391994	141401994	+
ENSG00000173258	9	111525158	111535158	+
ENSG00000160856	1	157690768	157700768	-
ENSG00000099834	11	616077	626077	-
ENSG00000121481	1	185045525	185055525	+
ENSG00000226807	8	141497229	141507229	-
ENSG00000226490	8	141514637	141524637	+
ENSG00000205683	14	72884100	72894100	-
ENSG00000104921	19	7692145	7702145	-
ENSG00000130640	10	133308822	133318822	-
ENSG00000121104	17	49779179	49789179	-
ENSG00000070031	11	617180	627180	-
ENSG00000170786	8	56310775	56320775	-
ENSG00000069696	11	637268	647268	+
ENSG00000176281	14	19920606	19930606	+
ENSG00000257115	14	18601116	18611116	+
ENSG00000146839	7	100733594	100743594	+
ENSG00000135916	2	230864638	230874638	+
ENSG00000106853	9	111589892	111599892	-
ENSG00000113141	5	140647057	140657057	+
ENSG00000183020	11	924893	934893	+
ENSG00000142459	19	7830232	7840232	+
ENSG00000140043	14	73851830	73861830	+
ENSG00000256453	5	140663575	140673575	-
ENSG00000183248	19	7864389	7874389	-
ENSG00000175305	8	94886677	94896677	-
ENSG00000059769	9	111631333	111641333	+
ENSG00000112782	6	46070347	46080347	-
ENSG00000196832	14	20190895	20200895	+
ENSG00000151834	4	46465229	46475229	-
ENSG00000244115	9	111631385	111641385	+
ENSG00000288675	11	797510	807510	+
ENSG00000171017	19	7888504	7898504	+
ENSG00000023041	10	112437571	112447571	-
ENSG00000176269	8	157023	167023	-
ENSG00000180053	8	23696755	23706755	-
ENSG00000166888	12	57122138	57132138	-
ENSG00000178860	8	71834411	71844411	-
ENSG00000180190	8	535780	545780	-
ENSG00000242616	9	111661604	111671604	+
ENSG00000066735	14	104138586	104148586	+
ENSG00000112137	6	12716553	12726553	+
ENSG00000148154	9	111896813	111906813	+
ENSG00000147650	8	104579257	104589257	-
ENSG00000197702	11	12377562	12387562	+
ENSG00000172731	10	70372649	70382649	-
ENSG00000164983	8	124362700	124372700	-
ENSG00000181927	11	55635112	55645112	+
ENSG00000181958	11	55367973	55377973	+
ENSG00000148730	10	70404144	70414144	+
ENSG00000182759	8	143420731	143430731	-
ENSG00000196411	7	100817522	100827522	-
ENSG00000100836	14	23321456	23331456	+
ENSG00000156574	10	70437950	70447950	-
ENSG00000076984	19	7903842	7913842	+
ENSG00000182334	11	7820839	7830839	-
ENSG00000136504	17	49788647	49798647	+
ENSG00000182261	11	7955425	7965425	-
ENSG00000198674	11	123985160	123995160	-
ENSG00000014164	8	143531446	143541446	-
ENSG00000236981	11	124023012	124033012	+
ENSG00000111846	6	10492222	10502222	+
ENSG00000104976	19	7920337	7930337	+
ENSG00000162222	11	62728068	62738068	+
ENSG00000178531	19	7916134	7926134	-
ENSG00000165181	9	111785007	111795007	-
ENSG00000185670	11	62744183	62754183	-
ENSG00000108001	10	129963052	129973052	-
ENSG00000159692	4	1239952	1249952	-
ENSG00000237489	10	130100829	130110829	-
ENSG00000198586	2	171221313	171231313	-
ENSG00000137275	6	3063823	3073823	+
ENSG00000168002	11	62761564	62771564	+
ENSG00000104980	19	7933666	7943666	-
ENSG00000225921	6	13615334	13625334	+
ENSG00000108010	10	130136390	130146390	+
ENSG00000027075	14	61187558	61197558	+
ENSG00000107130	9	130172403	130182403	+
ENSG00000146828	7	100826819	100836819	+
ENSG00000182187	2	208136157	208146157	-
ENSG00000140479	15	101515201	101525201	-
ENSG00000176358	17	49838016	49848016	-
ENSG00000104518	8	143553206	143563206	+
ENSG00000115596	2	218859804	218869804	+
ENSG00000010017	6	13701834	13711834	-
ENSG00000276240	14	21663817	21673817	-
ENSG00000162227	11	62771356	62781356	+
ENSG00000114354	3	100709294	100719294	+
ENSG00000168569	11	62782005	62792005	-
ENSG00000112855	5	140691429	140701429	+
ENSG00000118263	2	207157266	207167266	-
ENSG00000108813	17	49968969	49978969	+
ENSG00000185475	11	62787401	62797401	+
ENSG00000130707	9	130444960	130454960	+
ENSG00000130340	6	157700386	157710386	+
ENSG00000064195	17	49985223	49995223	-
ENSG00000165630	10	13586938	13596938	+
ENSG00000128050	4	56435740	56445740	+
ENSG00000282246	10	13610046	13620046	+
ENSG00000177300	4	183310275	183320275	-
ENSG00000204839	8	143562771	143572771	-
ENSG00000146007	5	140698679	140708679	+
ENSG00000100445	14	24432904	24442904	-
ENSG00000182329	2	202073254	202083254	+
ENSG00000087077	7	100867386	100877386	+
ENSG00000005206	19	2328614	2338614	+
ENSG00000114742	3	39052012	39062012	+
ENSG00000165553	14	77261205	77271205	-
ENSG00000258453	14	19704331	19714331	-
ENSG00000197057	4	36281615	36291615	+
ENSG00000148357	9	130265759	130275759	+
ENSG00000204970	5	140786135	140796135	+
ENSG00000137462	4	153684069	153694069	+
ENSG00000204969	5	140794851	140804851	+
ENSG00000241186	3	46574533	46584533	+
ENSG00000255408	5	140801027	140811027	+
ENSG00000196268	19	21397118	21407118	+
ENSG00000139915	14	47665604	47675604	-
ENSG00000204967	5	140806928	140816928	+
ENSG00000165626	10	13518973	13528973	-
ENSG00000162231	11	62796301	62806301	-
ENSG00000204965	5	140821603	140831603	+
ENSG00000069974	15	55309112	55319112	-
ENSG00000169488	14	19975590	19985590	+
ENSG00000225973	15	55309160	55319160	-
ENSG00000122085	2	241092331	241102331	-
ENSG00000283268	11	62822802	62832802	-
ENSG00000148120	9	94726698	94736698	+
ENSG00000135898	2	230951065	230961065	-
ENSG00000081842	5	140827957	140837957	+
ENSG00000069943	15	55318959	55328959	+
ENSG00000204963	5	140834247	140844247	+
ENSG00000204962	5	140841186	140851186	+
ENSG00000204961	5	140847771	140857771	+
ENSG00000147813	8	143568648	143578648	-
ENSG00000078269	6	157981862	157991862	+
ENSG00000117139	1	202798486	202808486	-
ENSG00000178038	3	46683703	46693703	-
ENSG00000061273	12	47823131	47833131	-
ENSG00000136883	9	114089291	114099291	-
ENSG00000250120	5	140855882	140865882	+
ENSG00000175764	9	122083605	122093605	-
ENSG00000112818	6	46793388	46803388	+
ENSG00000170777	9	6328374	6338374	+
ENSG00000249158	5	140868182	140878182	+
ENSG00000163104	4	94207610	94217610	+
ENSG00000197142	10	112374115	112384115	+
ENSG00000136870	9	101398850	101408850	+
ENSG00000137876	15	55187048	55197048	-
ENSG00000090659	19	7737563	7747563	-
ENSG00000251664	5	140875301	140885301	+
ENSG00000141577	17	81212998	81222998	-
ENSG00000181585	3	46694527	46704527	+
ENSG00000143248	1	163311790	163321790	-
ENSG00000206549	3	46802573	46812573	-
ENSG00000224877	17	81239304	81249304	+
ENSG00000283706	3	46707868	46717868	-
ENSG00000152782	10	89635417	89645417	-
ENSG00000239389	5	140882123	140892123	+
ENSG00000188086	3	46740890	46750890	-
ENSG00000169026	4	679270	689270	-
ENSG00000187446	15	41230838	41240838	+
ENSG00000160408	9	127895407	127905407	-
ENSG00000104883	19	7487448	7497448	-
ENSG00000087087	7	100875102	100885102	+
ENSG00000196950	2	195575976	195585976	+
ENSG00000171481	9	122675129	122685129	+
ENSG00000243232	5	140966469	140976469	+
ENSG00000171815	5	141051373	141061373	+
ENSG00000189357	9	81928427	81938427	+
ENSG00000198723	19	7492975	7502975	+
ENSG00000164438	5	171309247	171319247	+
ENSG00000285920	15	41284006	41294006	+
ENSG00000267952	19	7507051	7517051	+
ENSG00000198816	19	7515291	7525291	+
ENSG00000157637	17	81285546	81295546	-
ENSG00000229314	9	114323097	114333097	+
ENSG00000176125	7	100879714	100889714	-
ENSG00000104147	15	41322590	41332590	-
ENSG00000160808	3	46872171	46882171	-
ENSG00000198099	4	99147791	99157791	-
ENSG00000132704	1	157767131	157777131	-
ENSG00000111424	12	47933047	47943047	-
ENSG00000274349	9	66856425	66866425	+
ENSG00000156427	5	171419646	171429646	+
ENSG00000288639	5	171420015	171430015	+
ENSG00000186788	9	81943499	81953499	+
ENSG00000168269	5	170105896	170115896	+
ENSG00000162814	1	217631323	217641323	+
ENSG00000090674	19	7522623	7532623	+
ENSG00000114942	2	206159584	206169584	+
ENSG00000234511	5	170232446	170242446	+
ENSG00000135063	9	69324566	69334566	+
ENSG00000145936	5	170379633	170389633	-
ENSG00000165731	10	43077063	43087063	+
ENSG00000146830	7	100684249	100694249	-
ENSG00000169826	10	43138444	43148444	+
ENSG00000185504	17	81543960	81553960	-
ENSG00000186645	7	77022360	77032360	-
ENSG00000178397	7	6338980	6348980	-
ENSG00000112062	6	36027676	36037676	+
ENSG00000286075	7	6338757	6348757	-
ENSG00000134291	12	47963568	47973568	+
ENSG00000149243	11	75423202	75433202	-
ENSG00000198915	10	43257064	43267064	-
ENSG00000043462	5	170287814	170297814	-
ENSG00000163435	1	202007944	202017944	+
ENSG00000137804	15	41320793	41330793	+
ENSG00000136238	7	6374526	6384526	+
ENSG00000240505	17	16962117	16972117	-
ENSG00000166793	11	57639943	57649943	-
ENSG00000179598	17	17196332	17206332	-
ENSG00000137806	15	41399402	41409402	-
ENSG00000160801	3	46877720	46887720	+
ENSG00000116132	1	170662727	170672727	+
ENSG00000156711	6	36127808	36137808	+
ENSG00000156599	11	57667746	57677746	+
ENSG00000168743	4	105894774	105904774	+
ENSG00000137815	15	41408407	41418407	+
ENSG00000154803	17	17227187	17237187	-
ENSG00000137825	15	41493392	41503392	+
ENSG00000156603	11	57702322	57712322	-
ENSG00000125630	2	112541914	112551914	+
ENSG00000164535	7	6474189	6484189	-
ENSG00000116679	1	185307272	185317272	-
ENSG00000136240	7	6474189	6484189	-
ENSG00000168505	2	236158385	236168385	-
ENSG00000170445	5	140681536	140691536	-
ENSG00000139219	12	47994553	48004553	-
ENSG00000062524	15	41503886	41513886	-
ENSG00000160796	3	46979665	46989665	+
ENSG00000096070	6	36196743	36206743	+
ENSG00000162706	1	159171608	159181608	+
ENSG00000215045	7	6541435	6551435	-
ENSG00000160613	11	117222524	117232524	-
ENSG00000003436	2	187555759	187565759	-
ENSG00000185129	5	140107776	140117776	+
ENSG00000182700	5	140125936	140135936	+
ENSG00000189325	6	36326887	36336887	-
ENSG00000183840	2	132416804	132426804	+
ENSG00000021852	1	56956139	56966139	-
ENSG00000141030	17	17271272	17281272	-
ENSG00000120306	5	140175155	140185155	+
ENSG00000032444	19	7534003	7544003	+
ENSG00000176720	2	241551423	241561423	+
ENSG00000166349	11	36510708	36520708	+
ENSG00000175097	11	36588278	36598278	-
ENSG00000113068	5	140293112	140303112	-
ENSG00000114739	3	38453889	38463889	+
ENSG00000147996	9	65668804	65678804	+
ENSG00000103932	15	41534268	41544268	-
ENSG00000204186	2	206274662	206284662	+
ENSG00000113070	5	140336602	140346602	-
ENSG00000182566	19	7723905	7733905	-
ENSG00000205309	17	17303334	17313334	+
ENSG00000163599	2	203867770	203877770	+
ENSG00000141026	17	17476993	17486993	+
ENSG00000010030	6	36377799	36387799	-
ENSG00000079387	12	48096078	48106078	-
ENSG00000108551	17	17486394	17496394	-
ENSG00000104938	19	7763209	7773209	+
ENSG00000153037	5	112861187	112871187	+
ENSG00000175581	11	73787871	73797871	+
ENSG00000136710	2	130332698	130342698	-
ENSG00000157036	3	38496126	38506126	+
ENSG00000092445	15	41557674	41567674	+
ENSG00000259207	17	47253826	47263826	+
ENSG00000086598	12	123584532	123594532	+
ENSG00000181924	11	73866900	73876900	-
ENSG00000152092	1	177154972	177164972	-
ENSG00000188603	16	28485574	28495574	-
ENSG00000169926	15	31326834	31336834	+
ENSG00000129625	5	112912288	112922288	-
ENSG00000131469	17	42998272	43008272	+
ENSG00000118492	6	146598966	146608966	+
ENSG00000104529	8	143589540	143599540	-
ENSG00000277399	17	38333955	38343955	-
ENSG00000145700	5	75226910	75236910	-
ENSG00000115840	2	171989858	171999858	-
ENSG00000251380	5	135437347	135447347	-
ENSG00000125386	4	2536646	2546646	+
ENSG00000121864	3	179323030	179333030	+
ENSG00000176055	5	90464770	90474770	-
ENSG00000111364	12	123602076	123612076	+
ENSG00000167280	17	79074823	79084823	+
ENSG00000143476	1	212035552	212045552	+
ENSG00000268320	17	137568	147568	+
ENSG00000137200	6	37433218	37443218	+
ENSG00000113356	5	90471747	90481747	+
ENSG00000198937	6	37489892	37499892	-
ENSG00000179886	8	143597830	143607830	+
ENSG00000111361	12	123623765	123633765	-
ENSG00000176018	5	90519583	90529583	-
ENSG00000104524	8	143599772	143609772	-
ENSG00000058335	15	79080779	79090779	-
ENSG00000121486	1	185147071	185157071	-
ENSG00000164889	7	151057209	151067209	+
ENSG00000112139	6	37689305	37699305	-
ENSG00000117594	1	209686177	209696177	+
ENSG00000169918	15	31860788	31870788	-
ENSG00000141499	17	7686070	7696070	+
ENSG00000124523	6	13574226	13584226	+
ENSG00000053900	4	25377262	25387262	+
ENSG00000057252	1	179293713	179303713	+
ENSG00000167080	17	49132459	49142459	+
ENSG00000171109	3	179347708	179357708	+
ENSG00000197713	2	210002564	210012564	+
ENSG00000104522	8	143608047	143618047	-
ENSG00000123685	1	212689839	212699839	-
ENSG00000181291	17	34579486	34589486	+
ENSG00000135248	7	128709060	128719060	+
ENSG00000163145	4	15339817	15349817	+
ENSG00000183309	8	143636018	143646018	+
ENSG00000180316	6	36243202	36253202	+
ENSG00000197826	4	80335729	80345729	+
ENSG00000237541	6	32741390	32751390	+
ENSG00000162852	1	246566443	246576443	+
ENSG00000068079	17	43006739	43016739	+
ENSG00000232629	6	32753531	32763531	-
ENSG00000175575	11	73876698	73886698	+
ENSG00000011304	19	797074	807074	+
ENSG00000143842	1	204073114	204083114	+
ENSG00000241106	6	32810465	32820465	-
ENSG00000250264	6	32828821	32838821	-
ENSG00000187726	11	73951025	73961025	+
ENSG00000111358	12	123633738	123643738	+
ENSG00000114450	3	179441475	179451475	-
ENSG00000128595	7	128739291	128749291	+
ENSG00000116962	1	236055108	236065108	-
ENSG00000175564	11	73999084	74009084	-
ENSG00000179055	9	104694517	104704517	+
ENSG00000168828	9	35860400	35870400	-
ENSG00000103811	15	78939573	78949573	-
ENSG00000171133	9	111320223	111330223	-
ENSG00000147873	9	21295312	21305312	-
ENSG00000198680	9	25668443	25678443	-
ENSG00000142541	19	49487509	49497509	+
ENSG00000159388	1	203305490	203315490	+
ENSG00000171102	9	133199249	133209249	-
ENSG00000221926	17	15674310	15684310	-
ENSG00000249709	19	12541541	12551541	-
ENSG00000185344	12	123712352	123722352	+
ENSG00000204267	6	32828769	32838769	-
ENSG00000188033	19	12630097	12640097	-
ENSG00000113327	5	162000056	162010056	+
ENSG00000178307	17	21204175	21214175	-
ENSG00000173875	19	12610917	12620917	+
ENSG00000214517	11	74171266	74181266	+
ENSG00000128596	7	128790756	128800756	+
ENSG00000164953	8	93754843	93764843	+
ENSG00000204264	6	32834678	32844678	-
ENSG00000154380	1	225643141	225653141	-
ENSG00000128524	7	128862855	128872855	+
ENSG00000272899	7	128866329	128876329	+
ENSG00000164116	4	155666725	155676725	+
ENSG00000157985	2	235494042	235504042	+
ENSG00000181450	1	227563542	227573542	+
ENSG00000179455	15	23565673	23575673	+
ENSG00000136518	3	179562885	179572885	+
ENSG00000151704	11	128857372	128867372	-
ENSG00000120333	1	175013424	175023424	-
ENSG00000240065	6	32844135	32854135	+
ENSG00000140285	15	49423236	49433236	+
ENSG00000197467	10	69801879	69811879	+
ENSG00000104774	19	12656741	12666741	-
ENSG00000164430	6	73442296	73452296	-
ENSG00000175482	11	67346971	67356971	-
ENSG00000117090	1	160637294	160647294	-
ENSG00000197653	12	123762187	123772187	+
ENSG00000155090	8	102645724	102655724	-
ENSG00000136522	3	179594648	179604648	-
ENSG00000256514	11	67363583	67373583	-
ENSG00000168944	5	123413591	123423591	-
ENSG00000175505	11	67364176	67374176	-
ENSG00000162753	1	173593071	173603071	-
ENSG00000140264	15	43777086	43787086	+
ENSG00000269590	19	12659396	12669396	-
ENSG00000083896	4	68340089	68350089	-
ENSG00000122877	10	62909899	62919899	-
ENSG00000152137	12	119171554	119181554	+
ENSG00000264343	1	146219025	146229025	-
ENSG00000172936	3	38138477	38148477	+
ENSG00000215126	9	41189260	41199260	-
ENSG00000165935	12	27466809	27476809	+
ENSG00000187715	3	127915231	127925231	+
ENSG00000178772	3	194341327	194351327	-
ENSG00000172061	3	194359742	194369742	-
ENSG00000178732	3	194388353	194398353	-
ENSG00000172531	11	67411182	67421182	-
ENSG00000123154	19	12666801	12676801	+
ENSG00000128604	7	128937456	128947456	+
ENSG00000143355	1	197911901	197921901	+
ENSG00000105583	19	12659414	12669414	-
ENSG00000155506	5	154712842	154722842	+
ENSG00000128891	15	40555056	40565056	-
ENSG00000133657	3	194488363	194498363	-
ENSG00000175463	11	67403914	67413914	+
ENSG00000230626	7	129126517	129136517	+
ENSG00000246922	15	65105199	65115199	-
ENSG00000117597	1	209827971	209837971	+
ENSG00000187753	9	86249656	86259656	-
ENSG00000120088	17	45784279	45794279	+
ENSG00000119138	9	70404656	70414656	-
ENSG00000177047	9	21131831	21141831	-
ENSG00000158457	7	129144706	129154706	+
ENSG00000121644	1	244653102	244663102	+
ENSG00000172508	11	67414967	67424967	+
ENSG00000170271	5	154849251	154859251	-
ENSG00000185518	15	91099949	91109949	+
ENSG00000041802	3	194662462	194672462	-
ENSG00000079156	2	178194480	178204480	+
ENSG00000128602	7	129188632	129198632	+
ENSG00000095059	19	12671879	12681879	-
ENSG00000185112	3	194685882	194695882	+
ENSG00000108774	17	42145043	42155043	-
ENSG00000010704	6	26087280	26097280	+
ENSG00000061918	4	155758991	155768991	+
ENSG00000134107	3	4979436	4989436	+
ENSG00000080608	9	2834094	2844094	-
ENSG00000153294	6	47685863	47695863	+
ENSG00000283980	19	12687997	12697997	+
ENSG00000135253	7	128900718	128910718	-
ENSG00000174502	1	205933459	205943459	-
ENSG00000132004	19	12686630	12696630	-
ENSG00000134108	3	5122248	5132248	+
ENSG00000082516	5	154928210	154938210	-
ENSG00000123144	19	12724683	12734683	-
ENSG00000186105	5	62578818	62588818	+
ENSG00000124818	6	47781981	47791981	+
ENSG00000158715	1	205670508	205680508	-
ENSG00000198356	19	12737138	12747138	+
ENSG00000148672	10	87084842	87094842	-
ENSG00000134109	3	5187645	5197645	+
ENSG00000175634	11	67428459	67438459	+
ENSG00000040531	17	3636458	3646458	+
ENSG00000103994	15	42481140	42491140	-
ENSG00000159184	17	48718749	48728749	-
ENSG00000039987	19	12751701	12761701	+
ENSG00000213402	11	67427681	67437681	-
ENSG00000171223	19	12791485	12801485	+
ENSG00000171016	15	55578946	55588946	-
ENSG00000163625	4	84956689	84966689	-
ENSG00000106571	7	42254099	42264099	-
ENSG00000143195	1	166965539	166975539	-
ENSG00000241322	17	15609703	15619703	-
ENSG00000167815	19	12791799	12801799	-
ENSG00000250821	4	55819789	55829789	+
ENSG00000155096	8	102883863	102893863	-
ENSG00000171360	17	41430982	41440982	-
ENSG00000182575	17	49575870	49585870	+
ENSG00000115365	2	210467651	210477651	-
ENSG00000104889	19	12806583	12816583	+
ENSG00000162849	1	245154984	245164984	+
ENSG00000145864	5	161539043	161549043	-
ENSG00000166710	15	44711486	44721486	+
ENSG00000187672	3	56458466	56468466	-
ENSG00000172725	11	67433820	67443820	-
ENSG00000171564	4	154563010	154573010	+
ENSG00000107263	9	131730075	131740075	-
ENSG00000115806	2	170928463	170938463	+
ENSG00000110841	12	27523430	27533430	+
ENSG00000175514	11	67442728	67452728	-
ENSG00000166780	16	15434474	15444474	+
ENSG00000271271	4	69629641	69639641	-
ENSG00000163982	4	4216928	4226928	-
ENSG00000136247	7	6577433	6587433	+
ENSG00000105613	19	12833950	12843950	+
ENSG00000183671	2	206208046	206218046	-
ENSG00000167258	17	39461485	39471485	+
ENSG00000172663	11	67459271	67469271	-
ENSG00000067533	1	218285292	218295292	+
ENSG00000137033	9	6215785	6225785	+
ENSG00000174236	12	27696446	27706446	+
ENSG00000105612	19	12871465	12881465	-
ENSG00000061794	12	27710821	27720821	+
ENSG00000196159	4	125314917	125324917	+
ENSG00000215262	8	36784323	36794323	+
ENSG00000133055	1	203165825	203175825	-
ENSG00000105610	19	12877200	12887200	-
ENSG00000087448	12	27780047	27790047	+
ENSG00000196071	1	248095183	248105183	+
ENSG00000170419	7	54542324	54552324	+
ENSG00000095066	19	12862739	12872739	-
ENSG00000069966	15	52181391	52191391	-
ENSG00000148396	9	136473758	136483758	-
ENSG00000180376	3	56557160	56567160	+
ENSG00000087494	12	27962732	27972732	-
ENSG00000108439	17	47941505	47951505	+
ENSG00000134851	4	55395956	55405956	+
ENSG00000105926	7	24573267	24583267	+
ENSG00000162236	11	62822050	62832050	-
ENSG00000243566	7	76510524	76520524	+
ENSG00000167740	17	4143167	4153167	+
ENSG00000068078	4	1793292	1803292	+
ENSG00000074181	19	15190994	15200994	-
ENSG00000116209	1	54043503	54053503	-
ENSG00000136731	2	128091199	128101199	+
ENSG00000105131	19	15223434	15233434	-
ENSG00000135617	2	73223238	73233238	-
ENSG00000068796	5	62306161	62316161	+
ENSG00000144476	2	236567786	236577786	+
ENSG00000136267	7	14964776	14974776	-
ENSG00000166402	11	8019243	8029243	+
ENSG00000205089	5	132747425	132757425	+
ENSG00000187678	5	142316454	142326454	-
ENSG00000104064	15	50345407	50355407	-
ENSG00000196670	5	180851284	180861284	-
ENSG00000198707	12	88132098	88142098	-
ENSG00000168356	3	39042156	39052156	-
ENSG00000178187	5	178941190	178951190	+
ENSG00000143643	1	230968874	230978874	-
ENSG00000169783	15	77810899	77820899	-
ENSG00000136813	9	111474744	111484744	-
ENSG00000204246	9	104526855	104536855	-
ENSG00000177383	3	184702063	184712063	-
ENSG00000182934	11	126259143	126269143	-
ENSG00000187068	3	185143059	185153059	-
ENSG00000109654	4	153152162	153162162	+
ENSG00000132549	8	99013265	99023265	+
ENSG00000116161	1	174999162	175009162	+
ENSG00000128849	15	57375966	57385966	+
ENSG00000163161	2	127284165	127294165	-
ENSG00000183808	8	93731016	93741016	-
ENSG00000166920	15	45430578	45440578	+
ENSG00000167723	17	3547811	3557811	-
ENSG00000288637	4	153152434	153162434	+
ENSG00000196378	8	144777344	144787344	-
ENSG00000080298	9	3516003	3526003	-
ENSG00000160460	19	40466240	40476240	+
ENSG00000110074	11	126269054	126279054	+
ENSG00000140511	15	88885596	88895596	-
ENSG00000167703	17	1618885	1628885	-
ENSG00000121211	4	153344648	153354648	+
ENSG00000198648	2	168237594	168247594	-
ENSG00000067182	12	6332113	6342113	-
ENSG00000110063	11	126304059	126314059	+
ENSG00000156931	3	184812142	184822142	+
ENSG00000163633	4	86882421	86892421	-
ENSG00000133392	16	15847027	15857027	-
ENSG00000140545	15	88903380	88913380	-
ENSG00000285458	4	86926177	86936177	-
ENSG00000108342	17	40015360	40025360	+
ENSG00000143847	1	203026497	203036497	+
ENSG00000188566	9	137205684	137215684	+
ENSG00000168393	2	241676943	241686943	-
ENSG00000235453	9	32551143	32561143	+
ENSG00000171121	3	179257001	179267001	-
ENSG00000160410	19	40576852	40586852	+
ENSG00000153086	2	134838615	134848615	+
ENSG00000110799	12	6114769	6124769	-
ENSG00000198121	9	111028469	111038469	-
ENSG00000145725	5	103120148	103130148	+
ENSG00000126351	17	40058289	40068289	+
ENSG00000145332	4	87230313	87240313	-
ENSG00000172005	2	95025676	95035676	+
ENSG00000198855	12	108515276	108525276	+
ENSG00000196455	3	130736828	130746828	-
ENSG00000176046	16	28529007	28539007	-
ENSG00000115008	2	112774492	112784492	-
ENSG00000157766	15	88803435	88813435	+
ENSG00000241399	2	159788254	159798254	-
ENSG00000163347	3	190312445	190322445	-
ENSG00000113946	3	190322540	190332540	+
ENSG00000288701	9	131373635	131383635	+
ENSG00000170509	4	87312885	87322885	-
ENSG00000078795	5	137887967	137897967	+
ENSG00000197165	16	28587049	28597049	-
ENSG00000173627	1	183643315	183653315	-
ENSG00000131446	5	180805651	180815651	-
ENSG00000288656	16	28613554	28623554	-
ENSG00000161016	8	144782586	144792586	-
ENSG00000198189	4	87381187	87391187	-
ENSG00000173253	9	1049857	1059857	+
ENSG00000196502	16	28613624	28623624	-
ENSG00000151615	4	146638892	146648892	+
ENSG00000174137	4	1674260	1684260	-
ENSG00000223569	4	9234384	9244384	+
ENSG00000067704	1	220094131	220104131	+
ENSG00000153140	5	90399765	90409765	-
ENSG00000198515	4	48006680	48016680	-
ENSG00000075856	12	108551399	108561399	-
ENSG00000171530	5	77858779	77868779	-
ENSG00000144445	2	210161408	210171408	-
ENSG00000004866	7	116953237	116963237	+
ENSG00000148343	9	129036620	129046620	+
ENSG00000090006	19	40592882	40602882	+
ENSG00000147789	8	144827517	144837517	+
ENSG00000006606	7	75779895	75789895	-
ENSG00000221823	2	68246236	68256236	-
ENSG00000163291	4	78929437	78939437	-
ENSG00000170619	8	144843735	144853735	-
ENSG00000233757	2	95207534	95217534	+
ENSG00000172318	2	167868947	167878947	+
ENSG00000182132	5	170353486	170363486	+
ENSG00000136003	12	108562581	108572581	+
ENSG00000183160	12	108588319	108598319	-
ENSG00000105245	19	40680971	40690971	-
ENSG00000077157	1	202348698	202358698	+
ENSG00000074803	15	48178437	48188437	+
ENSG00000134531	12	13196722	13206722	+
ENSG00000110080	11	126355639	126365639	+
ENSG00000133030	17	17042456	17052456	+
ENSG00000164305	4	184639508	184649508	-
ENSG00000196150	8	144892167	144902167	-
ENSG00000113282	5	157849144	157859144	-
ENSG00000170631	8	144940887	144950887	-
ENSG00000128591	7	128830405	128840405	+
ENSG00000188352	9	20658308	20668308	+
ENSG00000123815	19	40715783	40725783	-
ENSG00000133800	11	10601688	10611688	-
ENSG00000111305	12	13093682	13103682	-
ENSG00000152104	1	214542448	214552448	-
ENSG00000164306	4	184649666	184659666	+
ENSG00000172733	8	31023714	31033714	-
ENSG00000155066	2	95274448	95284448	+
ENSG00000198730	11	10751245	10761245	+
ENSG00000086200	5	62403971	62413971	+
ENSG00000184898	2	151251862	151261862	-
ENSG00000166548	16	66542543	66552543	-
ENSG00000106686	9	4656673	4666673	-
ENSG00000113555	5	141959740	141969740	-
ENSG00000110900	12	30926427	30936427	+
ENSG00000151725	4	184724129	184734129	-
ENSG00000162909	1	223701592	223711592	+
ENSG00000113119	5	140639434	140649434	+
ENSG00000122180	1	203076011	203086011	-
ENSG00000166949	15	67063762	67073762	+
ENSG00000179832	8	144148015	144158015	+
ENSG00000117650	1	211665629	211675629	-
ENSG00000203724	1	197902629	197912629	+
ENSG00000063046	12	53006281	53016281	+
ENSG00000103591	15	67245194	67255194	-
ENSG00000167977	16	2682522	2692522	+
ENSG00000066468	10	121588457	121598457	-
ENSG00000158764	1	160944808	160954808	-
ENSG00000182197	8	118101825	118111825	-
ENSG00000172382	16	2710550	2720550	-
ENSG00000188783	1	203475805	203485805	+
ENSG00000110321	11	10798939	10808939	-
ENSG00000284188	1	244720961	244730961	-
ENSG00000168118	1	229271061	229281061	+
ENSG00000104643	8	11284815	11294815	+
ENSG00000173726	1	235118836	235128836	-
ENSG00000177710	8	11331011	11341011	+
ENSG00000270188	1	237935274	237945274	-
ENSG00000236287	11	10848795	10858795	-
ENSG00000152382	1	166866263	166876263	-
ENSG00000151726	4	184816817	184826817	-
ENSG00000143839	1	204180323	204190323	-
ENSG00000154319	8	11465907	11475907	-
ENSG00000187080	1	247965232	247975232	+
ENSG00000135124	12	121209860	121219860	+
ENSG00000175390	11	7970250	7980250	+
ENSG00000167978	16	2752625	2762625	+
ENSG00000285509	11	121024124	121034124	+
ENSG00000173409	1	230978980	230988980	+
ENSG00000182255	11	30007029	30017029	-
ENSG00000131808	11	30231013	30241013	+
ENSG00000196305	9	92283853	92293853	-
ENSG00000067066	2	230415941	230425941	+
ENSG00000136573	8	11486893	11496893	+
ENSG00000103363	16	2767279	2777279	-
ENSG00000149781	11	64206677	64216677	+
ENSG00000168769	4	105145874	105155874	+
ENSG00000151239	12	43796327	43806327	-
ENSG00000215148	16	2798469	2808469	+
ENSG00000136574	8	11676958	11686958	+
ENSG00000104067	15	29958914	29968914	-
ENSG00000138684	4	122611065	122621065	-
ENSG00000112983	5	138168952	138178952	-
ENSG00000205884	8	11964598	11974598	-
ENSG00000143514	1	223835953	223845953	-
ENSG00000181004	4	122732701	122742701	+
ENSG00000007038	16	2817179	2827179	+
ENSG00000205882	8	11986311	11996311	-
ENSG00000233050	8	12061746	12071746	-
ENSG00000140470	15	100332004	100342004	-
ENSG00000130816	19	10221285	10231285	-
ENSG00000215343	8	12104388	12114388	+
ENSG00000121988	2	135521217	135531217	-
ENSG00000226430	8	12124098	12134098	-
ENSG00000149743	11	64216253	64226253	-
ENSG00000139155	12	20695331	20705331	+
ENSG00000185049	4	2031902	2041902	-
ENSG00000005001	16	2848169	2858169	-
ENSG00000140471	15	100593229	100603229	-
ENSG00000143469	1	209900922	209910922	+
ENSG00000102981	16	67660945	67670945	+
ENSG00000167528	12	48341413	48351413	-
ENSG00000185818	4	2059326	2069326	+
ENSG00000186334	5	151293765	151303765	-
ENSG00000244234	5	178177370	178187370	-
ENSG00000153820	2	228171686	228181686	-
ENSG00000183475	15	100602588	100612588	+
ENSG00000153446	16	5056109	5066109	-
ENSG00000065802	2	238426741	238436741	+
ENSG00000130313	19	17511635	17521635	+
ENSG00000135829	1	182839346	182849346	+
ENSG00000119321	9	113211317	113221317	-
ENSG00000136868	9	113221543	113231543	+
ENSG00000130309	19	17555648	17565648	+
ENSG00000176386	9	113265571	113275571	-
ENSG00000275111	2	95165431	95175431	+
ENSG00000134717	1	52056198	52066198	+
ENSG00000142444	19	10928810	10938810	+
ENSG00000118242	2	216024095	216034095	-
ENSG00000113712	5	149541470	149551470	-
ENSG00000154227	15	100534994	100544994	-
ENSG00000122566	7	26191528	26201528	-
ENSG00000136875	9	113275641	113285641	+
ENSG00000116668	1	185157079	185167079	+
ENSG00000017260	3	130850594	130860594	+
ENSG00000165188	9	113293375	113303375	-
ENSG00000127838	2	218270391	218280391	+
ENSG00000275896	7	142760397	142770397	+
ENSG00000104964	19	3053106	3063106	-
ENSG00000188610	1	121175538	121185538	-
ENSG00000113645	5	168291644	168301644	+
ENSG00000148225	9	113330297	113340297	-
ENSG00000143756	1	224114110	224124110	+
ENSG00000119411	9	113349540	113359540	+
ENSG00000119431	9	113366985	113376985	-
ENSG00000109685	4	1871392	1881392	+
ENSG00000148218	9	113391289	113401289	-
ENSG00000139116	12	39433389	39443389	-
ENSG00000114126	3	142139543	142149543	-
ENSG00000141510	17	7677537	7687537	-
ENSG00000140995	16	89948696	89958696	+
ENSG00000148229	9	113400674	113410674	-
ENSG00000114405	3	62319014	62329014	+
ENSG00000157653	9	113410053	113420053	+
ENSG00000126259	19	35855860	35865860	+
ENSG00000182511	15	90883694	90893694	+
ENSG00000123064	12	113175478	113185478	-
ENSG00000153707	9	10603001	10613001	-
ENSG00000187033	3	169911571	169921571	+
ENSG00000161960	17	7572823	7582823	+
ENSG00000006704	7	74453789	74463789	+
ENSG00000168016	3	36935056	36945056	-
ENSG00000138768	4	75724576	75734576	+
ENSG00000143702	1	243245347	243255347	-
ENSG00000181322	3	138319885	138329885	-
ENSG00000105290	19	35867898	35877898	+
ENSG00000260691	9	67832764	67842764	+
ENSG00000156194	4	75892570	75902570	-
ENSG00000085978	2	233210050	233220050	+
ENSG00000164597	7	107554260	107564260	-
ENSG00000185860	1	162858814	162868814	-
ENSG00000167604	19	35892302	35902302	-
ENSG00000172340	3	67644611	67654611	-
ENSG00000103168	16	84177069	84187069	-
ENSG00000138744	4	75931012	75941012	-
ENSG00000126264	19	35902528	35912528	+
ENSG00000187838	17	7384841	7394841	-
ENSG00000011600	19	35898294	35908294	-
ENSG00000186889	2	62501893	62511893	-
ENSG00000184613	12	44911847	44921847	-
ENSG00000132003	19	13795459	13805459	+
ENSG00000125611	2	112584239	112594239	+
ENSG00000205544	17	7394096	7404096	-
ENSG00000143207	1	176197285	176207285	-
ENSG00000182177	2	236254408	236264408	-
ENSG00000198373	16	69762327	69772327	+
ENSG00000187091	3	38019641	38029641	-
ENSG00000132016	19	13896451	13906451	-
ENSG00000169992	17	7404873	7414873	+
ENSG00000122176	1	203341757	203351757	-
ENSG00000158428	2	218356856	218366856	+
ENSG00000181323	17	7420323	7430323	+
ENSG00000118231	2	208114523	208124523	-
ENSG00000184560	17	7425615	7435615	+
ENSG00000132017	19	13952491	13962491	+
ENSG00000114850	3	156545148	156555148	-
ENSG00000283439	17	7428856	7438856	+
ENSG00000197299	15	90717345	90727345	+
ENSG00000181284	17	7435434	7445434	+
ENSG00000197150	7	151028421	151038421	+
ENSG00000158987	5	131625230	131635230	-
ENSG00000090316	4	1289886	1299886	+
ENSG00000132005	19	13997038	14007038	-
ENSG00000034533	3	131017648	131027648	-
ENSG00000240021	1	178513108	178523108	+
ENSG00000161958	17	7438272	7448272	+
ENSG00000171136	19	14028147	14038147	+
ENSG00000111716	12	21747856	21757856	-
ENSG00000103269	16	675670	685670	+
ENSG00000139330	12	91048023	91058023	-
ENSG00000104998	19	14031761	14041761	+
ENSG00000163636	3	64014009	64024009	-
ENSG00000187867	19	14052075	14062075	-
ENSG00000141854	19	14072535	14082535	+
ENSG00000188032	19	14075874	14085874	-
ENSG00000163945	4	1345690	1355690	+
ENSG00000170175	17	7445060	7455060	+
ENSG00000141858	19	14081035	14091035	-
ENSG00000154710	7	66682163	66692163	+
ENSG00000235608	4	1396441	1406441	-
ENSG00000259224	17	7481331	7491331	+
ENSG00000026751	1	160739056	160749056	+
ENSG00000167874	17	7855065	7865065	+
ENSG00000182224	17	7857745	7867745	+
ENSG00000072062	19	14108083	14118083	-
ENSG00000140564	15	90868587	90878587	+
ENSG00000092421	5	116564822	116574822	-
ENSG00000135108	12	117180470	117190470	-
ENSG00000105011	19	14126612	14136612	-
ENSG00000172183	15	88635669	88645669	+
ENSG00000170043	17	7922122	7932122	-
ENSG00000170801	4	8269753	8279753	+
ENSG00000166794	15	64153133	64163133	-
ENSG00000150681	1	192158461	192168461	+
ENSG00000114805	3	155735070	155745070	-
ENSG00000075790	7	107580245	107590245	+
ENSG00000163995	4	8148831	8158831	-
ENSG00000150275	10	55617941	55627941	-
ENSG00000072071	19	14196186	14206186	-
ENSG00000018408	3	149726713	149736713	-
ENSG00000116906	1	231241206	231251206	+
ENSG00000165671	5	177133024	177143024	+
ENSG00000170037	17	7932100	7942100	+
ENSG00000092969	1	218345335	218355335	+
ENSG00000010270	7	38178244	38188244	+
ENSG00000163545	1	205311744	205321744	-
ENSG00000102904	16	67806764	67816764	+
ENSG00000164188	5	36292113	36302113	-
ENSG00000183230	10	67753636	67763636	-
ENSG00000005007	19	18831958	18841958	+
ENSG00000132518	17	8002614	8012614	+
ENSG00000144749	3	66491262	66501262	-
ENSG00000146833	7	99909530	99919530	-
ENSG00000198739	10	66926035	66936035	+
ENSG00000138642	4	88378738	88388738	+
ENSG00000011638	16	21158376	21168376	+
ENSG00000157181	1	186375837	186385837	+
ENSG00000108176	10	67828187	67838187	-
ENSG00000127328	12	69738859	69748859	+
ENSG00000130283	19	18886157	18896157	-
ENSG00000251692	16	1478980	1488980	-
ENSG00000143153	1	169105696	169115696	+
ENSG00000113734	5	173144441	173154441	+
ENSG00000165795	14	21060871	21070871	-
ENSG00000179593	17	8039033	8049033	+
ENSG00000096717	10	67884655	67894655	+
ENSG00000138646	4	88457118	88467118	+
ENSG00000164081	3	51662692	51672692	+
ENSG00000145337	4	88513775	88523775	-
ENSG00000255072	4	88513775	88523775	-
ENSG00000120332	1	175067832	175077832	+
ENSG00000152503	5	115170545	115180545	-
ENSG00000179477	17	8077715	8087715	-
ENSG00000158525	7	130344815	130354815	+
ENSG00000148719	10	72345148	72355148	-
ENSG00000266265	7	130724206	130734206	-
ENSG00000162066	16	2520356	2530356	+
ENSG00000179111	17	8114105	8124105	-
ENSG00000076258	1	171314182	171324182	+
ENSG00000243335	7	66628880	66638880	+
ENSG00000007372	11	31807960	31817960	-
ENSG00000139263	12	58910503	58920503	-
ENSG00000180535	7	98211438	98221438	+
ENSG00000091527	3	133573685	133583685	+
ENSG00000105669	19	18909386	18919386	-
ENSG00000167207	16	50693587	50703587	+
ENSG00000079393	10	75099220	75109220	-
ENSG00000117697	1	212781781	212791781	-
ENSG00000133256	4	625572	635572	+
ENSG00000198742	7	99134107	99144107	-
ENSG00000174963	3	147396808	147406808	-
ENSG00000169397	14	20891384	20901384	+
ENSG00000161642	12	54381297	54391297	-
ENSG00000164651	7	20776885	20786885	-
ENSG00000215203	4	42892712	42902712	+
ENSG00000173210	5	149141482	149151482	+
ENSG00000108018	10	107154705	107164705	-
ENSG00000213533	3	52887547	52897547	-
ENSG00000167283	11	118401605	118411605	+
ENSG00000179094	17	8146505	8156505	-
ENSG00000146574	7	6816769	6826769	-
ENSG00000107872	10	102419188	102429188	+
ENSG00000263620	17	8152974	8162974	-
ENSG00000105671	19	18919704	18929704	+
ENSG00000177675	12	7469896	7479896	-
ENSG00000178217	10	80537901	80547901	+
ENSG00000162669	1	91394855	91404855	-
ENSG00000178202	11	108488383	108498383	-
ENSG00000077782	8	38458833	38468833	-
ENSG00000220205	17	8153545	8163545	-
ENSG00000090534	3	184371967	184381967	-
ENSG00000274209	10	46286344	46296344	+
ENSG00000002330	11	64274703	64284703	-
ENSG00000132912	5	150749094	150759094	-
ENSG00000196141	2	200305880	200315880	+
ENSG00000179029	17	8166398	8176398	-
ENSG00000121270	16	48237567	48247567	-
ENSG00000277758	10	47753591	47763591	-
ENSG00000196544	17	8180179	8190179	-
ENSG00000136297	7	4949212	4959212	-
ENSG00000132681	1	160151585	160161585	+
ENSG00000172650	10	73688108	73698108	-
ENSG00000138136	10	101219462	101229462	-
ENSG00000144583	2	216362482	216372482	-
ENSG00000173153	11	64305496	64315496	+
ENSG00000189090	10	47481699	47491699	-
ENSG00000286135	10	122672849	122682849	+
ENSG00000136237	7	22347153	22357153	-
ENSG00000178385	2	208015526	208025526	-
ENSG00000143641	1	230057989	230067989	+
ENSG00000051128	19	18931260	18941260	-
ENSG00000111783	12	106583003	106593003	+
ENSG00000099364	16	30923054	30933054	+
ENSG00000154493	10	126788707	126798707	-
ENSG00000105329	19	41343921	41353921	-
ENSG00000145860	5	159200052	159210052	-
ENSG00000169251	3	161104695	161114695	+
ENSG00000120251	4	157204181	157214181	+
ENSG00000010932	1	171248470	171258470	+
ENSG00000178999	17	8200599	8210599	-
ENSG00000099385	16	30884301	30894301	-
ENSG00000109861	11	88349683	88359683	-
ENSG00000164591	5	150660881	150670881	+
ENSG00000187054	4	67954139	67964139	-
ENSG00000136244	7	22725883	22735883	+
ENSG00000184545	11	1562270	1572270	-
ENSG00000010072	1	231337103	231347103	+
ENSG00000205869	11	1575282	1585282	-
ENSG00000205867	11	1588293	1598293	-
ENSG00000196224	11	1598462	1608462	-
ENSG00000241598	11	1612137	1622137	-
ENSG00000185940	11	1629774	1639774	+
ENSG00000122884	10	73086973	73096973	-
ENSG00000205864	11	1697194	1707194	+
ENSG00000182372	8	1755777	1765777	+
ENSG00000037241	5	172958728	172968728	+
ENSG00000244242	11	1740594	1750594	-
ENSG00000082258	2	134918234	134928234	+
ENSG00000164125	4	158163317	158173317	-
ENSG00000135766	1	231412286	231422286	-
ENSG00000250644	11	1753953	1763953	-
ENSG00000215817	1	219603144	219613144	-
ENSG00000103723	15	82700111	82710111	-
ENSG00000087085	7	100886973	100896973	-
ENSG00000130175	19	11435283	11445283	+
ENSG00000178971	17	8238055	8248055	-
ENSG00000141933	19	507496	517496	+
ENSG00000163534	1	157810119	157820119	-
ENSG00000132321	2	236497534	236507534	-
ENSG00000103549	16	30761744	30771744	+
ENSG00000143816	1	227937931	227947931	-
ENSG00000151338	14	37197912	37207912	+
ENSG00000099804	19	531759	541759	+
ENSG00000168243	1	235640753	235650753	-
ENSG00000197540	19	544033	554033	+
ENSG00000176490	19	2711371	2721371	-
ENSG00000267001	19	2730047	2740047	-
ENSG00000153066	16	11732856	11742856	-
ENSG00000141873	19	2730027	2740027	-
ENSG00000163947	3	57069328	57079328	-
ENSG00000164180	5	88259475	88269475	-
ENSG00000186815	12	113221049	113231049	+
ENSG00000198736	16	1933292	1943292	-
ENSG00000178921	17	8247617	8257617	+
ENSG00000117984	11	1754572	1764572	-
ENSG00000116183	1	176463170	176473170	+
ENSG00000176438	14	95506649	95516649	-
ENSG00000104728	8	1823925	1833925	+
ENSG00000116218	1	179565951	179575951	-
ENSG00000148848	10	126378476	126388476	-
ENSG00000137449	4	15002480	15012480	+
ENSG00000123636	2	159606568	159616568	-
ENSG00000243660	10	43436840	43446840	+
ENSG00000114737	3	50601773	50611773	-
ENSG00000131187	5	177399563	177409563	-
ENSG00000092096	14	23342911	23352911	-
ENSG00000152785	4	81030707	81040707	+
ENSG00000125434	17	8285399	8295399	-
ENSG00000205097	4	190017256	190027256	-
ENSG00000110876	12	108623893	108633893	-
ENSG00000153406	16	4485762	4495762	-
ENSG00000174547	11	66456737	66466737	-
ENSG00000186628	15	82796069	82806069	-
ENSG00000126803	14	64535904	64545904	+
ENSG00000176595	8	1973676	1983676	+
ENSG00000108961	17	8288653	8298653	+
ENSG00000156232	15	82809627	82819627	+
ENSG00000123096	12	26121990	26131990	+
ENSG00000148513	10	37125597	37135597	+
ENSG00000100565	14	76826371	76836371	+
ENSG00000204021	10	88706248	88716248	+
ENSG00000166192	15	72114257	72124257	+
ENSG00000144191	2	98346187	98356187	+
ENSG00000119608	14	74866153	74876153	-
ENSG00000214367	4	2232275	2242275	-
ENSG00000198844	17	8310240	8320240	+
ENSG00000170382	1	204675737	204685737	-
ENSG00000174516	11	66466326	66476326	+
ENSG00000155545	5	56961674	56971674	-
ENSG00000184650	17	8339839	8349839	+
ENSG00000175318	15	72187786	72197786	-
ENSG00000104969	19	2773361	2783361	-
ENSG00000181982	4	24970203	24980203	-
ENSG00000103253	16	726935	736935	+
ENSG00000234828	4	149886232	149896232	-
ENSG00000036448	8	2045045	2055045	+
ENSG00000082996	3	149812769	149822769	+
ENSG00000135083	5	160335395	160345395	-
ENSG00000161970	17	8373212	8383212	-
ENSG00000066027	1	212285409	212295409	+
ENSG00000110880	12	108721525	108731525	-
ENSG00000189051	17	8387825	8397825	-
ENSG00000155256	10	97737120	97747120	+
ENSG00000197885	3	23936590	23946590	-
ENSG00000172009	19	2785502	2795502	+
ENSG00000167580	12	49950736	49960736	+
ENSG00000118260	2	207529736	207539736	+
ENSG00000150054	10	28324485	28334485	-
ENSG00000089505	16	66566392	66576392	+
ENSG00000172006	19	2819867	2829867	+
ENSG00000138379	2	190052728	190062728	-
ENSG00000076554	8	80221231	80231231	-
ENSG00000176871	12	118052429	118062429	-
ENSG00000162733	1	162631372	162641372	+
ENSG00000177519	2	153468761	153478761	-
ENSG00000197555	14	71320448	71330448	+
ENSG00000186300	19	2841436	2851436	+
ENSG00000163254	2	208119827	208129827	-
ENSG00000172000	19	2867334	2877334	+
ENSG00000109686	4	151315604	151325604	-
ENSG00000117477	1	169450668	169460668	-
ENSG00000126804	14	64503711	64513711	+
ENSG00000079999	19	10493557	10503557	-
ENSG00000067225	15	72221821	72231821	-
ENSG00000254986	11	66480012	66490012	+
ENSG00000196408	16	1974191	1984191	-
ENSG00000172572	12	20368536	20378536	+
ENSG00000188770	1	203494152	203504152	+
ENSG00000180739	19	10507930	10517930	-
ENSG00000173728	1	244352634	244362634	+
ENSG00000100505	14	51086060	51096060	-
ENSG00000145087	3	120908071	120918071	+
ENSG00000118513	6	135181307	135191307	+
ENSG00000256349	11	66509078	66519078	+
ENSG00000130734	19	10543894	10553894	+
ENSG00000257923	7	101815903	101825903	+
ENSG00000163785	3	134240858	134250858	-
ENSG00000062038	16	68636188	68646188	+
ENSG00000133026	17	8620760	8630760	-
ENSG00000196683	7	22812851	22822851	-
ENSG00000100884	14	24070836	24080836	+
ENSG00000105889	7	22717612	22727612	-
ENSG00000114735	3	50569151	50579151	+
ENSG00000161973	17	8735218	8745218	-
ENSG00000185156	17	8789364	8799364	-
ENSG00000168918	2	233059966	233069966	+
ENSG00000176230	14	20110738	20120738	+
ENSG00000185697	8	66604246	66614246	-
ENSG00000276231	17	8857676	8867676	-
ENSG00000008282	7	106102575	106112575	-
ENSG00000072858	3	113532554	113542554	+
ENSG00000124406	4	42647104	42657104	-
ENSG00000129347	19	10556030	10566030	-
ENSG00000139880	14	23047537	23057537	-
ENSG00000065320	17	9021509	9031509	+
ENSG00000129355	19	10559058	10569058	-
ENSG00000094975	1	172532348	172542348	+
ENSG00000170310	17	9566590	9576590	-
ENSG00000115084	2	113746692	113756692	-
ENSG00000039068	16	68737291	68747291	+
ENSG00000123066	12	116267692	116277692	-
ENSG00000137817	15	72262998	72272998	-
ENSG00000174483	11	66510605	66520605	+
ENSG00000129354	19	10577314	10587314	-
ENSG00000120896	8	22544985	22554985	+
ENSG00000175455	3	123951407	123961407	-
ENSG00000166596	17	9576626	9586626	+
ENSG00000162772	1	212565333	212575333	+
ENSG00000114395	3	50350844	50360844	+
ENSG00000174165	11	66536234	66546234	-
ENSG00000134545	12	10444684	10454684	-
ENSG00000100644	14	61695512	61705512	+
ENSG00000135828	1	182579255	182589255	-
ENSG00000114529	3	112086334	112096334	+
ENSG00000239620	3	127278045	127288045	-
ENSG00000154914	17	9644697	9654697	+
ENSG00000129353	19	10602456	10612456	+
ENSG00000214978	17	9812070	9822070	-
ENSG00000023608	14	61762419	61772419	+
ENSG00000116106	2	221564201	221574201	-
ENSG00000139973	14	61811973	61821973	+
ENSG00000091986	3	112639529	112649529	-
ENSG00000169347	16	20317807	20327807	-
ENSG00000164756	8	116950272	116960272	+
ENSG00000223443	8	12128848	12138848	-
ENSG00000261667	8	143080629	143090629	+
ENSG00000205883	8	11982255	11992255	+
ENSG00000076356	1	208234383	208244383	-
ENSG00000248746	11	66546394	66556394	+
ENSG00000187082	8	7476399	7486399	-
ENSG00000206047	8	6970091	6980091	-
ENSG00000185523	1	212837648	212847648	-
ENSG00000176946	2	241627157	241637157	-
ENSG00000065325	17	9822205	9832205	+
ENSG00000170340	2	62196114	62206114	+
ENSG00000109047	17	9895270	9905270	-
ENSG00000164871	8	7453673	7463673	-
ENSG00000116711	1	186828948	186838948	+
ENSG00000169344	16	20346300	20356300	-
ENSG00000173175	3	123439089	123449089	-
ENSG00000186562	8	7813879	7823879	-
ENSG00000255251	8	7539626	7549626	+
ENSG00000140488	15	72310156	72320156	-
ENSG00000240247	8	6989197	6999197	-
ENSG00000118307	12	25185161	25195161	-
ENSG00000006788	17	10363129	10373129	-
ENSG00000179361	15	74541205	74551205	+
ENSG00000169340	16	20394736	20404736	-
ENSG00000143845	1	204142043	204152043	-
ENSG00000183549	16	20409533	20419533	+
ENSG00000205707	12	25195215	25205215	+
ENSG00000134571	11	47342701	47352701	-
ENSG00000048052	7	18086948	18096948	+
ENSG00000163848	3	125365324	125375324	-
ENSG00000069812	1	6414669	6424669	-
ENSG00000205693	12	27770235	27780235	-
ENSG00000066336	11	47368546	47378546	-
ENSG00000273540	15	86079870	86089870	+
ENSG00000133020	17	10411949	10421949	-
ENSG00000172748	8	232136	242136	+
ENSG00000157060	1	182943524	182953524	-
ENSG00000183747	16	20451460	20461460	+
ENSG00000135926	2	218282585	218292585	-
ENSG00000264424	17	10459558	10469558	-
ENSG00000076248	12	109097596	109107596	+
ENSG00000147647	8	104457054	104467054	-
ENSG00000128872	15	51751596	51761596	+
ENSG00000105835	7	106275965	106285965	-
ENSG00000008516	16	3046061	3056061	+
ENSG00000164935	8	104339086	104349086	+
ENSG00000144550	3	9703825	9713825	+
ENSG00000167194	16	30023197	30033197	+
ENSG00000165915	11	47407131	47417131	+
ENSG00000145901	5	151083576	151093576	-
ENSG00000197363	8	144798875	144808875	+
ENSG00000069956	15	51952105	51962105	+
ENSG00000260007	15	68219717	68229717	-
ENSG00000222014	2	129979665	129989665	+
ENSG00000181072	7	136868651	136878651	+
ENSG00000134072	3	9759991	9769991	-
ENSG00000109061	17	10508541	10518541	-
ENSG00000146858	7	139026041	139036041	-
ENSG00000165917	11	47439142	47449142	-
ENSG00000250151	3	9793081	9803081	+
ENSG00000109180	4	48805211	48815211	+
ENSG00000160972	8	144477968	144487968	+
ENSG00000129351	19	10654260	10664260	+
ENSG00000105939	7	139122121	139132121	-
ENSG00000175946	8	123643800	123653800	-
ENSG00000128973	15	68247210	68257210	-
ENSG00000169122	8	57994508	58004508	+
ENSG00000009790	1	209756031	209766031	+
ENSG00000113048	5	72310645	72320645	-
ENSG00000147316	8	6406591	6416591	+
ENSG00000149187	11	47555568	47565568	-
ENSG00000138758	4	76949750	76959750	+
ENSG00000167014	15	44956686	44966686	+
ENSG00000205363	15	73743350	73753350	-
ENSG00000076555	12	109116594	109126594	+
ENSG00000248383	5	140926298	140936298	+
ENSG00000268799	5	17482075	17492075	-
ENSG00000171540	5	77628712	77638712	-
ENSG00000213339	19	10701429	10711429	+
ENSG00000125414	17	10539699	10549699	-
ENSG00000178997	15	41220756	41230756	-
ENSG00000099203	19	10826317	10836317	-
ENSG00000091879	8	6553408	6563408	-
ENSG00000214021	3	9808085	9818085	+
ENSG00000138658	4	112626994	112636994	-
ENSG00000214212	19	10836574	10846574	+
ENSG00000213619	11	47565335	47575335	+
ENSG00000139445	12	109299283	109309283	-
ENSG00000153922	5	98919006	98929006	-
ENSG00000155189	8	6708641	6718641	+
ENSG00000105948	7	139133743	139143743	+
ENSG00000110536	11	47565429	47575429	+
ENSG00000174527	12	109347902	109357902	+
ENSG00000095637	10	95551413	95561413	-
ENSG00000140157	15	22838643	22848643	+
ENSG00000109063	17	10647308	10657308	-
ENSG00000123444	11	47568975	47578975	-
ENSG00000196666	11	47586677	47596677	+
ENSG00000133028	17	10688374	10698374	-
ENSG00000156990	3	9834601	9844601	-
ENSG00000169813	10	43399185	43409185	-
ENSG00000172247	11	47584410	47594410	-
ENSG00000157741	7	139230355	139240355	+
ENSG00000243708	15	41837774	41847774	+
ENSG00000110906	12	109467358	109477358	-
ENSG00000170222	17	10697593	10707593	+
ENSG00000115685	2	241149575	241159575	+
ENSG00000171135	3	9890573	9900573	+
ENSG00000138738	4	120912869	120922869	-
ENSG00000128610	7	122300690	122310690	-
ENSG00000187824	17	10720022	10730022	-
ENSG00000039537	5	41251437	41261437	-
ENSG00000109919	11	47632606	47642606	-
ENSG00000263429	17	10794098	10804098	-
ENSG00000189184	4	137522493	137532493	-
ENSG00000163811	2	28894666	28904666	+
ENSG00000233670	17	10828086	10838086	-
ENSG00000180346	4	89111532	89121532	+
ENSG00000198879	10	7401487	7411487	-
ENSG00000260916	15	55398509	55408509	-
ENSG00000188803	17	11241212	11251212	+
ENSG00000165923	11	47705388	47715388	-
ENSG00000163701	3	9902611	9912611	+
ENSG00000113407	5	33440695	33450695	+
ENSG00000145022	3	49412205	49422205	+
ENSG00000109920	11	47757442	47767442	-
ENSG00000283189	3	49419313	49429313	-
ENSG00000138670	4	82034243	82044243	-
ENSG00000116698	1	183472215	183482215	+
ENSG00000165434	11	74388432	74398432	-
ENSG00000130844	19	53519526	53529526	+
ENSG00000175536	11	74483723	74493723	-
ENSG00000175538	11	74457728	74467728	-
ENSG00000008311	7	122134307	122144307	-
ENSG00000150627	4	176065840	176075840	+
ENSG00000162813	1	220080461	220090461	-
ENSG00000137871	15	56724085	56734085	-
ENSG00000172062	5	70925029	70935029	+
ENSG00000184140	15	101803508	101813508	+
ENSG00000182854	15	101812201	101822201	+
ENSG00000137875	15	52102774	52112774	-
ENSG00000123684	1	211820762	211830762	-
ENSG00000105723	19	42232624	42242624	-
ENSG00000160999	7	102285090	102295090	+
ENSG00000117707	1	213983180	213993180	+
ENSG00000268643	19	42245131	42255131	-
ENSG00000260097	7	102346443	102356443	-
ENSG00000105732	19	42068476	42078476	+
ENSG00000007174	17	11598469	11608469	+
ENSG00000145020	3	49412684	49422684	-
ENSG00000128563	7	102363871	102373871	+
ENSG00000103034	16	58462845	58472845	+
ENSG00000154957	17	11987474	11997474	-
ENSG00000151148	12	109477401	109487401	+
ENSG00000196482	1	217127754	217137754	-
ENSG00000103037	16	58515478	58525478	+
ENSG00000174080	11	66558878	66568878	-
ENSG00000065559	17	12020828	12030828	+
ENSG00000204179	10	46911395	46921395	+
ENSG00000188716	10	75063641	75073641	-
ENSG00000186907	11	57460527	57470527	+
ENSG00000138757	4	75714588	75724588	-
ENSG00000139428	12	109563579	109573579	-
ENSG00000145029	3	49419325	49429325	-
ENSG00000188611	10	50269719	50279719	-
ENSG00000166220	10	70775400	70785400	-
ENSG00000228570	10	79826738	79836738	+
ENSG00000149150	11	57505779	57515779	-
ENSG00000069869	15	55983659	55993659	-
ENSG00000189056	7	103979657	103989657	-
ENSG00000134809	11	57520802	57530802	-
ENSG00000185115	15	29259821	29269821	-
ENSG00000173402	3	49468702	49478702	+
ENSG00000156587	11	57558283	57568283	-
ENSG00000138795	4	108158955	108168955	-
ENSG00000123836	1	207034365	207044365	+
ENSG00000164061	3	49554476	49564476	+
ENSG00000213593	11	57712592	57722592	+
ENSG00000028277	19	42186584	42196584	-
ENSG00000117691	1	212432919	212442919	+
ENSG00000034053	15	28884482	28894482	+
ENSG00000164815	7	104198046	104208046	-
ENSG00000006740	17	12789497	12799497	+
ENSG00000211450	11	57741249	57751249	+
ENSG00000233436	11	57741780	57751780	-
ENSG00000128617	7	128765793	128775793	-
ENSG00000110921	12	109573254	109583254	+
ENSG00000225968	7	1688118	1698118	+
ENSG00000122687	7	2232204	2242204	-
ENSG00000160570	19	42210139	42220139	-
ENSG00000118873	1	220262452	220272452	-
ENSG00000140263	15	45023146	45033146	+
ENSG00000288671	19	42222148	42232148	-
ENSG00000106266	7	2344317	2354317	-
ENSG00000287856	1	231518602	231528602	-
ENSG00000033030	12	122491072	122501072	-
ENSG00000164062	3	49674013	49684013	+
ENSG00000154553	4	185525506	185535506	-
ENSG00000284299	1	211124145	211134145	-
ENSG00000149131	11	57597386	57607386	+
ENSG00000140279	15	45104171	45114171	-
ENSG00000111011	12	122516999	122526999	-
ENSG00000140274	15	45114325	45124325	+
ENSG00000010310	19	45668220	45678220	+
ENSG00000173531	3	49679500	49689500	-
ENSG00000136717	2	127097287	127107287	-
ENSG00000011478	19	45692402	45702402	+
ENSG00000177051	19	45720895	45730895	-
ENSG00000106263	7	2354085	2364085	+
ENSG00000125107	16	58619884	58629884	-
ENSG00000136213	7	2403587	2413587	+
ENSG00000275572	7	2466893	2476893	-
ENSG00000144401	2	207615927	207625927	-
ENSG00000203705	1	212791827	212801827	+
ENSG00000167680	19	4571775	4581775	-
ENSG00000006744	17	13008064	13018064	-
ENSG00000138696	4	94757954	94767954	+
ENSG00000163251	2	207759905	207769905	-
ENSG00000002822	7	2223242	2233242	-
ENSG00000161681	19	50709801	50719801	-
ENSG00000116030	2	202228598	202238598	-
ENSG00000197961	19	9574503	9584503	-
ENSG00000185869	19	36906290	36916290	-
ENSG00000153976	17	13591928	13601928	-
ENSG00000103042	16	58674769	58684769	-
ENSG00000184445	12	122527245	122537245	+
ENSG00000122543	7	5879826	5889826	+
ENSG00000174175	1	169620192	169630192	-
ENSG00000137857	15	45129932	45139932	+
ENSG00000197256	19	11187790	11197790	-
ENSG00000122674	7	5898724	5908724	+
ENSG00000182782	12	122693356	122703356	-
ENSG00000255398	12	122706810	122716810	-
ENSG00000196917	12	122720843	122730843	-
ENSG00000006695	17	14069489	14079489	+
ENSG00000125633	2	118004132	118014132	-
ENSG00000125166	16	58724341	58734341	-
ENSG00000197128	19	57467569	57477569	-
ENSG00000223510	17	14226861	14236861	-
ENSG00000164068	3	49689537	49699537	+
ENSG00000125430	17	14301080	14311080	+
ENSG00000103154	16	83968243	83978243	+
ENSG00000155034	7	5503808	5513808	-
ENSG00000231924	19	42869821	42879821	-
ENSG00000130783	12	122774525	122784525	+
ENSG00000176020	3	49709683	49719683	-
ENSG00000135541	6	135488433	135498433	-
ENSG00000261221	19	55605646	55615646	+
ENSG00000106125	7	30771416	30781416	+
ENSG00000103479	16	53433976	53443976	+
ENSG00000186073	15	36579625	36589625	+
ENSG00000250424	7	30852272	30862272	+
ENSG00000161542	17	76374520	76384520	-
ENSG00000130167	19	11296138	11306138	+
ENSG00000240583	7	30911852	30921852	+
ENSG00000185198	19	685497	695497	-
ENSG00000182310	19	51689127	51699127	+
ENSG00000026508	11	35138881	35148881	+
ENSG00000173540	3	49713972	49723972	-
ENSG00000106128	7	30938668	30948668	+
ENSG00000135334	6	87692232	87702232	-
ENSG00000080493	4	71062666	71072666	+
ENSG00000130787	12	122834452	122844452	+
ENSG00000081237	1	198638456	198648456	+
ENSG00000163704	3	9942407	9952407	-
ENSG00000118434	6	88047840	88057840	+
ENSG00000128683	2	170813212	170823212	+
ENSG00000215186	15	72654737	72664737	+
ENSG00000175202	15	72676181	72686181	-
ENSG00000125037	3	10001115	10011115	-
ENSG00000139722	12	122886126	122896126	-
ENSG00000176170	17	76376583	76386583	+
ENSG00000175931	17	76443151	76453151	-
ENSG00000187288	3	9870254	9880254	-
ENSG00000157869	4	13474364	13484364	-
ENSG00000008118	1	209583713	209593713	+
ENSG00000161544	17	76541174	76551174	-
ENSG00000114648	3	47282916	47292916	+
ENSG00000256394	4	155856276	155866276	-
ENSG00000171161	1	248838209	248848209	+
ENSG00000214140	17	76527585	76537585	+
ENSG00000151790	4	155854737	155864737	+
ENSG00000149575	11	118166638	118176638	-
ENSG00000135336	6	87590066	87600066	+
ENSG00000172425	11	118527471	118537471	+
ENSG00000078549	7	31052307	31062307	+
ENSG00000103494	16	53693937	53703937	-
ENSG00000144366	2	188291668	188301668	+
ENSG00000167483	19	17523300	17533300	+
ENSG00000117143	1	162561505	162571505	+
ENSG00000140463	15	72686178	72696178	+
ENSG00000284526	17	76560543	76570543	-
ENSG00000256043	4	155943911	155953911	-
ENSG00000152332	1	162497250	162507250	+
ENSG00000186272	19	57411160	57421160	+
ENSG00000109854	11	20363684	20373684	+
ENSG00000185467	7	99240074	99250074	-
ENSG00000196589	19	7011431	7021431	-
ENSG00000159322	15	72775845	72785845	-
ENSG00000070731	17	76576955	76586955	-
ENSG00000170522	4	110189198	110199198	-
ENSG00000162757	1	209774558	209784558	-
ENSG00000129437	19	51074244	51084244	-
ENSG00000126262	19	35443906	35453906	+
ENSG00000213921	19	39776594	39786594	+
ENSG00000137261	6	24636190	24646190	-
ENSG00000112308	6	24709997	24719997	-
ENSG00000196878	1	209642424	209652424	-
ENSG00000178562	2	203706474	203716474	+
ENSG00000258947	16	89921391	89931391	+
ENSG00000153113	5	96525266	96535266	+
ENSG00000196684	19	16134027	16144027	+
ENSG00000150967	12	122971648	122981648	-
ENSG00000171174	2	27880680	27890680	-
ENSG00000106628	7	44114357	44124357	-
ENSG00000283632	19	45235406	45245406	-
ENSG00000070526	17	76633785	76643785	-
ENSG00000136404	15	83107571	83117571	+
ENSG00000267168	17	76732977	76742977	+
ENSG00000065457	16	75613299	75623299	-
ENSG00000156976	3	186783204	186793204	+
ENSG00000112312	6	24774930	24784930	+
ENSG00000161547	17	76727332	76737332	-
ENSG00000133059	1	205201701	205211701	-
ENSG00000166503	15	83197822	83207822	-
ENSG00000128654	2	176269394	176279394	+
ENSG00000182952	6	26538365	26548365	+
ENSG00000233822	6	27837759	27847759	+
ENSG00000275221	6	27828374	27838374	-
ENSG00000276903	6	27865316	27875316	+
ENSG00000184357	6	27857587	27867587	-
ENSG00000275379	6	27862345	27872345	-
ENSG00000275126	6	27863533	27873533	-
ENSG00000169594	15	83274663	83284663	-
ENSG00000197153	6	27883105	27893105	-
ENSG00000278677	6	27883184	27893184	-
ENSG00000274641	6	27893424	27903424	+
ENSG00000268223	5	116032323	116042323	+
ENSG00000183770	3	138937136	138947136	-
ENSG00000168131	6	27902395	27912395	-
ENSG00000206262	3	138947216	138957216	+
ENSG00000206260	3	138996267	139006267	-
ENSG00000184814	3	139010925	139020925	-
ENSG00000233701	3	139034891	139044891	-
ENSG00000186007	1	205445953	205455953	-
ENSG00000114113	3	139470746	139480746	-
ENSG00000138792	4	110365732	110375732	+
ENSG00000115368	2	189441445	189451445	+
ENSG00000163428	3	120339353	120349353	-
ENSG00000206557	3	32817996	32827996	+
ENSG00000129667	17	76491789	76501789	-
ENSG00000066379	6	30058898	30068898	+
ENSG00000013374	7	151341771	151351771	+
ENSG00000164093	4	110632122	110642122	-
ENSG00000196460	2	101465111	101475111	-
ENSG00000070729	16	57961127	57971127	-
ENSG00000126457	19	49675785	49685785	+
ENSG00000236398	7	143183418	143193418	+
ENSG00000074964	1	17539697	17549697	+
ENSG00000221937	7	143222036	143232036	+
ENSG00000204619	6	30066708	30076708	+
ENSG00000111325	12	122974579	122984579	+
ENSG00000168056	11	65548929	65558929	-
ENSG00000079462	19	42293545	42303545	-
ENSG00000116918	1	231528540	231538540	+
ENSG00000204616	6	30103089	30113089	-
ENSG00000174749	4	112145453	112155453	+
ENSG00000285053	1	235328569	235338569	+
ENSG00000204614	6	30136123	30146123	+
ENSG00000167612	12	51888008	51898008	+
ENSG00000018280	2	218382028	218392028	+
ENSG00000182973	3	32685144	32695144	+
ENSG00000168004	11	63481193	63491193	-
ENSG00000231767	1	192716131	192726131	+
ENSG00000204613	6	30151210	30161210	-
ENSG00000137802	15	41774433	41784433	+
ENSG00000138660	4	112231739	112241739	+
ENSG00000145365	4	112275903	112285903	-
ENSG00000197448	7	143244092	143254092	+
ENSG00000161270	19	35859286	35869286	-
ENSG00000204610	6	30163205	30173205	+
ENSG00000157150	3	12148911	12158911	-
ENSG00000139567	12	51906907	51916907	+
ENSG00000169856	15	52781077	52791077	-
ENSG00000167635	19	36214601	36224601	+
ENSG00000198929	1	162069690	162079690	+
ENSG00000113013	5	138565674	138575674	-
ENSG00000062370	19	44357216	44367216	-
ENSG00000178826	7	143279956	143289956	+
ENSG00000162771	1	212624473	212634473	+
ENSG00000114204	3	167469003	167479003	-
ENSG00000251493	5	73438776	73448776	-
ENSG00000073331	4	112285508	112295508	+
ENSG00000138375	2	216412413	216422413	+
ENSG00000135503	12	51951698	51961698	+
ENSG00000106144	7	143288214	143298214	+
ENSG00000164331	5	73555666	73565666	-
ENSG00000179583	16	10866221	10876221	+
ENSG00000161835	12	52006945	52016945	+
ENSG00000159784	7	143352769	143362769	-
ENSG00000176393	1	201982371	201992371	+
ENSG00000123358	12	52022831	52032831	+
ENSG00000105287	19	46707126	46717126	-
ENSG00000164338	5	73565442	73575442	+
ENSG00000159579	16	57186136	57196136	+
ENSG00000006607	2	241356284	241366284	+
ENSG00000174606	1	213005866	213015866	-
ENSG00000188269	19	14825184	14835184	-
ENSG00000145741	5	73498407	73508407	+
ENSG00000129657	17	77088748	77098748	+
ENSG00000130312	19	17292608	17302608	+
ENSG00000159840	7	143381294	143391294	+
ENSG00000189067	16	11626380	11636380	-
ENSG00000144026	2	95155412	95165412	-
ENSG00000179088	12	103485977	103495977	-
ENSG00000179914	1	160875179	160885179	-
ENSG00000183733	2	70780642	70790642	-
ENSG00000235750	1	175182998	175192998	-
ENSG00000152700	5	134639270	134649270	-
ENSG00000170745	2	17877846	17887846	+
ENSG00000234745	6	31347187	31357187	-
ENSG00000146904	7	143398855	143408855	-
ENSG00000180336	17	44656403	44666403	+
ENSG00000114209	3	167724938	167734938	-
ENSG00000185899	7	143443452	143453452	+
ENSG00000221855	7	143477872	143487872	+
ENSG00000180329	17	44679778	44689778	-
ENSG00000271079	7	143571800	143581800	+
ENSG00000168754	2	96976579	96986579	-
ENSG00000283528	7	143637645	143647645	-
ENSG00000136011	12	103587272	103597272	+
ENSG00000138688	4	122152330	122162330	+
ENSG00000183454	16	10172927	10182927	-
ENSG00000113615	5	134648784	134658784	+
ENSG00000164615	5	134738494	134748494	+
ENSG00000163536	3	167735242	167745242	+
ENSG00000161692	17	44708607	44718607	+
ENSG00000214046	19	16650441	16660441	-
ENSG00000121446	1	182409191	182419191	+
ENSG00000155980	12	57546025	57556025	+
ENSG00000213853	16	10570631	10580631	-
ENSG00000234186	16	27066926	27076926	+
ENSG00000188037	7	143316110	143326110	+
ENSG00000166188	16	57990671	58000671	-
ENSG00000110075	11	68460730	68470730	+
ENSG00000229809	16	30562733	30572733	-
ENSG00000128626	19	38930943	38940943	+
ENSG00000123689	1	209675411	209685411	+
ENSG00000267631	19	49026894	49036894	-
ENSG00000170439	12	55681677	55691677	+
ENSG00000104818	19	49031889	49041889	+
ENSG00000204385	6	31869045	31879045	-
ENSG00000116903	1	231327851	231337851	-
ENSG00000145833	5	134758770	134768770	+
ENSG00000162804	2	240998617	241008617	+
ENSG00000127914	7	91940839	91950839	+
ENSG00000073670	17	44758987	44768987	+
ENSG00000181904	5	134845679	134855679	+
ENSG00000109736	4	2924833	2934833	-
ENSG00000167615	19	54448886	54458886	+
ENSG00000113621	5	134874370	134884370	+
ENSG00000166451	16	81006551	81016551	+
ENSG00000182963	17	44820815	44830815	-
ENSG00000142233	19	48663080	48673080	-
ENSG00000131097	17	44846352	44856352	+
ENSG00000114698	3	146241178	146251178	-
ENSG00000173264	11	64270061	64280061	+
ENSG00000180425	11	114390510	114400510	-
ENSG00000213676	6	32118252	32128252	-
ENSG00000113140	5	151676974	151686974	-
ENSG00000180902	2	241734601	241744601	+
ENSG00000204315	6	32120287	32130287	-
ENSG00000205423	16	50024409	50034409	+
ENSG00000171227	2	119429900	119439900	+
ENSG00000204314	6	32143082	32153082	-
ENSG00000285085	6	32144372	32154372	-
ENSG00000076053	11	114400029	114410029	+
ENSG00000205730	16	19113931	19123931	+
ENSG00000177556	5	151762531	151772531	-
ENSG00000157680	7	137837091	137847091	-
ENSG00000087269	4	2953405	2963405	-
ENSG00000163746	3	146485990	146495990	-
ENSG00000126856	16	90082071	90092071	-
ENSG00000135424	12	55706042	55716042	-
ENSG00000145888	5	151914850	151924850	-
ENSG00000124440	19	46297041	46307041	+
ENSG00000108883	17	44889444	44899444	-
ENSG00000182631	5	33936385	33946385	+
ENSG00000153815	16	81444807	81454807	+
ENSG00000258311	12	55716035	55726035	+
ENSG00000164175	5	33974692	33984692	-
ENSG00000135441	12	55716036	55726036	+
ENSG00000136536	2	159712456	159722456	+
ENSG00000162039	16	1874293	1884293	-
ENSG00000188313	3	146534855	146544855	-
ENSG00000135437	12	55720366	55730366	+
ENSG00000221988	6	32153440	32163440	+
ENSG00000242110	5	33998103	34008103	-
ENSG00000125388	4	2963570	2973570	+
ENSG00000144029	2	95139433	95149433	-
ENSG00000167131	17	44899141	44909141	+
ENSG00000214447	17	44899711	44909711	+
ENSG00000066923	7	100177562	100187562	+
ENSG00000118194	1	201367763	201377763	-
ENSG00000188981	4	3244368	3254368	+
ENSG00000082196	5	34033212	34043212	-
ENSG00000169258	5	176600155	176610155	-
ENSG00000145287	4	83127074	83137074	-
ENSG00000186185	17	44937772	44947772	-
ENSG00000241404	6	32164594	32174594	+
ENSG00000131094	17	44958302	44968302	-
ENSG00000074317	5	176620555	176630555	-
ENSG00000281406	1	205447090	205457090	-
ENSG00000122591	7	23004129	23014129	-
ENSG00000173085	4	83274913	83284913	-
ENSG00000143333	1	182594388	182604388	-
ENSG00000175766	5	176630617	176640617	+
ENSG00000254706	1	162365406	162375406	+
ENSG00000133794	11	13276651	13286651	+
ENSG00000164604	7	113077777	113087777	-
ENSG00000196155	16	67277509	67287509	+
ENSG00000141551	17	82263730	82273730	-
ENSG00000048140	5	176647386	176657386	+
ENSG00000104133	15	44653687	44663687	-
ENSG00000106268	7	2242225	2252225	+
ENSG00000135404	12	55719706	55729706	-
ENSG00000167733	19	5680603	5690603	+
ENSG00000204310	6	32168095	32178095	-
ENSG00000090581	16	1351930	1361930	+
ENSG00000182985	11	115494956	115504956	-
ENSG00000204308	6	32178404	32188404	+
ENSG00000172345	15	81314182	81324182	-
ENSG00000173762	17	82307607	82317607	-
ENSG00000074276	5	176542510	176552510	+
ENSG00000111412	12	116728069	116738069	-
ENSG00000113810	3	160399273	160409273	+
ENSG00000135116	12	116871440	116881440	-
ENSG00000184954	12	55460137	55470137	-
ENSG00000205327	12	55492377	55502377	+
ENSG00000198626	1	237042183	237052183	+
ENSG00000151304	5	121961974	121971974	+
ENSG00000173083	4	83325152	83335152	-
ENSG00000188869	15	81364212	81374212	-
ENSG00000110680	11	14962350	14972350	-
ENSG00000213186	3	160475772	160485772	-
ENSG00000141574	17	82324073	82334073	-
ENSG00000198797	1	177170957	177180957	+
ENSG00000136271	7	44565050	44575050	-
ENSG00000113083	5	122068412	122078412	-
ENSG00000182459	17	82359246	82369246	+
ENSG00000151414	1	198156993	198166993	+
ENSG00000066813	16	20566426	20576426	-
ENSG00000175567	11	73972842	73982842	-
ENSG00000204262	2	189215311	189225311	-
ENSG00000163312	4	83445854	83455854	-
ENSG00000177614	1	230416331	230426331	-
ENSG00000181396	17	82408636	82418636	-
ENSG00000104814	19	38608881	38618881	-
ENSG00000186432	3	160555570	160565570	-
ENSG00000106682	7	74174230	74184230	+
ENSG00000183831	1	173659850	173669850	-
ENSG00000111319	12	6367729	6377729	-
ENSG00000152093	2	130521196	130531196	+
ENSG00000179674	3	160677159	160687159	+
ENSG00000143858	1	202700453	202710453	-
ENSG00000163319	4	83455931	83465931	+
ENSG00000185033	15	90160603	90170603	+
ENSG00000083937	3	87227270	87237270	+
ENSG00000197472	1	246998092	247008092	-
ENSG00000164638	7	5274368	5284368	+
ENSG00000188585	1	178489633	178499633	-
ENSG00000283952	1	211178532	211188532	-
ENSG00000114251	3	55480538	55490538	-
ENSG00000163322	4	83513347	83523347	-
ENSG00000185043	15	90224046	90234046	-
ENSG00000213471	15	90249529	90259529	+
ENSG00000005187	16	20610242	20620242	+
ENSG00000111321	12	6375044	6385044	+
ENSG00000109511	4	168092536	168102536	+
ENSG00000182768	15	90265658	90275658	+
ENSG00000127831	2	218419120	218429120	+
ENSG00000275674	15	90266316	90276316	+
ENSG00000066654	16	20732083	20742083	-
ENSG00000183833	3	119703021	119713021	+
ENSG00000136643	1	213051232	213061232	+
ENSG00000178982	19	38619081	38629081	+
ENSG00000155849	7	37439222	37449222	-
ENSG00000137628	4	168308882	168318882	-
ENSG00000131626	11	70270689	70280689	+
ENSG00000285585	3	119703075	119713075	+
ENSG00000146205	2	241188508	241198508	+
ENSG00000139192	12	6451689	6461689	+
ENSG00000182472	19	38759903	38769903	-
ENSG00000204305	6	32174321	32184321	-
ENSG00000189143	7	73799541	73809541	+
ENSG00000178934	19	38789199	38799199	+
ENSG00000258083	7	141916398	141926398	+
ENSG00000213215	7	143954843	143964843	+
ENSG00000204304	6	32180201	32190201	-
ENSG00000114767	3	51931903	51941903	-
ENSG00000180929	3	51955380	51965380	+
ENSG00000196329	7	150722252	150732252	+
ENSG00000133069	1	205227945	205237945	+
ENSG00000240720	7	92169530	92179530	-
ENSG00000248487	3	51971425	51981425	+
ENSG00000171747	19	38802944	38812944	-
ENSG00000213654	6	32185522	32195522	-
ENSG00000162877	1	205840131	205850131	-
ENSG00000005189	16	20806428	20816428	+
ENSG00000128052	4	55115594	55125594	-
ENSG00000146776	7	105866598	105876598	-
ENSG00000109927	11	121101242	121111242	+
ENSG00000166743	16	20688889	20698889	-
ENSG00000114786	3	51974705	51984705	+
ENSG00000110427	11	33376107	33386107	+
ENSG00000103876	15	80152489	80162489	+
ENSG00000204301	6	32214066	32224066	-
ENSG00000069248	1	229498340	229508340	-
ENSG00000161048	7	103139559	103149559	-
ENSG00000178927	17	82440828	82450828	-
ENSG00000259417	15	80242212	80252212	-
ENSG00000010278	12	6199714	6209714	+
ENSG00000117791	1	220748224	220758224	+
ENSG00000130402	19	38647648	38657648	+
ENSG00000132434	7	55365336	55375336	+
ENSG00000120451	11	130906478	130916478	-
ENSG00000110955	12	56635983	56645983	-
ENSG00000282301	7	99725101	99735101	-
ENSG00000181163	5	171387115	171397115	+
ENSG00000117724	1	214603194	214613194	+
ENSG00000164182	5	60945176	60955176	+
ENSG00000054965	11	73588188	73598188	-
ENSG00000186104	11	14882230	14892230	-
ENSG00000168671	5	36061357	36071357	-
ENSG00000128951	15	48331010	48341010	+
ENSG00000115694	2	241499729	241509729	-
ENSG00000086619	1	236271957	236281957	-
ENSG00000183044	16	8674595	8684595	+
ENSG00000175544	11	67452405	67462405	+
ENSG00000253148	1	192316991	192326991	+
ENSG00000164187	5	36141886	36151886	-
ENSG00000090104	1	192575762	192585762	+
ENSG00000184857	16	8787641	8797641	-
ENSG00000110958	12	56678407	56688407	-
ENSG00000204381	11	111540279	111550279	+
ENSG00000285625	12	56731534	56741534	-
ENSG00000204296	6	32361911	32371911	-
ENSG00000163297	4	80115453	80125453	-
ENSG00000204290	6	32397127	32407127	-
ENSG00000152620	5	36232278	36242278	-
ENSG00000198700	1	201829148	201839148	+
ENSG00000198056	12	56742373	56752373	-
ENSG00000204287	6	32439877	32449877	+
ENSG00000163394	4	26480483	26490483	-
ENSG00000048545	6	42155405	42165405	+
ENSG00000163568	1	159137095	159147095	-
ENSG00000153048	16	8859011	8869011	-
ENSG00000159450	1	152105453	152115453	-
ENSG00000146112	6	30677894	30687894	-
ENSG00000283516	16	8881633	8891633	+
ENSG00000166147	15	48635720	48645720	-
ENSG00000105357	19	50188185	50198185	+
ENSG00000055609	7	152426643	152436643	-
ENSG00000141562	17	82458179	82468179	+
ENSG00000025423	12	56752160	56762160	+
ENSG00000137337	6	30707446	30717446	-
ENSG00000243989	3	51983339	51993339	+
ENSG00000125409	17	15331631	15341631	-
ENSG00000196230	6	30717434	30727434	+
ENSG00000149294	11	112961246	112971246	+
ENSG00000174197	15	41621133	41631133	+
ENSG00000162244	3	51985894	51995894	-
ENSG00000181827	15	56235081	56245081	-
ENSG00000187555	16	8965327	8975327	-
ENSG00000164086	3	52046570	52056570	-
ENSG00000168397	2	241637212	241647212	+
ENSG00000168214	4	26163454	26173454	+
ENSG00000145604	5	36151988	36161988	+
ENSG00000164087	3	52144689	52154689	-
ENSG00000143322	1	179219683	179229683	-
ENSG00000173511	11	64234583	64244583	+
ENSG00000214787	11	60233136	60243136	-
ENSG00000283247	7	45863081	45873081	-
ENSG00000128039	4	55346212	55356212	+
ENSG00000288695	4	55346227	55356227	+
ENSG00000137312	6	30732731	30742731	-
ENSG00000185220	1	248906195	248916195	+
ENSG00000146678	7	45888359	45898359	+
ENSG00000156738	11	60455845	60465845	+
ENSG00000153012	4	25020945	25030945	-
ENSG00000131791	1	147162549	147172549	-
ENSG00000196531	12	56721627	56731627	-
ENSG00000023330	3	52198085	52208085	+
ENSG00000137331	6	30734547	30744547	-
ENSG00000173366	3	52221189	52231189	-
ENSG00000247596	3	52236787	52246787	-
ENSG00000146674	7	45911873	45921873	-
ENSG00000038210	4	25160662	25170662	+
ENSG00000162769	1	212858274	212868274	+
ENSG00000071203	11	60492777	60502777	+
ENSG00000137285	6	3221729	3231729	-
ENSG00000071564	19	1642614	1652614	-
ENSG00000283536	12	53241888	53251888	+
ENSG00000182544	12	53251250	53261250	+
ENSG00000198690	15	30890558	30900558	+
ENSG00000180822	6	3231402	3241402	+
ENSG00000168228	4	25312773	25322773	+
ENSG00000170852	7	32884130	32894130	-
ENSG00000204979	11	60515391	60525391	+
ENSG00000109099	17	15262291	15272291	-
ENSG00000133065	1	205803747	205813747	-
ENSG00000164088	3	52245758	52255758	+
ENSG00000135476	12	53268298	53278298	+
ENSG00000145907	5	151771044	151781044	+
ENSG00000166912	15	30981627	30991627	-
ENSG00000164091	3	52278019	52288019	-
ENSG00000109618	4	25150549	25160549	-
ENSG00000110079	11	60185656	60195656	+
ENSG00000170561	5	2741676	2751676	-
ENSG00000169252	5	148826610	148836610	+
ENSG00000122642	7	32957403	32967403	+
ENSG00000168237	3	52287088	52297088	+
ENSG00000137266	6	3447049	3457049	-
ENSG00000166670	11	102770627	102780627	-
ENSG00000164287	5	55163176	55173176	-
ENSG00000132507	17	7306998	7316998	+
ENSG00000123349	12	53295290	53305290	+
ENSG00000137267	6	3147543	3157543	-
ENSG00000287363	6	42155405	42165405	+
ENSG00000122643	7	33052795	33062795	-
ENSG00000163930	3	52400007	52410007	-
ENSG00000042781	1	216413447	216423447	-
ENSG00000164403	5	132820658	132830658	-
ENSG00000167522	16	89480560	89490560	-
ENSG00000164610	7	33099404	33109404	-
ENSG00000163923	3	187170907	187180907	-
ENSG00000139637	12	53299694	53309694	+
ENSG00000112541	6	165978077	165988077	-
ENSG00000197008	7	64794387	64804387	+
ENSG00000125746	19	45635601	45645601	-
ENSG00000277462	1	247068810	247078810	-
ENSG00000288715	16	89408291	89418291	-
ENSG00000128641	2	191245184	191255184	+
ENSG00000035687	1	244441908	244451908	-
ENSG00000073849	3	186930324	186940324	+
ENSG00000182898	1	152079063	152089063	-
ENSG00000048342	4	15469864	15479864	+
ENSG00000132522	17	7305563	7315563	-
ENSG00000172977	11	65711995	65721995	+
ENSG00000180287	1	242514696	242524696	-
ENSG00000086504	16	361288	371288	-
ENSG00000163884	3	126347407	126357407	-
ENSG00000011451	19	15439955	15449955	-
ENSG00000172922	11	65710817	65720817	-
ENSG00000163885	3	126394908	126404908	+
ENSG00000205085	7	128671692	128681692	+
ENSG00000077585	1	236142504	236152504	+
ENSG00000134160	15	31151272	31161272	-
ENSG00000187416	7	104328602	104338602	+
ENSG00000129925	16	377112	387112	-
ENSG00000254470	11	65770975	65780975	-
ENSG00000172818	11	65787062	65797062	+
ENSG00000187806	15	72398301	72408301	+
ENSG00000153132	4	140417660	140427660	-
ENSG00000185988	19	1508022	1518022	+
ENSG00000070476	3	126465890	126475890	-
ENSG00000205301	4	140488376	140498376	-
ENSG00000172757	11	65852025	65862025	-
ENSG00000075303	7	87866359	87876359	-
ENSG00000094914	12	53314863	53324863	-
ENSG00000160953	19	1354710	1364710	+
ENSG00000159650	3	126507772	126517772	-
ENSG00000179387	4	140524167	140534167	+
ENSG00000180767	3	126524154	126534154	+
ENSG00000170374	12	53335314	53345314	-
ENSG00000180697	3	126548964	126558964	-
ENSG00000109424	4	140558960	140568960	-
ENSG00000172803	11	65833833	65843833	+
ENSG00000121895	4	39022921	39032921	-
ENSG00000174004	3	196639693	196649693	+
ENSG00000115255	19	1491165	1501165	+
ENSG00000103202	16	396724	406724	+
ENSG00000006634	7	87876215	87886215	+
ENSG00000185591	12	53380175	53390175	+
ENSG00000180370	3	196739856	196749856	+
ENSG00000174007	3	196702249	196712249	-
ENSG00000138794	4	109693582	109703582	-
ENSG00000136628	1	220036529	220046529	-
ENSG00000215041	17	7319392	7329392	-
ENSG00000163431	1	201936587	201946587	-
ENSG00000123739	4	109720069	109730069	-
ENSG00000285330	4	109791998	109801998	-
ENSG00000135835	1	180912896	180922896	+
ENSG00000135409	12	53423854	53433854	+
ENSG00000242612	16	401857	411857	+
ENSG00000075142	7	88216992	88226992	-
ENSG00000172732	11	65857125	65867125	+
ENSG00000109534	4	109815509	109825509	+
ENSG00000230124	1	180492953	180502953	-
ENSG00000175161	3	84958988	84968988	+
ENSG00000141867	19	15322544	15332544	-
ENSG00000180245	4	109827971	109837971	+
ENSG00000072818	17	7336528	7346528	+
ENSG00000125144	16	56658064	56668064	-
ENSG00000183423	4	109848106	109858106	+
ENSG00000160877	19	13116861	13126861	+
ENSG00000127954	7	88296893	88306893	-
ENSG00000260734	16	71432053	71442053	-
ENSG00000112851	5	65926555	65936555	+
ENSG00000205352	12	53441677	53451677	+
ENSG00000174282	17	7474262	7484262	-
ENSG00000111799	6	75196266	75206266	-
ENSG00000138813	4	99511011	99521011	+
ENSG00000172543	11	65879808	65889808	+
ENSG00000094916	12	54270132	54280132	-
ENSG00000184432	3	139379735	139389735	-
ENSG00000138823	4	99564080	99574080	+
ENSG00000157429	16	71555088	71565088	-
ENSG00000104915	19	13140382	13150382	-
ENSG00000228696	17	46351796	46361796	-
ENSG00000160888	19	13150410	13160410	+
ENSG00000134640	11	92969650	92979650	+
ENSG00000123405	12	54291014	54301014	-
ENSG00000170365	4	145481193	145491193	+
ENSG00000140835	16	71525232	71535232	+
ENSG00000198218	3	49084362	49094362	-
ENSG00000237136	4	145680145	145690145	+
ENSG00000198650	16	71567091	71577091	-
ENSG00000180773	11	93187990	93197990	-
ENSG00000112697	6	75274947	75284947	-
ENSG00000176681	17	46292732	46302732	+
ENSG00000140832	16	71626160	71636160	+
ENSG00000213614	15	72366419	72376419	-
ENSG00000143473	1	211124164	211134164	-
ENSG00000151611	4	145599041	145609041	+
ENSG00000205403	4	109791998	109801998	-
ENSG00000146197	6	35213955	35223955	+
ENSG00000185829	17	46569690	46579690	-
ENSG00000165323	11	92224817	92234817	+
ENSG00000131437	5	132727637	132737637	-
ENSG00000168385	2	241315099	241325099	+
ENSG00000140548	15	90001323	90011323	+
ENSG00000111481	12	54301201	54311201	+
ENSG00000196611	11	102788159	102798159	-
ENSG00000145242	4	65660494	65670494	-
ENSG00000040199	16	71714700	71724700	-
ENSG00000137460	4	152936322	152946322	+
ENSG00000139572	12	54354486	54364486	-
ENSG00000066382	11	30576871	30586871	-
ENSG00000111639	12	6483840	6493840	-
ENSG00000182054	15	90092476	90102476	-
ENSG00000065029	6	35258908	35268908	+
ENSG00000171053	11	125746278	125756278	+
ENSG00000196391	15	90352283	90362283	+
ENSG00000129187	4	182907935	182917935	-
ENSG00000196844	11	125768827	125778827	-
ENSG00000023892	6	35297817	35307817	+
ENSG00000236027	11	125788126	125798126	+
ENSG00000237353	11	125833315	125843315	+
ENSG00000198331	11	125883613	125893613	+
ENSG00000110060	11	125893220	125903220	-
ENSG00000072134	17	19215614	19225614	+
ENSG00000007341	1	112610824	112620824	-
ENSG00000137473	4	146935881	146945881	-
ENSG00000112033	6	35342557	35352557	+
ENSG00000179010	4	6640090	6650090	+
ENSG00000112039	6	35452337	35462337	+
ENSG00000155508	5	154857552	154867552	+
ENSG00000198755	6	35468400	35478400	+
ENSG00000109475	4	108620568	108630568	+
ENSG00000010292	12	6493355	6503355	+
ENSG00000158985	5	131245492	131255492	+
ENSG00000164074	4	127965305	127975305	+
ENSG00000164266	5	147821670	147831670	-
ENSG00000166484	17	19377720	19387720	+
ENSG00000007866	6	35487078	35497078	-
ENSG00000166747	16	71799200	71809200	-
ENSG00000162975	2	10911933	10921933	+
ENSG00000138756	4	78776341	78786341	+
ENSG00000109832	11	125903347	125913347	+
ENSG00000150873	2	11133127	11143127	+
ENSG00000283703	11	125946055	125956055	+
ENSG00000140575	15	90388241	90398241	+
ENSG00000153130	4	140257285	140267285	+
ENSG00000165526	11	126201691	126211691	-
ENSG00000166482	17	19377189	19387189	-
ENSG00000162976	2	11155197	11165197	+
ENSG00000277639	16	53042872	53052872	-
ENSG00000166483	11	9573669	9583669	+
ENSG00000128482	17	19411124	19421124	+
ENSG00000112041	6	35502895	35512895	-
ENSG00000134369	1	201622884	201632884	+
ENSG00000110108	11	60914157	60924157	+
ENSG00000130363	6	158990201	159000201	-
ENSG00000008277	7	87934142	87944142	+
ENSG00000164691	6	159035151	159045151	-
ENSG00000006118	11	60924459	60934459	+
ENSG00000179148	17	8109046	8119046	-
ENSG00000111640	12	6534511	6544511	+
ENSG00000166145	15	40844017	40854017	+
ENSG00000146267	6	99340061	99350061	-
ENSG00000132423	6	99384194	99394194	-
ENSG00000117222	1	205112014	205122014	-
ENSG00000132424	6	99415330	99425330	-
ENSG00000050748	5	180282098	180292098	-
ENSG00000172053	3	49095129	49105129	-
ENSG00000182446	17	81638464	81648464	-
ENSG00000134318	2	11338329	11348329	-
ENSG00000109689	4	26857600	26867600	+
ENSG00000175325	5	177986241	177996241	-
ENSG00000175416	5	176406538	176416538	-
ENSG00000182612	17	81637170	81647170	+
ENSG00000186088	7	77406348	77416348	-
ENSG00000185527	17	81653111	81663111	-
ENSG00000204237	17	81656634	81666634	-
ENSG00000103546	16	55655987	55665987	+
ENSG00000151247	4	98919132	98929132	-
ENSG00000185298	17	81666736	81676736	+
ENSG00000013725	11	60971679	60981679	+
ENSG00000179335	15	74598499	74608499	+
ENSG00000262814	17	81703366	81713366	+
ENSG00000166509	16	78022514	78032514	+
ENSG00000262660	17	81703370	81713370	+
ENSG00000002549	4	17577197	17587197	+
ENSG00000186153	16	78099399	78109399	+
ENSG00000169016	2	11456176	11466176	-
ENSG00000129007	15	68196078	68206078	-
ENSG00000163623	4	84489291	84499291	-
ENSG00000183048	17	81712235	81722235	+
ENSG00000123552	6	99511727	99521727	-
ENSG00000183476	15	78077807	78087807	+
ENSG00000110446	11	60942652	60952652	-
ENSG00000197226	5	179897896	179907896	-
ENSG00000186765	17	81528376	81538376	+
ENSG00000279170	6	99520975	99530975	+
ENSG00000113205	5	141100472	141110472	+
ENSG00000167311	11	3632315	3642315	-
ENSG00000151881	5	43473892	43483892	-
ENSG00000175595	16	13920137	13930137	+
ENSG00000127947	7	77537294	77547294	+
ENSG00000129744	11	3645127	3655127	+
ENSG00000172058	5	70900668	70910668	+
ENSG00000129749	11	3661383	3671383	-
ENSG00000140403	15	78264085	78274085	+
ENSG00000156453	5	141869245	141879245	-
ENSG00000221813	7	144000319	144010319	+
ENSG00000153234	2	156332347	156342347	-
ENSG00000146618	7	19135420	19145420	-
ENSG00000266714	17	75588057	75598057	+
ENSG00000152795	4	82420461	82430461	-
ENSG00000261794	15	30604027	30614027	+
ENSG00000122783	7	135160794	135170794	-
ENSG00000170469	5	139394088	139404088	-
ENSG00000198216	1	181317689	181327689	+
ENSG00000146859	7	135148071	135158071	+
ENSG00000184716	15	43790219	43800219	-
ENSG00000152583	4	87521060	87531060	-
ENSG00000091262	16	16213521	16223521	-
ENSG00000167202	15	78067723	78077723	-
ENSG00000143324	1	180632021	180642021	+
ENSG00000082074	5	39264527	39274527	-
ENSG00000105875	7	135201554	135211554	-
ENSG00000104059	15	29560978	29570978	-
ENSG00000230778	15	40273063	40283063	-
ENSG00000109771	4	185385923	185395923	-
ENSG00000115159	2	156435289	156445289	+
ENSG00000118193	1	200610750	200620750	-
ENSG00000198842	1	167094074	167104074	+
ENSG00000146857	7	135231978	135241978	+
ENSG00000164112	4	121755426	121765426	-
ENSG00000172046	3	49110937	49120937	-
ENSG00000118898	16	4950740	4960740	-
ENSG00000111641	12	6558690	6568690	-
ENSG00000205208	4	158662254	158672254	-
ENSG00000106460	7	12211269	12221269	+
ENSG00000108469	17	75657188	75667188	-
ENSG00000164172	5	53100062	53110062	-
ENSG00000103184	16	4958329	4968329	+
ENSG00000103653	15	74782079	74792079	+
ENSG00000120341	1	177974302	177984302	-
ENSG00000138386	2	190646745	190656745	+
ENSG00000259120	17	75646242	75656242	+
ENSG00000172037	3	49123117	49133117	-
ENSG00000110713	11	3787791	3797791	-
ENSG00000183208	15	90233807	90243807	+
ENSG00000146530	7	12393940	12403940	-
ENSG00000033011	16	5033701	5043701	+
ENSG00000131435	5	132257695	132267695	+
ENSG00000198756	1	184027728	184037728	-
ENSG00000177352	3	49156330	49166330	-
ENSG00000185909	3	49171597	49181597	+
ENSG00000236980	3	49181857	49191857	-
ENSG00000197208	5	132294393	132304393	+
ENSG00000112237	6	99558824	99568824	-
ENSG00000160991	7	102433105	102443105	+
ENSG00000225932	7	144183465	144193465	+
ENSG00000159173	1	201419865	201429865	-
ENSG00000213214	7	144185832	144195832	-
ENSG00000115419	2	190880820	190890820	+
ENSG00000212807	7	144229604	144239604	-
ENSG00000137766	15	53978200	53988200	+
ENSG00000243896	7	144254791	144264791	-
ENSG00000244693	7	144259287	144269287	-
ENSG00000082213	5	31532286	31542286	+
ENSG00000259823	1	248745758	248755758	-
ENSG00000162004	16	716953	726953	-
ENSG00000161526	17	75667250	75677250	+
ENSG00000178035	3	49019446	49029446	-
ENSG00000171503	4	158671967	158681967	+
ENSG00000153291	6	46652914	46662914	+
ENSG00000221970	7	144312418	144322418	+
ENSG00000180113	6	46687874	46697874	+
ENSG00000135749	1	233285724	233295724	-
ENSG00000138378	2	191141595	191151595	-
ENSG00000163646	3	150962726	150972726	-
ENSG00000171497	4	158713395	158723395	-
ENSG00000072682	5	132285314	132295314	-
ENSG00000146070	6	46725692	46735692	-
ENSG00000029559	4	87799553	87809553	+
ENSG00000152595	4	87821410	87831410	+
ENSG00000050327	7	144355287	144365287	+
ENSG00000091010	5	146338838	146348838	+
ENSG00000134398	16	23703225	23713225	-
ENSG00000106410	7	144400226	144410226	-
ENSG00000221836	7	144048947	144058947	+
ENSG00000221933	7	144069810	144079810	+
ENSG00000221858	7	144086277	144096277	+
ENSG00000069122	6	46944942	46954942	-
ENSG00000221938	7	144123175	144133175	+
ENSG00000166869	16	23755025	23765025	+
ENSG00000118762	4	88007634	88017634	+
ENSG00000240303	3	132650081	132660081	-
ENSG00000148985	11	3797723	3807723	+
ENSG00000177105	11	3830958	3840958	-
ENSG00000172349	15	81159574	81169574	+
ENSG00000274810	3	132712458	132722458	-
ENSG00000184863	7	155644450	155654450	+
ENSG00000129048	3	132597269	132607269	+
ENSG00000164690	7	155802462	155812462	-
ENSG00000118777	4	88221627	88231627	-
ENSG00000166501	16	23835982	23845982	+
ENSG00000173517	15	77410143	77420143	-
ENSG00000116062	2	47695529	47705529	+
ENSG00000006116	16	24256334	24266334	+
ENSG00000113360	5	31522195	31532195	-
ENSG00000144741	3	66133609	66143609	+
ENSG00000196526	4	7929925	7939925	-
ENSG00000284701	2	46479564	46489564	+
ENSG00000167325	11	4094706	4104706	+
ENSG00000250565	2	46532576	46542576	-
ENSG00000119729	2	46541805	46551805	+
ENSG00000105982	7	156640280	156650280	+
ENSG00000151665	2	46607054	46617054	-
ENSG00000047346	15	52699816	52709816	-
ENSG00000138772	4	78551746	78561746	+
ENSG00000122257	16	24537692	24547692	+
ENSG00000119878	2	46616415	46626415	+
ENSG00000142875	1	84078061	84088061	+
ENSG00000167323	11	3854526	3864526	+
ENSG00000182831	16	9091643	9101643	+
ENSG00000072274	3	196072095	196082095	-
ENSG00000156475	5	147074783	147084783	-
ENSG00000132470	17	75721327	75731327	+
ENSG00000105983	7	156883215	156893215	-
ENSG00000143786	1	224434659	224444659	+
ENSG00000242515	2	233636453	233646453	+
ENSG00000285868	5	157450099	157460099	-
ENSG00000172568	5	157335676	157345676	-
ENSG00000175265	15	34427807	34437807	-
ENSG00000166278	6	31897784	31907784	+
ENSG00000187079	11	12674420	12684420	+
ENSG00000172548	5	157460212	157470212	+
ENSG00000241119	2	233671897	233681897	+
ENSG00000140650	16	8788822	8798822	+
ENSG00000189431	11	13009315	13019315	+
ENSG00000132475	17	75775892	75785892	-
ENSG00000138759	4	78057322	78067322	+
ENSG00000010165	1	171781659	171791659	+
ENSG00000146909	7	156949711	156959711	+
ENSG00000152591	4	87608528	87618528	+
ENSG00000130675	7	157000662	157010662	-
ENSG00000167005	16	56442198	56452198	-
ENSG00000132478	17	75784805	75794805	+
ENSG00000244255	6	31927697	31937697	+
ENSG00000054282	1	243256033	243266033	+
ENSG00000155016	4	107931548	107941548	+
ENSG00000167165	2	233691606	233701606	+
ENSG00000088726	3	12759456	12769456	-
ENSG00000241635	2	233760269	233770269	+
ENSG00000085733	11	70398403	70408403	+
ENSG00000138821	4	102421257	102431257	-
ENSG00000185038	2	233775678	233785678	+
ENSG00000116406	1	184744906	184754906	-
ENSG00000092929	17	75834551	75844551	-
ENSG00000243649	6	31945649	31955649	+
ENSG00000140254	15	45119937	45129937	-
ENSG00000279782	1	144592867	144602867	+
ENSG00000106633	7	44188169	44198169	-
ENSG00000144712	3	12796471	12806471	+
ENSG00000170279	7	148590765	148600765	+
ENSG00000123485	2	233844565	233854565	-
ENSG00000183060	15	99723560	99733560	-
ENSG00000144713	3	12831581	12841581	-
ENSG00000113161	5	75336328	75346328	+
ENSG00000188659	15	82262809	82272809	+
ENSG00000177693	15	101913112	101923112	-
ENSG00000143126	1	109249538	109259538	+
ENSG00000140265	15	43361042	43371042	-
ENSG00000183780	1	233904675	233914675	+
ENSG00000177971	15	75638705	75648705	-
ENSG00000050767	5	178580392	178590392	-
ENSG00000162105	11	71242576	71252576	-
ENSG00000132471	17	75846506	75856506	-
ENSG00000144481	2	233917372	233927372	+
ENSG00000111642	12	6604523	6614523	-
ENSG00000113240	5	178620614	178630614	-
ENSG00000204356	6	31949037	31959037	-
ENSG00000132155	3	12654124	12664124	-
ENSG00000132481	17	75868580	75878580	-
ENSG00000157890	15	66243749	66253749	-
ENSG00000284479	2	131035091	131045091	+
ENSG00000182103	11	82723863	82733863	-
ENSG00000109320	4	102501330	102511330	+
ENSG00000141569	17	75886950	75896950	-
ENSG00000152102	2	131083459	131093459	-
ENSG00000204316	17	75895092	75905092	-
ENSG00000055130	7	148697913	148707913	+
ENSG00000015153	12	42228348	42238348	-
ENSG00000082701	3	120084993	120094993	-
ENSG00000008869	2	37074371	37084371	-
ENSG00000188878	17	75931139	75941139	-
ENSG00000127481	1	19200265	19210265	-
ENSG00000218739	2	37196487	37206487	+
ENSG00000176783	5	179550553	179560553	+
ENSG00000109323	4	102750993	102760993	-
ENSG00000214575	15	82638860	82648860	-
ENSG00000106462	7	148874320	148884320	-
ENSG00000204351	6	31959116	31969116	+
ENSG00000137509	11	82960583	82970583	-
ENSG00000115816	2	37221595	37231595	-
ENSG00000161533	17	75969176	75979176	-
ENSG00000154917	3	133885881	133895881	-
ENSG00000229474	15	44701322	44711322	-
ENSG00000235711	15	79282721	79292721	+
ENSG00000162702	1	200400055	200410055	-
ENSG00000125124	16	56572666	56582666	-
ENSG00000188315	3	49267231	49277231	-
ENSG00000155660	7	149018661	149028661	-
ENSG00000257949	17	75979239	75989239	+
ENSG00000003509	2	37231630	37241630	+
ENSG00000204348	6	31962289	31972289	-
ENSG00000224470	16	71808438	71818438	+
ENSG00000165490	11	82899974	82909974	+
ENSG00000215252	15	34578502	34588502	-
ENSG00000143194	1	166975581	166985581	+
ENSG00000167880	17	76017305	76027305	-
ENSG00000174307	1	201459236	201469236	-
ENSG00000055118	7	150968320	150978320	-
ENSG00000115825	2	37314832	37324832	-
ENSG00000137502	11	83061922	83071922	-
ENSG00000167881	17	76062516	76072516	-
ENSG00000134283	12	42238446	42248446	+
ENSG00000166069	15	37921938	37931938	+
ENSG00000114316	3	49330711	49340711	-
ENSG00000135205	7	77122433	77132433	+
ENSG00000115828	2	37342826	37352826	+
ENSG00000230358	7	67278713	67288713	+
ENSG00000163171	2	37728467	37738467	-
ENSG00000141837	19	13623024	13633024	-
ENSG00000205238	7	102551231	102561231	+
ENSG00000163602	3	72436622	72446622	-
ENSG00000139168	12	42316256	42326256	-
ENSG00000169045	5	179624783	179634783	-
ENSG00000177951	11	197427	207427	-
ENSG00000188076	11	193077	203077	+
ENSG00000155428	7	72959465	72969465	-
ENSG00000244731	6	31982056	31992056	+
ENSG00000108641	17	19368192	19378192	-
ENSG00000177947	11	196760	206760	+
ENSG00000054267	1	235318218	235328218	-
ENSG00000070444	17	2391103	2401103	-
ENSG00000142082	11	226930	236930	-
ENSG00000273520	7	73019765	73029765	-
ENSG00000145014	3	194623688	194633688	-
ENSG00000286228	7	73047910	73057910	-
ENSG00000182149	16	71845995	71855995	+
ENSG00000127804	17	2501890	2511890	-
ENSG00000135845	1	172434085	172444085	-
ENSG00000010295	12	6546072	6556072	-
ENSG00000224982	12	119593773	119603773	+
ENSG00000175137	1	248815914	248825914	-
ENSG00000214216	3	158962927	158972927	+
ENSG00000179218	19	12938577	12948577	+
ENSG00000269720	19	17384157	17394157	-
ENSG00000196639	3	11137092	11147092	+
ENSG00000130303	19	17395629	17405629	-
ENSG00000286038	7	75281242	75291242	+
ENSG00000119004	2	203238976	203248976	+
ENSG00000134245	1	112466540	112476540	+
ENSG00000204659	5	179671033	179681033	-
ENSG00000111725	12	119667863	119677863	+
ENSG00000286137	7	75309170	75319170	+
ENSG00000286014	7	75337137	75347137	+
ENSG00000236609	7	6615609	6625609	+
ENSG00000069275	1	205740181	205750181	-
ENSG00000205903	7	6637317	6647317	+
ENSG00000143674	1	233327723	233337723	+
ENSG00000185627	11	236965	246965	+
ENSG00000164631	7	6696946	6706946	-
ENSG00000187889	1	56809695	56819695	-
ENSG00000109332	4	102858895	102868895	-
ENSG00000134375	1	201955502	201965502	+
ENSG00000141971	19	17405721	17415721	+
ENSG00000145194	3	184276010	184286010	+
ENSG00000102984	16	71885335	71895335	-
ENSG00000188051	19	17438667	17448667	-
ENSG00000269035	19	17450803	17460803	-
ENSG00000171773	19	17450925	17460925	-
ENSG00000174885	11	278406	288406	+
ENSG00000097046	1	91500850	91510850	+
ENSG00000007168	17	2593209	2603209	+
ENSG00000224389	6	32014794	32024794	+
ENSG00000232113	1	173635337	173645337	+
ENSG00000105538	19	48730609	48740609	-
ENSG00000106077	7	73728851	73738851	-
ENSG00000203667	1	244835615	244845615	+
ENSG00000156413	19	5829721	5839721	-
ENSG00000102967	16	72008587	72018587	+
ENSG00000142102	11	289125	299125	+
ENSG00000263353	1	120889745	120899745	+
ENSG00000121058	17	56951049	56961049	-
ENSG00000171124	19	5841473	5851473	-
ENSG00000206013	11	289525	299525	-
ENSG00000140830	16	72084430	72094430	-
ENSG00000130383	19	5860539	5870539	-
ENSG00000173166	2	203525334	203535334	-
ENSG00000182272	11	369498	379498	+
ENSG00000170185	4	143184916	143194916	+
ENSG00000099866	19	489175	499175	+
ENSG00000121064	17	56978128	56988128	+
ENSG00000184363	11	392613	402613	+
ENSG00000127022	5	179678627	179688627	+
ENSG00000145391	4	139596698	139606698	-
ENSG00000185187	11	407454	417454	-
ENSG00000085871	4	139665767	139675767	+
ENSG00000005448	2	74421677	74431677	+
ENSG00000090097	3	51964015	51974015	-
ENSG00000231852	6	32038326	32048326	+
ENSG00000183876	5	150329306	150339306	-
ENSG00000180573	6	26124144	26134144	+
ENSG00000121057	17	57085091	57095091	+
ENSG00000282988	6	26189292	26199292	-
ENSG00000197409	6	26187285	26197285	-
ENSG00000196866	6	26189292	26199292	-
ENSG00000277224	6	26199519	26209519	+
ENSG00000184985	4	7192537	7202537	+
ENSG00000122966	12	119867319	119877319	-
ENSG00000276966	6	26204551	26214551	+
ENSG00000273802	6	26206691	26216691	-
ENSG00000277075	6	26216974	26226974	+
ENSG00000124575	6	26224986	26234986	-
ENSG00000274618	6	26240392	26250392	+
ENSG00000275663	6	26236995	26246995	-
ENSG00000277775	6	26240634	26250634	-
ENSG00000275713	6	26251650	26261650	+
ENSG00000172270	19	571276	581276	+
ENSG00000273983	6	26261814	26271814	-
ENSG00000114993	2	74432421	74442421	-
ENSG00000278588	6	26272930	26282930	+
ENSG00000185101	11	432010	442010	-
ENSG00000105464	19	48393667	48403667	+
ENSG00000105523	19	48605075	48615075	-
ENSG00000175591	11	73218280	73228280	+
ENSG00000257017	16	72054504	72064504	+
ENSG00000006638	19	3596874	3606874	-
ENSG00000115274	2	74455086	74465086	+
ENSG00000186470	6	26365158	26375158	+
ENSG00000164022	4	106315543	106325543	+
ENSG00000153944	17	57255850	57265850	+
ENSG00000105298	19	3616814	3626814	-
ENSG00000261701	16	72063147	72073147	+
ENSG00000239779	2	74458399	74468399	+
ENSG00000146648	7	55019016	55029016	+
ENSG00000171631	11	73264497	73274497	+
ENSG00000288681	11	308407	318407	+
ENSG00000204822	2	74462686	74472686	-
ENSG00000185885	11	310040	320040	+
ENSG00000169894	7	100949533	100959533	+
ENSG00000180891	17	57945411	57955411	-
ENSG00000135637	2	74473407	74483407	-
ENSG00000136451	17	57978258	57988258	-
ENSG00000186111	19	3690467	3700467	-
ENSG00000169876	7	101020071	101030071	+
ENSG00000166257	11	123645243	123655243	-
ENSG00000169871	7	101085480	101095480	+
ENSG00000140829	16	72093612	72103612	+
ENSG00000105991	7	27085999	27095999	-
ENSG00000136450	17	57997345	58007345	-
ENSG00000089693	12	6757474	6767474	-
ENSG00000115282	2	74483072	74493072	+
ENSG00000124508	6	26383095	26393095	+
ENSG00000105996	7	27092685	27102685	-
ENSG00000264364	17	58083418	58093418	+
ENSG00000166261	11	123731674	123741674	-
ENSG00000121053	17	58192725	58202725	+
ENSG00000179528	2	74493315	74503315	-
ENSG00000286190	17	5491005	5501005	-
ENSG00000105127	19	15369814	15379814	-
ENSG00000197576	7	27120779	27130779	-
ENSG00000114346	3	172750681	172760681	+
ENSG00000070814	5	150357628	150367628	+
ENSG00000106004	7	27133680	27143680	-
ENSG00000157426	4	56377507	56387507	-
ENSG00000106006	7	27140602	27150602	-
ENSG00000122592	7	27147935	27157935	-
ENSG00000215021	12	6960779	6970779	-
ENSG00000078399	7	27165179	27175179	-
ENSG00000115289	2	74497694	74507694	-
ENSG00000257184	7	27170012	27180012	-
ENSG00000167889	17	76868403	76878403	+
ENSG00000115297	2	74513462	74523462	+
ENSG00000253293	7	27170260	27180260	-
ENSG00000026950	6	26402236	26412236	+
ENSG00000005073	7	27175231	27185231	-
ENSG00000167117	17	50757556	50767556	-
ENSG00000120837	12	104128240	104138240	-
ENSG00000019582	5	150402968	150412968	-
ENSG00000171204	11	85628572	85638572	+
ENSG00000144045	2	74516280	74526280	-
ENSG00000106031	7	27190090	27200090	-
ENSG00000128059	4	56425614	56435614	-
ENSG00000106038	7	27242699	27252699	+
ENSG00000171202	11	85647966	85657966	+
ENSG00000164587	5	150439738	150449738	-
ENSG00000089351	19	34994783	35004783	+
ENSG00000179071	11	85676194	85686194	-
ENSG00000243678	17	51165434	51175434	+
ENSG00000166589	16	66908916	66918916	-
ENSG00000115307	2	74519759	74529759	-
ENSG00000109265	4	56049097	56059097	+
ENSG00000277149	7	72818199	72828199	-
ENSG00000166592	16	66915535	66925535	-
ENSG00000081041	4	74089195	74099195	-
ENSG00000111801	6	26440471	26450471	+
ENSG00000117114	1	81306146	81316146	+
ENSG00000166595	16	66924422	66934422	-
ENSG00000111875	6	118894151	118904151	+
ENSG00000002919	17	48103356	48113356	+
ENSG00000114127	3	142438061	142448061	-
ENSG00000182585	4	74308469	74318469	+
ENSG00000126860	17	31311748	31321748	-
ENSG00000087903	19	6189571	6199571	-
ENSG00000198431	12	104215778	104225778	+
ENSG00000111877	6	118925161	118935161	-
ENSG00000130305	7	73298825	73308825	-
ENSG00000203737	1	174447963	174457963	+
ENSG00000130382	19	6269974	6279974	-
ENSG00000138363	2	215311955	215321955	+
ENSG00000146755	7	73318081	73328081	-
ENSG00000079215	5	36596587	36606587	+
ENSG00000167769	19	6323611	6333611	-
ENSG00000172831	16	66934443	66944443	+
ENSG00000255150	12	104303738	104313738	+
ENSG00000125656	19	6361530	6371530	+
ENSG00000108352	17	40177009	40187009	+
ENSG00000125652	19	6372793	6382793	+
ENSG00000125650	19	6369057	6379057	-
ENSG00000135119	12	116738177	116748177	+
ENSG00000135333	6	93409686	93419686	-
ENSG00000185420	1	246497311	246507311	-
ENSG00000152253	2	168903370	168913370	-
ENSG00000077800	7	73328160	73338160	+
ENSG00000094880	5	138203342	138213342	-
ENSG00000138796	4	107989713	107999713	+
ENSG00000172828	16	66961244	66971244	+
ENSG00000152254	2	168901290	168911290	+
ENSG00000138755	4	75997508	76007508	-
ENSG00000076321	1	173714940	173724940	+
ENSG00000153993	7	85177055	85187055	-
ENSG00000146013	5	138264620	138274620	-
ENSG00000125651	19	6383980	6393980	-
ENSG00000073734	2	169021323	169031323	-
ENSG00000149948	12	65824459	65834459	+
ENSG00000143575	1	154272588	154282588	+
ENSG00000181240	19	6423778	6433778	-
ENSG00000172824	16	66988588	66998588	+
ENSG00000156219	4	76011183	76021183	+
ENSG00000067955	16	67028983	67038983	+
ENSG00000167107	17	50426157	50436157	+
ENSG00000125648	19	6455202	6465202	-
ENSG00000073737	2	169064788	169074788	+
ENSG00000158402	5	138328354	138338354	-
ENSG00000169245	4	76013496	76023496	-
ENSG00000088247	19	6414810	6424810	-
ENSG00000169248	4	76031414	76041414	-
ENSG00000143669	1	235873639	235883639	-
ENSG00000120709	5	138331934	138341934	+
ENSG00000166579	17	8413130	8423130	+
ENSG00000102878	16	67164680	67174680	+
ENSG00000129673	17	76453350	76463350	+
ENSG00000138750	4	76138443	76148443	-
ENSG00000232859	17	27884751	27894751	-
ENSG00000135778	1	232950604	232960604	+
ENSG00000120733	5	138352684	138362684	+
ENSG00000099381	16	30957753	30967753	+
ENSG00000198740	17	49352472	49362472	-
ENSG00000117280	1	205765481	205775481	-
ENSG00000103024	16	1761560	1771560	-
ENSG00000189157	4	76214039	76224039	+
ENSG00000157131	1	56854796	56864796	+
ENSG00000272414	4	76251720	76261720	+
ENSG00000132563	5	138439056	138449056	+
ENSG00000111596	12	70243001	70253001	+
ENSG00000081479	2	169352533	169362533	-
ENSG00000118804	4	76306732	76316732	+
ENSG00000082497	1	210232795	210242795	+
ENSG00000285043	16	30053122	30063122	+
ENSG00000120738	5	138465478	138475478	+
ENSG00000170396	2	184598528	184608528	+
ENSG00000167716	17	1716522	1726522	+
ENSG00000254126	2	106487363	106497363	+
ENSG00000159648	16	57976434	57986434	+
ENSG00000185338	16	11246203	11256203	-
ENSG00000136636	1	215567303	215577303	+
ENSG00000139190	12	6460676	6470676	-
ENSG00000137501	11	85801158	85811158	-
ENSG00000197603	5	37239375	37249375	-
ENSG00000163874	1	37474579	37484579	+
ENSG00000213918	16	3611727	3621727	+
ENSG00000161647	17	43823169	43833169	-
ENSG00000138760	4	76224535	76234535	-
ENSG00000185662	5	171782431	171792431	+
ENSG00000072803	5	171996872	172006872	-
ENSG00000163346	1	154946122	154956122	-
ENSG00000168542	2	188974372	188984372	+
ENSG00000151806	4	44678419	44688419	+
ENSG00000142449	19	8139591	8149591	-
ENSG00000135297	6	73461577	73471577	+
ENSG00000113525	5	132546837	132556837	-
ENSG00000054392	1	210328251	210338251	+
ENSG00000163281	4	44716587	44726587	-
ENSG00000197375	5	132369709	132379709	+
ENSG00000183291	1	86904423	86914423	-
ENSG00000124588	6	2987986	2997986	+
ENSG00000263001	7	74650230	74660230	+
ENSG00000132300	2	86106222	86116222	+
ENSG00000136436	17	48831017	48841017	+
ENSG00000163738	4	74114173	74124173	+
ENSG00000151917	6	56955106	56965106	+
ENSG00000132313	2	86199354	86209354	+
ENSG00000011243	19	15409140	15419140	-
ENSG00000168116	6	57046531	57056531	+
ENSG00000122223	1	160852886	160862886	-
ENSG00000158517	7	74773961	74783961	+
ENSG00000135486	12	54280192	54290192	+
ENSG00000068615	2	86328082	86338082	-
ENSG00000137166	6	41546380	41556380	+
ENSG00000055147	5	154028935	154038935	-
ENSG00000070495	17	76716798	76726798	-
ENSG00000173868	17	49220786	49230786	-
ENSG00000197062	6	28267057	28277057	+
ENSG00000274070	7	74964704	74974704	+
ENSG00000124613	6	27374614	27384614	+
ENSG00000037749	5	154038958	154048958	+
ENSG00000117322	1	207454229	207464229	+
ENSG00000186075	17	39868201	39878201	+
ENSG00000168488	16	28822998	28832998	+
ENSG00000188739	1	235151282	235161282	-
ENSG00000174206	12	64212295	64222295	-
ENSG00000274523	7	75064227	75074227	-
ENSG00000203734	6	138795910	138805910	+
ENSG00000104957	19	13731759	13741759	+
ENSG00000163348	1	154953852	154963852	-
ENSG00000197774	16	1772809	1782809	+
ENSG00000150672	11	85617921	85627921	-
ENSG00000037757	19	13764521	13774521	+
ENSG00000164674	6	158650013	158660013	+
ENSG00000135750	1	233614105	233624105	+
ENSG00000167523	16	89657739	89667739	+
ENSG00000185306	12	64380757	64390757	-
ENSG00000104979	19	13774455	13784455	+
ENSG00000168418	16	84230011	84240011	-
ENSG00000203730	1	182390666	182400666	-
ENSG00000174428	7	75092572	75102572	+
ENSG00000116194	1	178861076	178871076	-
ENSG00000108587	17	30477361	30487361	+
ENSG00000125347	5	132498718	132508718	-
ENSG00000103404	16	23139451	23149451	-
ENSG00000262461	7	73076037	73086037	-
ENSG00000137975	1	86424170	86434170	+
ENSG00000205832	16	4556339	4566339	+
ENSG00000188763	7	73433777	73443777	+
ENSG00000142089	11	319474	329474	-
ENSG00000132024	19	13906200	13916200	+
ENSG00000186340	6	169244049	169254049	-
ENSG00000146587	7	5045820	5055820	+
ENSG00000176087	5	140564445	140574445	+
ENSG00000184575	12	64404391	64414391	+
ENSG00000277481	16	71990401	72000401	-
ENSG00000231989	5	156850294	156860294	+
ENSG00000182685	16	2200904	2210904	-
ENSG00000115548	2	86440646	86450646	+
ENSG00000131142	19	8052317	8062317	+
ENSG00000075711	3	197289329	197299329	-
ENSG00000112337	6	25920690	25930690	-
ENSG00000170624	5	155870343	155880343	+
ENSG00000137252	6	55106459	55116459	+
ENSG00000149262	11	77984670	77994670	-
ENSG00000154025	17	18950344	18960344	+
ENSG00000204632	6	29826966	29836966	+
ENSG00000204701	6	29108057	29118057	+
ENSG00000151364	11	78036190	78046190	-
ENSG00000004846	7	20615666	20625666	+
ENSG00000204657	6	29585120	29595120	+
ENSG00000259112	11	78069864	78079864	-
ENSG00000151365	11	78063860	78073860	+
ENSG00000132330	2	238060923	238070923	+
ENSG00000151366	11	78069861	78079861	-
ENSG00000175203	12	57537223	57547223	-
ENSG00000132275	11	6593615	6603615	-
ENSG00000132436	7	50532534	50542534	-
ENSG00000144488	2	238100339	238110339	+
ENSG00000130377	19	6135246	6145246	+
ENSG00000086189	5	62393942	62403942	-
ENSG00000168427	2	238138667	238148667	+
ENSG00000171130	7	149872967	149882967	+
ENSG00000178752	2	238158969	238168969	+
ENSG00000137409	6	36976297	36986297	-
ENSG00000203907	6	73385132	73395132	-
ENSG00000256162	6	130827405	130837405	+
ENSG00000124701	6	41053201	41063201	+
ENSG00000184349	5	107660936	107670936	-
ENSG00000184047	12	122217455	122227455	-
ENSG00000167642	19	38244034	38254034	+
ENSG00000121577	3	119655323	119665323	-
ENSG00000175662	17	17962421	17972421	-
ENSG00000204520	6	31399783	31409783	+
ENSG00000196776	3	108081861	108091861	-
ENSG00000167641	19	38246531	38256531	-
ENSG00000138495	3	119667453	119677453	-
ENSG00000267748	19	38289150	38299150	+
ENSG00000164244	5	127517639	127527639	+
ENSG00000182896	17	7355122	7365122	+
ENSG00000205279	5	127649043	127659043	+
ENSG00000166333	11	6603707	6613707	+
ENSG00000204928	5	145927125	145937125	-
ENSG00000132323	2	238193707	238203707	-
ENSG00000166337	11	6602538	6612538	-
ENSG00000112739	6	4021266	4031266	+
ENSG00000158042	11	6673339	6683339	-
ENSG00000145975	6	4077343	4087343	-
ENSG00000144485	2	238230661	238240661	-
ENSG00000106052	7	27739330	27749330	+
ENSG00000169660	17	82418317	82428317	+
ENSG00000166341	11	6645808	6655808	-
ENSG00000225781	7	143052340	143062340	+
ENSG00000221910	7	143935232	143945232	+
ENSG00000221989	7	144109582	144119582	+
ENSG00000198822	7	86643908	86653908	+
ENSG00000110844	12	49568217	49578217	+
ENSG00000134058	5	69234794	69244794	+
ENSG00000132326	2	238280101	238290101	-
ENSG00000167645	19	38307272	38317272	-
ENSG00000159063	11	78129659	78139659	-
ENSG00000109083	17	28325488	28335488	-
ENSG00000153187	1	244854559	244864559	-
ENSG00000183323	5	69322808	69332808	-
ENSG00000167644	19	38304163	38314163	+
ENSG00000085231	5	69360012	69370012	-
ENSG00000204104	2	238320440	238330440	+
ENSG00000174951	19	48745389	48755389	-
ENSG00000137507	11	76660746	76670746	-
ENSG00000273841	5	69360012	69370012	-
ENSG00000239672	17	51153558	51163558	+
ENSG00000156973	2	231776271	231786271	-
ENSG00000078328	16	5239801	5249801	+
ENSG00000111667	12	6852147	6862147	+
ENSG00000182704	11	76782250	76792250	+
ENSG00000163273	2	231916395	231926395	-
ENSG00000104907	19	13107566	13117566	-
ENSG00000198721	6	4125596	4135596	-
ENSG00000091073	7	76461675	76471675	+
ENSG00000143341	1	185734390	185744390	+
ENSG00000141052	17	12665889	12675889	+
ENSG00000179468	7	143017131	143027131	-
ENSG00000244623	7	99867032	99877032	-
ENSG00000078124	11	76860858	76870858	+
ENSG00000108255	17	29246858	29256858	+
ENSG00000144535	2	231961244	231971244	+
ENSG00000116703	1	186451113	186461113	-
ENSG00000154016	17	19037010	19047010	-
ENSG00000275489	17	38831437	38841437	-
ENSG00000198488	11	77034397	77044397	+
ENSG00000239382	19	36004238	36014238	-
ENSG00000213218	17	63863765	63873765	-
ENSG00000163283	2	232378723	232388723	+
ENSG00000204469	6	31620714	31630714	+
ENSG00000007402	3	50494243	50504243	-
ENSG00000163286	2	232406843	232416843	+
ENSG00000064419	7	129045172	129055172	-
ENSG00000249141	6	166946123	166956123	-
ENSG00000108375	17	58407594	58417594	-
ENSG00000105270	19	36023342	36033342	-
ENSG00000164900	7	151164744	151174744	-
ENSG00000163295	2	232456124	232466124	+
ENSG00000161277	19	36044738	36054738	-
ENSG00000149260	11	77066960	77076960	+
ENSG00000105261	19	36111150	36121150	+
ENSG00000196275	7	74841604	74851604	-
ENSG00000152942	5	69369292	69379292	+
ENSG00000105258	19	36105212	36115212	-
ENSG00000254550	11	77102839	77112839	+
ENSG00000285480	7	151200487	151210487	-
ENSG00000181038	17	76726829	76736829	+
ENSG00000146707	7	76617278	76627278	-
ENSG00000226690	7	12469620	12479620	+
ENSG00000026297	6	166947190	166957190	-
ENSG00000171551	2	232477833	232487833	-
ENSG00000105254	19	36114288	36124288	+
ENSG00000237412	2	232520387	232530387	+
ENSG00000152939	5	69415064	69425064	+
ENSG00000181472	6	151381558	151391558	-
ENSG00000177479	3	48918820	48928820	+
ENSG00000155906	6	151442157	151452157	-
ENSG00000143149	1	165688862	165698862	-
ENSG00000135902	2	232525992	232535992	+
ENSG00000162545	1	20476209	20486209	-
ENSG00000090432	1	20498150	20508150	-
ENSG00000183114	1	20552572	20562572	+
ENSG00000146476	6	151452257	151462257	+
ENSG00000011143	17	58209604	58219604	-
ENSG00000196811	2	232539691	232549691	+
ENSG00000158825	1	20589085	20599085	+
ENSG00000158828	1	20633457	20643457	+
ENSG00000120262	6	151494016	151504016	+
ENSG00000129055	3	134476715	134486715	-
ENSG00000197061	6	26103932	26113932	+
ENSG00000164393	6	47656435	47666435	+
ENSG00000126247	19	36139952	36149952	+
ENSG00000183807	6	116755718	116765718	-
ENSG00000122545	7	35800931	35810931	+
ENSG00000134371	1	193121982	193131982	+
ENSG00000183474	5	69560190	69570190	+
ENSG00000162630	1	193176612	193186612	-
ENSG00000173612	6	116819082	116829082	-
ENSG00000114019	3	134365478	134375478	-
ENSG00000004139	17	28364355	28374355	+
ENSG00000143952	2	64009427	64019427	-
ENSG00000167766	19	52680495	52690495	-
ENSG00000066557	1	70195578	70205578	-
ENSG00000185002	6	116877211	116887211	+
ENSG00000269825	19	52680532	52690532	-
ENSG00000182095	7	5415413	5425413	-
ENSG00000076351	17	28397196	28407196	-
ENSG00000204604	19	52847648	52857648	-
ENSG00000197329	2	64134419	64144419	-
ENSG00000258472	17	28604184	28614184	-
ENSG00000205277	7	100969564	100979564	+
ENSG00000187037	7	37683765	37693765	+
ENSG00000137474	11	77128245	77138245	+
ENSG00000197822	5	69492291	69502291	+
ENSG00000116754	1	70205681	70215681	+
ENSG00000127329	12	70627439	70637439	-
ENSG00000007216	17	28473292	28483292	+
ENSG00000118454	1	70344733	70354733	-
ENSG00000113396	5	128538012	128548012	+
ENSG00000075702	19	36054648	36064648	+
ENSG00000173302	2	130729069	130739069	+
ENSG00000078487	7	100418991	100428991	-
ENSG00000114544	3	126091560	126101560	-
ENSG00000066583	5	129094748	129104748	+
ENSG00000109103	17	28542630	28552630	-
ENSG00000206077	5	774728	784728	-
ENSG00000116761	1	70411217	70421217	+
ENSG00000170379	7	143620951	143630951	+
ENSG00000185177	7	57129863	57139863	-
ENSG00000007968	1	23521232	23531232	-
ENSG00000173545	5	16455799	16465799	-
ENSG00000117318	1	23549500	23559500	-
ENSG00000219545	7	7640710	7650710	+
ENSG00000153303	6	168091510	168101510	-
ENSG00000180658	6	131691400	131701400	-
ENSG00000171617	5	74631423	74641423	-
ENSG00000236761	6	131701016	131711016	-
ENSG00000085274	3	169773395	169783395	+
ENSG00000256235	5	150778756	150788756	+
ENSG00000142676	1	23691741	23701741	+
ENSG00000170909	19	54092691	54102691	-
ENSG00000087111	17	28561793	28571793	-
ENSG00000118523	6	131941371	131951371	-
ENSG00000168014	11	74161209	74171209	-
ENSG00000144868	3	133038390	133048390	+
ENSG00000164707	7	135719257	135729257	-
ENSG00000011007	1	23743154	23753154	+
ENSG00000115762	2	131104846	131114846	+
ENSG00000057757	1	23778417	23788417	+
ENSG00000170906	19	54102727	54112727	+
ENSG00000112893	5	109689926	109699926	+
ENSG00000284922	11	72080330	72090330	+
ENSG00000106603	7	43719716	43729716	-
ENSG00000011009	1	23791144	23801144	+
ENSG00000113739	5	173318446	173328446	-
ENSG00000272674	5	141182386	141192386	+
ENSG00000120327	5	141223342	141233342	+
ENSG00000072609	12	132946303	132956303	-
ENSG00000106304	7	123925236	123935236	+
ENSG00000221955	3	125202863	125212863	-
ENSG00000146910	7	155545449	155555449	-
ENSG00000173272	2	131482742	131492742	-
ENSG00000105997	7	27142582	27152582	-
ENSG00000139193	12	6444954	6454954	+
ENSG00000075886	2	131476118	131486118	+
ENSG00000149231	11	96379955	96389955	-
ENSG00000105618	19	54115409	54125409	+
ENSG00000134987	5	111091715	111101715	+
ENSG00000117308	1	23790780	23800780	-
ENSG00000113211	5	141150056	141160056	+
ENSG00000174945	7	2679521	2689521	+
ENSG00000182613	5	181147585	181157585	+
ENSG00000177721	5	43033169	43043169	-
ENSG00000197123	7	64228473	64238473	+
ENSG00000139200	12	6690814	6700814	-
ENSG00000234444	7	64307458	64317458	+
ENSG00000183340	11	96389988	96399988	+
ENSG00000080910	1	196943737	196953737	+
ENSG00000109107	17	28566947	28576947	-
ENSG00000151715	11	129815847	129825847	+
ENSG00000136002	2	130836913	130846913	+
ENSG00000173041	7	64553074	64563074	-
ENSG00000134389	1	196977555	196987555	+
ENSG00000198039	7	64870171	64880171	+
ENSG00000196247	7	64666098	64676098	+
ENSG00000130396	6	167826910	167836910	+
ENSG00000182901	1	241347229	241357229	-
ENSG00000088038	19	54137748	54147748	+
ENSG00000196313	7	72879364	72889364	+
ENSG00000076382	17	28589024	28599024	-
ENSG00000105617	19	54149720	54159720	-
ENSG00000214022	7	150368188	150378188	+
ENSG00000132703	1	159587825	159597825	+
ENSG00000139631	12	53170924	53180924	-
ENSG00000196456	7	150368789	150378789	+
ENSG00000132693	1	159704588	159714588	-
ENSG00000284691	7	150400701	150410701	+
ENSG00000167524	17	28604196	28614196	-
ENSG00000118507	6	131135466	131145466	+
ENSG00000158716	1	159780931	159790931	+
ENSG00000171115	7	150450629	150460629	+
ENSG00000167608	19	54163249	54173249	-
ENSG00000106526	7	150313724	150323724	-
ENSG00000118518	6	127266725	127276725	+
ENSG00000164600	7	31330725	31340725	-
ENSG00000106341	7	31687214	31697214	+
ENSG00000181036	1	159800510	159810510	+
ENSG00000158714	1	159826810	159836810	+
ENSG00000113108	5	140554780	140564780	-
ENSG00000170325	11	129992834	130002834	-
ENSG00000243284	1	159852656	159862656	-
ENSG00000180347	7	31514089	31524089	+
ENSG00000125505	19	54179881	54189881	-
ENSG00000169777	5	9702377	9712377	-
ENSG00000213085	1	159890164	159900164	-
ENSG00000146094	5	177501273	177511273	-
ENSG00000166225	12	69470348	69480348	+
ENSG00000170892	19	54189937	54199937	+
ENSG00000007202	17	28635453	28645453	-
ENSG00000186468	5	82268395	82278395	-
ENSG00000111404	12	18310106	18320106	-
ENSG00000093144	6	127333608	127343608	-
ENSG00000132581	17	28652188	28662188	-
ENSG00000085552	1	159935612	159945612	-
ENSG00000008517	16	3065296	3075296	+
ENSG00000064933	2	189784084	189794084	+
ENSG00000170889	19	54200808	54210808	+
ENSG00000172795	5	112976701	112986701	+
ENSG00000162723	1	159944236	159954236	-
ENSG00000185947	16	31873806	31883806	+
ENSG00000168916	5	124738806	124748806	-
ENSG00000084234	11	130068146	130078146	+
ENSG00000163331	2	158795316	158805316	+
ENSG00000244482	19	54232790	54242790	-
ENSG00000124812	6	49867095	49877095	-
ENSG00000177684	6	49954163	49964163	-
ENSG00000214642	6	49959624	49969624	-
ENSG00000203970	6	50011993	50021993	-
ENSG00000180872	6	50039928	50049928	-
ENSG00000105609	19	54247300	54257300	-
ENSG00000113312	5	160009112	160019112	+
ENSG00000205456	16	32252718	32262718	+
ENSG00000170234	5	160109449	160119449	-
ENSG00000196993	16	28751786	28761786	+
ENSG00000109111	17	28662197	28672197	+
ENSG00000149418	11	130159781	130169781	+
ENSG00000134668	1	31806050	31816050	-
ENSG00000168394	6	32843815	32853815	-
ENSG00000145808	5	129460280	129470280	+
ENSG00000172409	11	57648187	57658187	+
ENSG00000173262	12	7881147	7891147	-
ENSG00000254440	6	138208490	138218490	-
ENSG00000103355	16	2777947	2787947	-
ENSG00000244694	6	48101196	48111196	-
ENSG00000196812	6	28124608	28134608	+
ENSG00000198315	6	28141882	28151882	+
ENSG00000185864	16	21870826	21880826	-
ENSG00000198040	12	133037291	133047291	+
ENSG00000145632	5	58450138	58460138	-
ENSG00000040933	2	98444853	98454853	+
ENSG00000163399	1	116372667	116382667	+
ENSG00000197279	6	28080567	28090567	+
ENSG00000131042	19	54271183	54281183	-
ENSG00000175857	5	58491434	58501434	+
ENSG00000135298	6	68635281	68645281	+
ENSG00000198836	3	193593143	193603143	+
ENSG00000153165	2	106458412	106468412	-
ENSG00000288712	6	68635889	68645889	+
ENSG00000177888	1	197191292	197201292	-
ENSG00000104880	19	7348936	7358936	+
ENSG00000120279	6	152697894	152707894	+
ENSG00000280236	6	29395630	29405630	+
ENSG00000243364	1	155063736	155073736	+
ENSG00000145723	5	103110137	103120137	-
ENSG00000251246	1	155063747	155073747	+
ENSG00000204694	6	29447070	29457070	-
ENSG00000185372	5	181121168	181131168	-
ENSG00000204687	6	29477955	29487955	-
ENSG00000143590	1	155078836	155088836	+
ENSG00000168066	11	64768785	64778785	-
ENSG00000198077	19	40872751	40882751	-
ENSG00000076108	12	56626815	56636815	-
ENSG00000112695	6	75240322	75250322	-
ENSG00000169242	1	155127875	155137875	+
ENSG00000243729	6	29421966	29431966	-
ENSG00000109113	17	28708428	28718428	-
ENSG00000115841	2	37923186	37933186	+
ENSG00000112462	6	29365290	29375290	-
ENSG00000099785	19	8413269	8423269	+
ENSG00000118432	6	88156346	88166346	-
ENSG00000175697	3	120275221	120285221	-
ENSG00000139718	12	121804008	121814008	+
ENSG00000189144	19	37807299	37817299	-
ENSG00000204252	6	32999590	33009590	-
ENSG00000177200	16	53054990	53064990	+
ENSG00000231389	6	33070774	33080774	-
ENSG00000169241	1	155135343	155145343	+
ENSG00000257103	19	34172503	34182503	+
ENSG00000198242	17	28719984	28729984	+
ENSG00000135702	16	75526107	75536107	-
ENSG00000166452	11	8911138	8921138	+
ENSG00000163463	1	155163474	155173474	-
ENSG00000099875	19	2041243	2051243	-
ENSG00000160606	17	28717934	28727934	-
ENSG00000273088	1	155177271	155187271	-
ENSG00000223865	6	33075989	33085989	+
ENSG00000070961	12	89699299	89709299	-
ENSG00000176029	11	8923005	8933005	-
ENSG00000176009	11	8928210	8938210	-
ENSG00000139211	12	47069958	47079958	-
ENSG00000160602	17	28725896	28735896	+
ENSG00000138078	2	44351861	44361861	-
ENSG00000175348	11	8955010	8965010	-
ENSG00000163462	1	155173786	155183786	+
ENSG00000169282	3	156037700	156047700	+
ENSG00000178188	16	28846599	28856599	+
ENSG00000198178	12	7741604	7751604	-
ENSG00000076604	17	28744004	28754004	+
ENSG00000175352	11	8994048	9004048	-
ENSG00000162924	2	60881520	60891520	+
ENSG00000163320	3	88139884	88149884	-
ENSG00000105699	19	35248329	35258329	+
ENSG00000288654	3	88048215	88058215	-
ENSG00000175105	3	88059254	88069254	+
ENSG00000109101	17	28506242	28516242	+
ENSG00000135709	16	85027750	85037750	+
ENSG00000238083	17	46511510	46521510	+
ENSG00000132026	19	12825427	12835427	-
ENSG00000180096	16	30385990	30395990	-
ENSG00000175356	11	9128113	9138113	-
ENSG00000204248	6	33182498	33192498	-
ENSG00000073969	17	46590668	46600668	+
ENSG00000105707	19	35040505	35050505	+
ENSG00000113163	5	75502137	75512137	-
ENSG00000123700	17	70168672	70178672	+
ENSG00000250506	17	76000905	76010905	+
ENSG00000204231	6	33190664	33200664	-
ENSG00000186919	17	76071960	76081960	+
ENSG00000182687	17	76074780	76084780	+
ENSG00000112473	6	33200444	33210444	+
ENSG00000204228	6	33204654	33214654	+
ENSG00000204227	6	33208499	33218499	+
ENSG00000174938	16	29889549	29899549	-
ENSG00000126453	19	49665141	49675141	+
ENSG00000188368	19	42302097	42312097	+
ENSG00000261341	19	50783141	50793141	-
ENSG00000167377	16	71453094	71463094	-
ENSG00000122008	5	75511755	75521755	+
ENSG00000184014	11	9255958	9265958	-
ENSG00000189045	5	75611181	75621181	+
ENSG00000140839	16	74411952	74421952	-
ENSG00000259803	16	89191650	89201650	-
ENSG00000255524	16	28637653	28647653	+
ENSG00000142002	19	4714672	4724672	-
ENSG00000162078	16	2830168	2840168	+
ENSG00000223501	6	33262046	33272046	-
ENSG00000166471	11	9304635	9314635	-
ENSG00000231500	6	33272074	33282074	+
ENSG00000039139	5	14001817	14011817	-
ENSG00000205339	11	9384651	9394651	+
ENSG00000235863	6	33277122	33287122	+
ENSG00000188321	19	9323771	9333771	+
ENSG00000183873	3	38639686	38649686	-
ENSG00000185201	11	303654	313654	+
ENSG00000125743	19	45682568	45692568	-
ENSG00000171942	19	15728023	15738023	+
ENSG00000260001	19	7914829	7924829	+
ENSG00000227057	6	33279246	33289246	-
ENSG00000110448	11	61102488	61112488	+
ENSG00000182473	17	76111575	76121575	-
ENSG00000167987	11	61151614	61161614	-
ENSG00000168995	19	51142298	51152298	+
ENSG00000204220	6	33289301	33299301	+
ENSG00000129450	19	51124905	51134905	+
ENSG00000261949	19	49423748	49433748	+
ENSG00000139220	12	81749552	81759552	-
ENSG00000172530	16	87949243	87959243	+
ENSG00000229859	11	61203306	61213306	+
ENSG00000185499	1	155182915	155192915	-
ENSG00000099341	19	38374549	38384549	+
ENSG00000204532	19	56202272	56212272	+
ENSG00000179284	19	12965158	12975158	+
ENSG00000172519	19	15787660	15797660	+
ENSG00000129654	17	76131244	76141244	-
ENSG00000171936	19	15737984	15747984	+
ENSG00000186487	2	2321663	2331663	-
ENSG00000237521	19	9247343	9257343	+
ENSG00000094661	19	15082210	15092210	+
ENSG00000182628	17	59145259	59155259	-
ENSG00000256713	11	61241174	61251174	+
ENSG00000070808	5	150280092	150290092	-
ENSG00000237441	6	33288941	33298941	-
ENSG00000167992	11	61285315	61295315	-
ENSG00000068489	17	59155731	59165731	+
ENSG00000265303	17	59197565	59207565	+
ENSG00000185924	17	2015333	2025333	-
ENSG00000180448	19	1065922	1075922	+
ENSG00000185164	16	18552210	18562210	-
ENSG00000218819	2	21123967	21133967	+
ENSG00000073282	3	189631388	189641388	+
ENSG00000231925	6	33304386	33314386	-
ENSG00000144199	2	97084881	97094881	-
ENSG00000108963	17	2030136	2040136	+
ENSG00000111247	12	4538797	4548797	+
ENSG00000236104	6	33307941	33317941	-
ENSG00000104824	19	38842346	38852346	-
ENSG00000049167	5	60935072	60945072	-
ENSG00000262664	17	2042021	2052021	+
ENSG00000135976	2	97113152	97123152	+
ENSG00000186723	19	15805663	15815663	-
ENSG00000127515	19	14838921	14848921	-
ENSG00000177374	17	2054153	2064153	+
ENSG00000198015	12	93467513	93477513	+
ENSG00000160113	19	17235918	17245918	-
ENSG00000204209	6	33313015	33323015	-
ENSG00000127241	3	187281979	187291979	-
ENSG00000105619	19	54105656	54115656	-
ENSG00000181781	19	464982	474982	-
ENSG00000286920	6	33319278	33329278	-
ENSG00000204695	6	29301700	29311700	+
ENSG00000070366	17	2293784	2303784	-
ENSG00000044090	6	43043942	43053942	-
ENSG00000185480	12	102120182	102130182	+
ENSG00000130202	19	44846174	44856174	+
ENSG00000121314	12	10797285	10807285	-
ENSG00000119242	12	123962830	123972830	-
ENSG00000128656	2	174995380	175005380	-
ENSG00000137204	6	43295693	43305693	+
ENSG00000130204	19	44890568	44900568	+
ENSG00000145734	5	71455650	71465650	+
ENSG00000130203	19	44905790	44915790	+
ENSG00000167720	17	2303382	2313382	+
ENSG00000169231	1	155199050	155209050	-
ENSG00000146215	6	43298825	43308825	-
ENSG00000130208	19	44914246	44924246	+
ENSG00000129317	12	43748792	43758792	-
ENSG00000164326	5	71719274	71729274	+
ENSG00000164334	5	119629558	119639558	+
ENSG00000267467	19	44942236	44952236	+
ENSG00000167721	17	2326656	2336656	-
ENSG00000224916	19	44942237	44952237	+
ENSG00000234906	19	44946034	44956034	+
ENSG00000111665	12	6841291	6851291	-
ENSG00000111671	12	6879357	6889357	-
ENSG00000187098	3	69739463	69749463	+
ENSG00000197594	6	131808015	131818015	+
ENSG00000152256	2	172555372	172565372	+
ENSG00000177628	1	155234698	155244698	-
ENSG00000080293	2	119515300	119525300	-
ENSG00000008283	17	63436353	63446353	-
ENSG00000237649	6	33391822	33401822	+
ENSG00000104853	19	44954584	44964584	+
ENSG00000197857	19	12284882	12294882	-
ENSG00000091513	3	133746039	133756039	+
ENSG00000188868	19	12323719	12333719	-
ENSG00000198342	19	12355904	12365904	-
ENSG00000167986	11	61332595	61342595	-
ENSG00000177575	12	7493892	7503892	-
ENSG00000160767	1	155245482	155255482	-
ENSG00000196466	19	12391270	12401270	-
ENSG00000268870	19	12431081	12441081	-
ENSG00000180855	19	12431020	12441020	-
ENSG00000174640	3	134042183	134052183	-
ENSG00000242852	19	12503853	12513853	-
ENSG00000196826	19	12541473	12551473	-
ENSG00000112511	6	33410398	33420398	+
ENSG00000116521	1	155252429	155262429	-
ENSG00000159640	17	63477060	63487060	+
ENSG00000144867	3	133784022	133794022	+
ENSG00000105607	19	12891159	12901159	+
ENSG00000143870	2	10827976	10837976	-
ENSG00000176444	1	155268490	155278490	-
ENSG00000161860	19	12909292	12919292	-
ENSG00000149476	11	61333219	61343219	+
ENSG00000112514	6	33408316	33418316	-
ENSG00000143630	1	155277462	155287462	+
ENSG00000115275	2	74455409	74465409	-
ENSG00000142405	19	53814393	53824393	-
ENSG00000173826	17	63523333	63533333	+
ENSG00000143627	1	155291437	155301437	-
ENSG00000115523	2	85685174	85695174	+
ENSG00000136485	17	63550476	63560476	+
ENSG00000162594	1	67138906	67148906	+
ENSG00000179820	19	53864762	53874762	+
ENSG00000162144	11	61352282	61362282	-
ENSG00000196876	12	51590265	51600265	+
ENSG00000133835	5	119452464	119462464	+
ENSG00000197721	1	207645112	207655112	+
ENSG00000244474	2	233718735	233728735	+
ENSG00000149483	11	61362343	61372343	+
ENSG00000126583	19	53879189	53889189	+
ENSG00000187049	11	61392359	61402359	+
ENSG00000105605	19	53909277	53919277	+
ENSG00000142408	19	53962936	53972936	+
ENSG00000130433	19	53991636	54001636	+
ENSG00000154153	5	16607100	16617100	-
ENSG00000197283	6	33419660	33429660	+
ENSG00000198909	17	63622414	63632414	+
ENSG00000189068	19	54053952	54063952	-
ENSG00000213588	6	33453969	33463969	+
ENSG00000136490	17	63691171	63701171	-
ENSG00000105643	19	18001131	18011131	+
ENSG00000230522	19	7049320	7059320	+
ENSG00000237247	19	7030577	7040577	+
ENSG00000183735	12	64452089	64462089	+
ENSG00000120253	6	149739664	149749664	-
ENSG00000149532	11	61420030	61430030	-
ENSG00000117335	1	207752053	207762053	+
ENSG00000120265	6	149749442	149759442	+
ENSG00000256591	11	61429219	61439219	+
ENSG00000153179	12	64507000	64517000	+
ENSG00000105325	19	3506310	3516310	+
ENSG00000164520	6	149888101	149898101	-
ENSG00000083312	5	72816311	72826311	+
ENSG00000120256	6	149854358	149864358	-
ENSG00000108424	17	47649475	47659475	+
ENSG00000167985	11	61430041	61440041	+
ENSG00000203722	6	149913120	149923120	-
ENSG00000174059	1	207901401	207911401	-
ENSG00000131015	6	149942013	149952013	+
ENSG00000114861	3	71573988	71583988	-
ENSG00000213523	5	140547676	140557676	-
ENSG00000161091	19	3564289	3574289	-
ENSG00000198933	17	47694080	47704080	+
ENSG00000142657	1	10398591	10408591	+
ENSG00000162148	11	61481119	61491119	+
ENSG00000073861	17	47733235	47743235	+
ENSG00000204950	11	61508748	61518748	+
ENSG00000043143	5	134524311	134534311	+
ENSG00000251503	1	10430101	10440101	+
ENSG00000135677	12	64749430	64759430	-
ENSG00000175279	1	10430432	10440432	+
ENSG00000064961	19	3572776	3582776	+
ENSG00000149016	11	62581636	62591636	-
ENSG00000120314	5	140664867	140674867	+
ENSG00000160049	1	10462528	10472528	-
ENSG00000283288	5	139471003	139481003	+
ENSG00000158497	5	143812160	143822160	+
ENSG00000179855	19	3585477	3595477	+
ENSG00000230561	5	127703390	127713390	+
ENSG00000007080	19	17933014	17943014	+
ENSG00000006025	17	47811833	47821833	-
ENSG00000149480	11	62591864	62601864	-
ENSG00000156076	12	65111304	65121304	-
ENSG00000105642	19	17951292	17961292	+
ENSG00000159111	17	47821540	47831540	-
ENSG00000233276	3	49348352	49358352	-
ENSG00000174106	12	65169582	65179582	+
ENSG00000183397	19	3539170	3549170	+
ENSG00000242120	3	70302637	70312637	-
ENSG00000081985	1	67307363	67317363	+
ENSG00000141294	17	47831633	47841633	+
ENSG00000112319	6	133240513	133250513	+
ENSG00000164509	5	55851356	55861356	+
ENSG00000122188	1	203765176	203775176	+
ENSG00000257315	1	203795713	203805713	+
ENSG00000288644	1	203802093	203812093	+
ENSG00000182004	1	203861598	203871598	+
ENSG00000141295	17	47831288	47841288	-
ENSG00000153002	3	148791101	148801101	+
ENSG00000174339	5	180730057	180740057	-
ENSG00000173250	5	146506189	146516189	-
ENSG00000144891	3	148697783	148707783	+
ENSG00000105701	19	18534076	18544076	-
ENSG00000130768	1	27934999	27944999	+
ENSG00000182481	17	68035635	68045635	+
ENSG00000149499	11	62602774	62612774	-
ENSG00000163687	3	58204696	58214696	-
ENSG00000158156	1	27959587	27969587	+
ENSG00000261371	17	64403775	64413775	-
ENSG00000182118	1	231030253	231040253	-
ENSG00000115415	2	191010959	191020959	-
ENSG00000073060	12	124872667	124882667	-
ENSG00000163686	3	58237531	58247531	+
ENSG00000105700	19	18557761	18567761	+
ENSG00000149489	11	62611721	62621721	+
ENSG00000143633	1	231231186	231241186	-
ENSG00000163684	3	58306244	58316244	+
ENSG00000113649	5	146447310	146457310	+
ENSG00000271605	17	64449036	64459036	+
ENSG00000149541	11	62612153	62622153	-
ENSG00000132773	1	45340051	45350051	+
ENSG00000150991	12	124907367	124917367	-
ENSG00000256525	17	64487053	64497053	-
ENSG00000204956	5	141330513	141340513	+
ENSG00000070759	1	45481162	45491162	-
ENSG00000081853	5	141338759	141348759	+
ENSG00000254245	5	141343828	141353828	+
ENSG00000254221	5	141350098	141360098	+
ENSG00000280670	1	45490078	45500078	-
ENSG00000112280	6	70293083	70303083	-
ENSG00000221983	19	18571729	18581729	+
ENSG00000262576	5	141355020	141365020	+
ENSG00000185432	12	50923471	50933471	+
ENSG00000253910	5	141359993	141369993	+
ENSG00000253485	5	141364161	141374161	+
ENSG00000214511	12	50953921	50963921	+
ENSG00000262209	5	141370241	141380241	+
ENSG00000253731	5	141373890	141383890	+
ENSG00000132763	1	45500299	45510299	+
ENSG00000258890	17	64506864	64516864	+
ENSG00000006016	19	18597740	18607740	-
ENSG00000253537	5	141382738	141392738	+
ENSG00000253953	5	141387697	141397697	+
ENSG00000006015	19	18588684	18598684	+
ENSG00000253767	5	141390156	141400156	+
ENSG00000261934	5	141402777	141412777	+
ENSG00000253305	5	141408020	141418020	+
ENSG00000253846	5	141412986	141422986	+
ENSG00000254122	5	141417644	141427644	+
ENSG00000115839	2	135052291	135062291	+
ENSG00000105696	19	18607429	18617429	+
ENSG00000253873	5	141421046	141431046	+
ENSG00000108854	17	64652306	64662306	-
ENSG00000253159	5	141430506	141440506	+
ENSG00000186017	19	36479901	36489901	-
ENSG00000050426	12	51047961	51057961	+
ENSG00000198429	19	11887781	11897781	+
ENSG00000196757	19	11925067	11935067	+
ENSG00000138449	2	189573757	189583757	-
ENSG00000169224	1	247507057	247517057	+
ENSG00000267179	19	11925074	11935074	+
ENSG00000177489	1	247588359	247598359	+
ENSG00000177476	1	247605585	247615585	+
ENSG00000110925	12	51073663	51083663	-
ENSG00000197054	19	11965036	11975036	+
ENSG00000240184	5	141475946	141485946	+
ENSG00000286098	19	11987640	11997640	+
ENSG00000242419	5	141484996	141494996	+
ENSG00000197647	19	12025740	12035740	-
ENSG00000145362	4	112818031	112828031	+
ENSG00000240764	5	141489080	141499080	+
ENSG00000257446	19	12042960	12052960	-
ENSG00000223547	19	12064730	12074730	+
ENSG00000135457	12	51163134	51173134	-
ENSG00000089597	11	62636725	62646725	-
ENSG00000132010	19	12130354	12140354	-
ENSG00000115687	2	241140263	241150263	-
ENSG00000184271	12	51207707	51217707	-
ENSG00000257591	19	12146733	12156733	-
ENSG00000185085	11	62643301	62653301	-
ENSG00000255432	11	62655177	62665177	-
ENSG00000162711	1	247416155	247426155	+
ENSG00000278615	11	62655209	62665209	-
ENSG00000166704	19	57993348	58003348	-
ENSG00000131504	5	141609054	141619054	-
ENSG00000162194	11	62662254	62672254	-
ENSG00000108654	17	64498198	64508198	-
ENSG00000133019	1	239386564	239396564	+
ENSG00000214756	11	62665308	62675308	+
ENSG00000204922	11	62670272	62680272	+
ENSG00000144036	2	72816040	72826040	-
ENSG00000168297	3	58332879	58342879	+
ENSG00000061936	12	131711080	131721080	+
ENSG00000104892	19	45333433	45343433	+
ENSG00000135956	2	96255996	96265996	-
ENSG00000162636	1	108560088	108570088	+
ENSG00000174720	4	112637106	112647106	+
ENSG00000168291	3	58423856	58433856	-
ENSG00000177169	12	131894621	131904621	+
ENSG00000171720	5	141626848	141636848	-
ENSG00000162191	11	62669116	62679116	-
ENSG00000162639	1	108651525	108661525	-
ENSG00000104881	19	45396348	45406348	-
ENSG00000117877	19	45406643	45416643	+
ENSG00000177363	11	62679529	62689529	-
ENSG00000164620	5	141636949	141646949	+
ENSG00000185359	17	81683325	81693325	+
ENSG00000115392	2	58231371	58241371	-
ENSG00000134186	1	108692309	108702309	+
ENSG00000276547	5	141397946	141407946	+
ENSG00000177192	12	131929199	131939199	+
ENSG00000162188	11	62707675	62717675	+
ENSG00000063438	5	321713	331713	+
ENSG00000143107	1	108712907	108722907	+
ENSG00000214753	11	62717456	62727456	-
ENSG00000198598	12	131828392	131838392	+
ENSG00000145730	5	102753980	102763980	+
ENSG00000204583	12	132600581	132610581	-
ENSG00000135317	6	85584155	85594155	-
ENSG00000116266	1	108746673	108756673	+
ENSG00000172992	17	45051108	45061108	-
ENSG00000104884	19	45360917	45370917	-
ENSG00000162641	1	108953483	108963483	-
ENSG00000161714	17	45123353	45133353	-
ENSG00000134313	2	8827629	8837629	-
ENSG00000150768	11	112025407	112035407	+
ENSG00000197780	1	109066002	109076002	-
ENSG00000114757	3	180027052	180037052	-
ENSG00000215717	1	109090763	109100763	+
ENSG00000198452	1	247617142	247627142	+
ENSG00000172262	5	43065175	43075175	+
ENSG00000183647	19	57599884	57609884	+
ENSG00000164241	5	127063505	127073505	-
ENSG00000183718	5	181251138	181261138	-
ENSG00000164418	6	100962700	100972700	+
ENSG00000168003	11	62856003	62866003	+
ENSG00000161551	19	51880949	51890949	-
ENSG00000181513	17	45132599	45142599	+
ENSG00000187848	12	132618775	132628775	+
ENSG00000186834	17	45148474	45158474	+
ENSG00000168539	11	62911806	62921806	-
ENSG00000198093	19	51895039	51905039	-
ENSG00000136521	3	179604689	179614689	+
ENSG00000176024	19	51927146	51937146	+
ENSG00000145349	4	113751926	113761926	-
ENSG00000256683	19	51976855	51986855	-
ENSG00000144524	2	231781670	231791670	+
ENSG00000132676	1	155687959	155697959	+
ENSG00000136448	17	44957991	44967991	+
ENSG00000180801	4	113969726	113979726	-
ENSG00000132718	1	155859566	155869566	+
ENSG00000133812	11	10284218	10294218	-
ENSG00000168395	2	241687084	241697084	+
ENSG00000079805	19	10718054	10728054	+
ENSG00000143622	1	155901403	155911403	-
ENSG00000170929	19	9087060	9097060	+
ENSG00000058056	3	179653031	179663031	+
ENSG00000125089	4	8182071	8192071	+
ENSG00000161381	17	39144393	39154393	-
ENSG00000161807	19	9105762	9115762	-
ENSG00000170920	19	9116949	9126949	-
ENSG00000136698	2	130589574	130599574	-
ENSG00000169618	2	68643578	68653578	+
ENSG00000130803	19	9140396	9150396	+
ENSG00000214944	5	73626157	73636157	+
ENSG00000151376	11	86662635	86672635	-
ENSG00000188000	19	9178978	9188978	+
ENSG00000174667	19	9209588	9219588	-
ENSG00000170923	19	9097474	9107474	-
ENSG00000132680	1	155924412	155934412	-
ENSG00000124788	6	16751490	16761490	-
ENSG00000177084	12	132677375	132687375	-
ENSG00000278705	6	26017282	26027282	-
ENSG00000288708	6	16318430	16328430	-
ENSG00000141748	17	39157483	39167483	-
ENSG00000167770	11	63985852	63995852	+
ENSG00000152592	4	87650279	87660279	+
ENSG00000163092	2	166888479	166898479	+
ENSG00000079432	19	42268536	42278536	+
ENSG00000007001	2	157876701	157886701	+
ENSG00000166289	19	29665458	29675458	+
ENSG00000176894	12	132687586	132697586	+
ENSG00000185385	19	14876131	14886131	-
ENSG00000166352	11	36594368	36604368	+
ENSG00000096696	6	7541616	7551616	+
ENSG00000104936	19	45772551	45782551	-
ENSG00000067191	17	39187702	39197702	-
ENSG00000172869	5	119037771	119047771	+
ENSG00000247077	12	132710818	132720818	+
ENSG00000118785	4	87975666	87985666	+
ENSG00000168566	6	7590197	7600197	+
ENSG00000145908	5	150894982	150904982	-
ENSG00000135903	2	222288997	222298997	-
ENSG00000150773	11	112064273	112074273	-
ENSG00000124641	6	41911138	41921138	-
ENSG00000112787	12	132489550	132499550	+
ENSG00000196549	3	155024123	155034123	+
ENSG00000116584	1	155997069	156007069	-
ENSG00000086570	5	151581330	151591330	-
ENSG00000141750	17	39215944	39225944	-
ENSG00000112578	6	41921498	41931498	+
ENSG00000196862	2	107826891	107836891	+
ENSG00000231738	12	85026276	85036276	-
ENSG00000255154	3	58306261	58316261	+
ENSG00000109501	4	6269848	6279848	+
ENSG00000138100	2	27282428	27292428	+
ENSG00000145832	5	135579201	135589201	+
ENSG00000188039	19	16719846	16729846	+
ENSG00000185261	5	94608603	94618603	-
ENSG00000170190	17	75087726	75097726	+
ENSG00000204128	2	231037522	231047522	+
ENSG00000125449	17	75109951	75119951	+
ENSG00000213139	3	186536701	186546701	-
ENSG00000135914	2	231115041	231125041	-
ENSG00000172493	4	86935001	86945001	+
ENSG00000186314	5	145825368	145835368	-
ENSG00000156966	2	231395709	231405709	+
ENSG00000163479	1	156010950	156020950	-
ENSG00000112576	6	42040356	42050356	-
ENSG00000125458	17	75121756	75131756	-
ENSG00000113838	3	186560542	186570542	-
ENSG00000243449	4	2041994	2051994	+
ENSG00000138675	4	80266638	80276638	+
ENSG00000171596	2	231520444	231530444	-
ENSG00000283149	3	186581994	186591994	+
ENSG00000145192	3	186613059	186623059	+
ENSG00000230062	6	46746932	46756932	+
ENSG00000249853	6	114333022	114343022	-
ENSG00000160803	1	156043797	156053797	-
ENSG00000001167	6	41072973	41082973	+
ENSG00000116586	1	156054781	156064781	+
ENSG00000196344	4	99425509	99435509	-
ENSG00000164329	5	79612119	79622119	+
ENSG00000127511	19	16829397	16839397	+
ENSG00000132698	1	156061159	156071159	+
ENSG00000177752	4	44668555	44678555	-
ENSG00000189159	17	75158280	75168280	-
ENSG00000090512	3	186635968	186645968	+
ENSG00000056291	4	72031901	72041901	+
ENSG00000127533	19	16888998	16898998	+
ENSG00000113905	3	186660215	186670215	+
ENSG00000188612	17	75172958	75182958	-
ENSG00000131844	5	71579530	71589530	+
ENSG00000160111	19	17016814	17026814	-
ENSG00000166598	12	103930106	103940106	+
ENSG00000204954	12	103955707	103965707	-
ENSG00000083097	6	83067665	83077665	+
ENSG00000125450	17	75205658	75215658	+
ENSG00000196189	1	156147365	156157365	+
ENSG00000131351	19	17065624	17075624	-
ENSG00000158406	6	26275637	26285637	-
ENSG00000139372	12	103965821	103975821	+
ENSG00000204618	6	30065848	30075848	-
ENSG00000204702	6	29099489	29109489	+
ENSG00000204688	6	29457154	29467154	+
ENSG00000260238	1	156212981	156222981	+
ENSG00000099625	19	1228026	1238026	-
ENSG00000204700	6	29170906	29180906	+
ENSG00000160783	1	156212992	156222992	+
ENSG00000091181	3	3116612	3126612	-
ENSG00000242252	1	156242183	156252183	+
ENSG00000144504	2	240559208	240569208	-
ENSG00000099624	19	1241745	1251745	+
ENSG00000197386	4	3041362	3051362	+
ENSG00000188906	12	40196743	40206743	+
ENSG00000167470	19	1248552	1258552	+
ENSG00000198952	1	156272824	156282824	-
ENSG00000112679	6	291629	301629	+
ENSG00000186635	11	72783598	72793598	-
ENSG00000163472	1	156282934	156292934	+
ENSG00000072756	3	3126932	3136932	+
ENSG00000105711	19	35030469	35040469	+
ENSG00000142327	2	240565803	240575803	+
ENSG00000109790	4	39045038	39055038	+
ENSG00000187902	19	55433299	55443299	-
ENSG00000146373	6	124962436	124972436	+
ENSG00000176485	11	63606882	63616882	-
ENSG00000198715	1	156285688	156295688	-
ENSG00000067560	3	49402997	49412997	-
ENSG00000167384	19	44490523	44500523	-
ENSG00000125447	17	75252362	75262362	-
ENSG00000150455	11	126283064	126293064	+
ENSG00000277531	19	46418935	46428935	-
ENSG00000197894	4	99078800	99088800	-
ENSG00000120471	11	128933398	128943398	-
ENSG00000113851	3	3169726	3179726	-
ENSG00000142330	2	240586733	240596733	+
ENSG00000125445	17	75261673	75271673	+
ENSG00000072041	12	84903628	84913628	-
ENSG00000110492	11	46380755	46390755	+
ENSG00000178623	2	240605429	240615429	+
ENSG00000089356	19	35115822	35125822	+
ENSG00000163468	1	156357872	156367872	-
ENSG00000185176	2	240672905	240682905	-
ENSG00000133316	11	62831808	62841808	-
ENSG00000184945	2	240691850	240701850	+
ENSG00000105088	19	9926514	9936514	-
ENSG00000125454	17	75279509	75289509	-
ENSG00000132677	1	156369210	156379210	+
ENSG00000172482	2	240868823	240878823	+
ENSG00000132000	19	13943391	13953391	-
ENSG00000163743	4	75504763	75514763	-
ENSG00000139304	12	80402177	80412177	+
ENSG00000187556	19	13862062	13872062	+
ENSG00000172478	2	240886888	240896888	-
ENSG00000142549	19	51311643	51321643	+
ENSG00000165325	11	93329970	93339970	+
ENSG00000283567	19	55454750	55464750	-
ENSG00000248713	4	99647827	99657827	-
ENSG00000226321	2	240906329	240916329	+
ENSG00000177885	17	75395708	75405708	-
ENSG00000254726	1	156072464	156082464	-
ENSG00000129946	19	451032	461032	-
ENSG00000197888	4	68566412	68576412	-
ENSG00000165899	12	80099536	80109536	+
ENSG00000213965	19	32691820	32701820	+
ENSG00000186377	1	47023668	47033668	+
ENSG00000284491	19	12802030	12812030	+
ENSG00000196620	4	68660651	68670651	-
ENSG00000181588	19	1558324	1568324	-
ENSG00000186160	1	47067230	47077230	+
ENSG00000177646	3	128879595	128889595	+
ENSG00000121361	12	21765599	21775599	-
ENSG00000186806	19	51332138	51342138	-
ENSG00000162365	1	47137434	47147434	+
ENSG00000152133	2	37084450	37094450	+
ENSG00000169704	3	129060778	129070778	+
ENSG00000108666	17	32340022	32350022	-
ENSG00000135925	2	218880851	218890851	+
ENSG00000172780	3	129112800	129122800	-
ENSG00000171450	2	218959665	218969665	+
ENSG00000162366	1	47181043	47191043	-
ENSG00000163497	2	218975183	218985183	-
ENSG00000162367	1	47222219	47232219	-
ENSG00000261796	3	129151035	129161035	-
ENSG00000186790	1	47416284	47426284	+
ENSG00000013810	4	1712857	1722857	+
ENSG00000163499	2	218983421	218993421	-
ENSG00000188993	4	52010362	52020362	-
ENSG00000116701	1	183580875	183590875	-
ENSG00000240682	3	129151062	129161062	-
ENSG00000108298	17	39200282	39210282	+
ENSG00000011332	19	38219713	38229713	-
ENSG00000089127	12	112905855	112915855	+
ENSG00000181222	17	7484365	7494365	+
ENSG00000213889	19	45488776	45498776	+
ENSG00000181378	2	219031526	219041526	-
ENSG00000109205	4	70195724	70205724	+
ENSG00000223802	19	18886726	18896726	-
ENSG00000268041	19	41918448	41928448	-
ENSG00000163501	2	219050920	219060920	-
ENSG00000213030	19	49039110	49049110	-
ENSG00000205076	19	38763516	38773516	-
ENSG00000196352	1	207321531	207331531	+
ENSG00000167085	17	49404900	49414900	-
ENSG00000170954	19	53123076	53133076	-
ENSG00000211456	3	45689055	45699055	+
ENSG00000213901	2	219160094	219170094	-
ENSG00000072518	11	63838927	63848927	+
ENSG00000181381	4	168527785	168537785	-
ENSG00000111331	12	112938050	112948050	+
ENSG00000183018	17	4498880	4508880	+
ENSG00000156234	4	77511752	77521752	+
ENSG00000104848	19	49062698	49072698	-
ENSG00000211452	1	53891238	53901238	+
ENSG00000179046	4	188099602	188109602	-
ENSG00000163817	3	45786535	45796535	-
ENSG00000115649	2	219168105	219178105	-
ENSG00000130477	19	17678364	17688364	-
ENSG00000111335	12	112978394	112988394	+
ENSG00000189030	1	156289306	156299306	-
ENSG00000162763	1	165543999	165553999	+
ENSG00000262484	19	38902185	38912185	-
ENSG00000168824	4	4348139	4358139	+
ENSG00000132382	17	4545385	4555385	-
ENSG00000144567	2	219176224	219186224	+
ENSG00000163820	3	45985823	45995823	-
ENSG00000167741	17	4550817	4560817	-
ENSG00000172215	3	45940932	45950932	+
ENSG00000171903	19	15924866	15934866	-
ENSG00000178201	19	57447139	57457139	-
ENSG00000081277	1	201283451	201293451	+
ENSG00000157895	12	121006501	121016501	-
ENSG00000188176	17	4583998	4593998	+
ENSG00000130812	19	10092677	10102677	-
ENSG00000149809	11	65111844	65121844	+
ENSG00000142235	19	48503934	48513934	-
ENSG00000161905	17	4632293	4642293	-
ENSG00000205718	19	7030178	7040178	-
ENSG00000143061	1	116657754	116667754	-
ENSG00000158552	2	219195236	219205236	+
ENSG00000197915	1	152214192	152224192	-
ENSG00000104827	19	49014332	49024332	-
ENSG00000135114	12	121029241	121039241	-
ENSG00000141456	17	4694336	4704336	-
ENSG00000105556	19	334814	344814	-
ENSG00000179826	11	18120954	18130954	+
ENSG00000176495	11	59358894	59368894	+
ENSG00000197309	11	124183218	124193218	+
ENSG00000176798	11	4994850	5004850	+
ENSG00000172487	11	56354290	56364290	+
ENSG00000184500	3	93970002	93980002	-
ENSG00000181518	11	123902166	123912166	+
ENSG00000174982	11	55648326	55658326	+
ENSG00000263465	11	95066918	95076918	+
ENSG00000181767	11	56103686	56113686	+
ENSG00000174652	19	9425572	9435572	-
ENSG00000172742	11	59511367	59521367	+
ENSG00000004487	1	23019442	23029442	+
ENSG00000269855	19	58395655	58405655	+
ENSG00000179172	1	12838719	12848719	-
ENSG00000178750	3	94018596	94028596	-
ENSG00000178700	3	94053388	94063388	-
ENSG00000115657	2	219208993	219218993	-
ENSG00000178694	3	94062979	94072979	+
ENSG00000135821	1	182382205	182392205	-
ENSG00000087274	4	2843843	2853843	+
ENSG00000165916	11	47416472	47426472	-
ENSG00000177119	12	45215986	45225986	+
ENSG00000141480	17	4710595	4720595	+
ENSG00000138669	4	81205221	81215221	-
ENSG00000183734	11	2260587	2270587	-
ENSG00000187066	11	65079374	65089374	-
ENSG00000181009	11	5773354	5783354	-
ENSG00000169379	3	93980138	93990138	+
ENSG00000183389	11	5996945	6006945	-
ENSG00000171944	11	5128355	5138355	-
ENSG00000196341	11	124305098	124315098	-
ENSG00000161920	17	4731427	4741427	+
ENSG00000172769	11	58396873	58406873	-
ENSG00000161921	17	4729927	4739927	-
ENSG00000171533	11	75659037	75669037	-
ENSG00000198925	2	219219716	219229716	-
ENSG00000181693	11	56282253	56292253	-
ENSG00000182070	11	5144756	5154756	-
ENSG00000172324	11	59416412	59426412	-
ENSG00000182634	11	124031324	124041324	-
ENSG00000168778	12	123671109	123681109	+
ENSG00000181001	11	5781264	5791264	-
ENSG00000172365	11	58418120	58428120	-
ENSG00000174937	11	56463351	56473351	-
ENSG00000197125	11	124435695	124445695	-
ENSG00000141497	17	4739832	4749832	+
ENSG00000204580	6	30876420	30886420	+
ENSG00000142484	17	4771883	4781883	+
ENSG00000182853	17	4776432	4786432	-
ENSG00000111229	12	110440421	110450421	-
ENSG00000182327	17	4788963	4798963	+
ENSG00000142507	17	4796143	4806143	+
ENSG00000262165	17	4797012	4807012	-
ENSG00000214530	11	72784046	72794046	-
ENSG00000160691	1	154964394	154974394	-
ENSG00000114812	3	42489298	42499298	+
ENSG00000125337	6	167996240	168006240	+
ENSG00000163516	2	219229782	219239782	+
ENSG00000111231	12	110459267	110469267	-
ENSG00000206474	6	29439305	29449305	+
ENSG00000203740	1	170145958	170155958	+
ENSG00000204704	6	29035174	29045174	-
ENSG00000204403	11	104888669	104898669	-
ENSG00000204856	12	110468414	110478414	+
ENSG00000235109	6	28346270	28356270	-
ENSG00000129219	17	4807151	4817151	+
ENSG00000111237	12	110492110	110502110	-
ENSG00000196954	11	104959365	104969365	-
ENSG00000162374	1	50024028	50034028	+
ENSG00000163521	2	219235477	219245477	-
ENSG00000053328	6	110348348	110358348	-
ENSG00000093183	3	42591079	42601079	-
ENSG00000168275	1	234373455	234383455	+
ENSG00000241563	1	10450030	10460030	+
ENSG00000150471	4	61200325	61210325	+
ENSG00000008324	3	42581839	42591839	+
ENSG00000137757	11	105013167	105023167	-
ENSG00000205129	4	185426248	185436248	+
ENSG00000164023	4	107824562	107834562	+
ENSG00000115661	2	219245454	219255454	+
ENSG00000243910	2	219253242	219263242	+
ENSG00000151164	12	110501654	110511654	+
ENSG00000138767	4	77809614	77819614	-
ENSG00000196850	12	110573317	110583317	-
ENSG00000114857	3	42600654	42610654	+
ENSG00000135525	6	136540818	136550818	-
ENSG00000153207	1	246921947	246931947	-
ENSG00000127616	19	10960931	10970931	+
ENSG00000122986	12	110694949	110704949	-
ENSG00000141503	17	4833339	4843339	+
ENSG00000250719	1	46166487	46176487	-
ENSG00000157119	3	42685536	42695536	+
ENSG00000163749	4	76411867	76421867	-
ENSG00000137752	11	105025249	105035249	-
ENSG00000156869	1	99756634	99766634	-
ENSG00000016402	6	137035179	137045179	-
ENSG00000186298	12	110732938	110742938	-
ENSG00000010282	3	42692823	42702823	-
ENSG00000033122	1	69567921	69577921	+
ENSG00000054356	2	219299647	219309647	-
ENSG00000244607	3	42763252	42773252	-
ENSG00000186166	11	118998137	119008137	+
ENSG00000108556	17	4924437	4934437	-
ENSG00000205209	19	34667158	34677158	-
ENSG00000131943	19	29705788	29715788	-
ENSG00000280571	3	42794517	42804517	-
ENSG00000205710	17	4899417	4909417	+
ENSG00000185245	17	4932276	4942276	+
ENSG00000151418	1	198530944	198540944	-
ENSG00000167378	19	43586134	43596134	-
ENSG00000182698	2	219323176	219333176	-
ENSG00000181061	3	42794489	42804489	-
ENSG00000172687	19	21358929	21368929	+
ENSG00000108784	17	42536240	42546240	+
ENSG00000143278	1	197057259	197067259	-
ENSG00000196337	19	49048859	49058859	-
ENSG00000118181	11	119008690	119018690	-
ENSG00000187736	2	219150864	219160864	-
ENSG00000144648	3	42804751	42814751	+
ENSG00000108786	17	42552921	42562921	+
ENSG00000180432	3	42865897	42875897	-
ENSG00000118515	6	134308111	134318111	-
ENSG00000114853	3	42653696	42663696	+
ENSG00000119147	2	106063245	106073245	+
ENSG00000105143	19	15012989	15022989	-
ENSG00000285749	3	51798802	51808802	+
ENSG00000196655	11	119018762	119028762	+
ENSG00000173389	3	51893352	51903352	-
ENSG00000068120	17	42561466	42571466	+
ENSG00000116678	1	65420651	65430651	+
ENSG00000229972	3	51826882	51836882	+
ENSG00000184345	3	51861614	51871614	+
ENSG00000115652	2	106184300	106194300	-
ENSG00000214681	3	51865600	51875600	-
ENSG00000041880	3	51942344	51952344	+
ENSG00000185630	1	164555583	164565583	+
ENSG00000131470	17	42567830	42577830	-
ENSG00000204852	12	110614026	110624026	+
ENSG00000157014	3	10248022	10258022	+
ENSG00000204590	6	30546488	30556488	-
ENSG00000185219	3	44467669	44477669	-
ENSG00000158553	6	27302272	27312272	-
ENSG00000167552	12	49179079	49189079	-
ENSG00000137700	11	119020905	119030905	-
ENSG00000152076	2	130135133	130145133	-
ENSG00000159352	1	151254708	151264708	+
ENSG00000178917	3	44500635	44510635	-
ENSG00000099331	19	17075776	17085776	+
ENSG00000141699	17	42600622	42610622	-
ENSG00000167553	12	49188735	49198735	+
ENSG00000152082	2	130181736	130191736	+
ENSG00000268500	19	51636888	51646888	-
ENSG00000158710	1	159915506	159925506	-
ENSG00000037042	17	42659283	42669283	+
ENSG00000152086	2	130188438	130198438	-
ENSG00000162734	1	160205379	160215379	+
ENSG00000188542	2	240560053	240570053	+
ENSG00000135406	12	49293251	49303251	+
ENSG00000196345	3	44555192	44565192	+
ENSG00000131848	19	56358382	56368382	-
ENSG00000066294	1	160569515	160579515	-
ENSG00000162961	2	32029804	32039804	-
ENSG00000068137	17	42666993	42676993	-
ENSG00000144792	3	44578222	44588222	+
ENSG00000049239	1	9234773	9244773	+
ENSG00000186564	1	47438043	47448043	+
ENSG00000153885	19	33795932	33805932	+
ENSG00000186448	3	44584887	44594887	+
ENSG00000265241	1	145917677	145927677	-
ENSG00000189042	19	36687611	36697611	+
ENSG00000152683	2	32165840	32175840	+
ENSG00000018869	19	56383544	56393544	-
ENSG00000244038	1	20651543	20661543	-
ENSG00000169981	3	44648731	44658731	+
ENSG00000091106	2	32255731	32265731	-
ENSG00000171291	19	11848725	11858725	+
ENSG00000135451	12	49323235	49333235	+
ENSG00000158747	1	19596978	19606978	+
ENSG00000186897	12	49327187	49337187	-
ENSG00000149428	11	119047226	119057226	-
ENSG00000178401	12	49346887	49356887	+
ENSG00000185313	3	38806285	38816285	-
ENSG00000104972	19	54617157	54627157	+
ENSG00000116690	1	186296278	186306278	+
ENSG00000151176	12	113358565	113368565	+
ENSG00000120784	19	37682336	37692336	-
ENSG00000163159	1	151185320	151195320	-
ENSG00000135094	12	113416300	113426300	-
ENSG00000270011	19	9324173	9334173	+
ENSG00000139410	12	113422379	113432379	+
ENSG00000131375	3	15206151	15216151	+
ENSG00000141279	17	47522941	47532941	+
ENSG00000160695	11	119067817	119077817	+
ENSG00000144285	2	166139213	166149213	-
ENSG00000089116	12	113462279	113472279	-
ENSG00000160392	19	40338526	40348526	-
ENSG00000089060	12	113349492	113359492	-
ENSG00000131370	3	15331367	15341367	-
ENSG00000204577	19	54213505	54223505	-
ENSG00000078687	17	77959239	77969239	+
ENSG00000206562	3	15430565	15440565	-
ENSG00000111540	12	55973912	55983912	+
ENSG00000144597	3	15427597	15437597	+
ENSG00000179915	2	51215574	51225574	-
ENSG00000167380	19	44165072	44175072	+
ENSG00000141524	17	78122406	78132406	-
ENSG00000197608	19	52085764	52095764	-
ENSG00000139531	12	55997179	56007179	+
ENSG00000186474	19	51025229	51035229	-
ENSG00000206561	3	15511750	15521750	-
ENSG00000256269	11	119084865	119094865	+
ENSG00000123411	12	56007658	56017658	+
ENSG00000198131	19	58228593	58238593	+
ENSG00000167895	17	78130769	78140769	+
ENSG00000197728	12	56041350	56051350	+
ENSG00000159915	19	44259879	44269879	+
ENSG00000257411	12	56101330	56111330	+
ENSG00000198633	19	52429147	52439147	+
ENSG00000188486	11	119085466	119095466	-
ENSG00000187997	17	78146352	78156352	+
ENSG00000169507	2	164945524	164955524	-
ENSG00000196267	19	52161642	52171642	-
ENSG00000151914	6	56944829	56954829	-
ENSG00000167900	17	78177232	78187232	-
ENSG00000170515	12	56104536	56114536	+
ENSG00000172375	11	119102197	119112197	+
ENSG00000229117	12	56116589	56126589	+
ENSG00000183077	17	78187316	78197316	+
ENSG00000131373	3	15591851	15601851	-
ENSG00000172273	11	119121579	119131579	+
ENSG00000105576	19	12714010	12724010	-
ENSG00000089685	17	78214185	78224185	+
ENSG00000139641	12	56118249	56128249	+
ENSG00000153253	2	165194049	165204049	-
ENSG00000172350	11	119149051	119159051	+
ENSG00000167491	19	19385825	19395825	+
ENSG00000169814	3	15601340	15611340	+
ENSG00000135482	12	56118259	56128259	+
ENSG00000204278	17	78231309	78241309	+
ENSG00000184619	17	8366703	8376703	-
ENSG00000177469	17	42413255	42423255	-
ENSG00000196465	12	56152255	56162255	+
ENSG00000153832	2	229922301	229932301	+
ENSG00000131018	6	152627800	152637800	-
ENSG00000182986	19	52887692	52897692	-
ENSG00000163053	2	230058992	230068992	-
ENSG00000284643	2	227598892	227608892	+
ENSG00000179213	19	51246347	51256347	+
ENSG00000284704	2	227604839	227614839	-
ENSG00000160336	19	53431983	53441983	+
ENSG00000284631	2	227616997	227626997	+
ENSG00000284667	2	227666803	227676803	+
ENSG00000171119	19	5805066	5815066	+
ENSG00000160703	11	119166567	119176567	+
ENSG00000135917	2	227708027	227718027	-
ENSG00000188283	19	37217925	37227925	+
ENSG00000012171	3	50267557	50277557	+
ENSG00000267680	19	44094338	44104338	+
ENSG00000284725	2	227714756	227724756	-
ENSG00000284718	2	227728334	227738334	+
ENSG00000284635	2	227745844	227755844	+
ENSG00000204519	19	57681968	57691968	+
ENSG00000269026	19	57682044	57692044	+
ENSG00000179909	19	57699203	57709203	-
ENSG00000179564	3	50279086	50289086	+
ENSG00000115009	2	227805738	227815738	+
ENSG00000083814	19	57717623	57727623	-
ENSG00000152443	19	57746814	57756814	+
ENSG00000092841	12	56158345	56168345	+
ENSG00000186792	3	50289404	50299404	-
ENSG00000172367	11	119185456	119195456	+
ENSG00000180532	19	57651475	57661475	+
ENSG00000243477	3	50289415	50299415	-
ENSG00000123977	2	227871053	227881053	+
ENSG00000248712	11	119186768	119196768	-
ENSG00000172469	6	95577484	95587484	+
ENSG00000074047	2	120735622	120745622	+
ENSG00000197782	19	40080942	40090942	-
ENSG00000213793	19	52913480	52923480	-
ENSG00000221874	19	52952822	52962822	-
ENSG00000110395	11	119206297	119216297	+
ENSG00000135318	6	85449583	85459583	+
ENSG00000175110	3	139005805	139015805	+
ENSG00000180257	19	52952910	52962910	-
ENSG00000197937	19	53149074	53159074	-
ENSG00000197497	19	53183385	53193385	-
ENSG00000076706	11	119311520	119321520	-
ENSG00000090520	3	186567402	186577402	+
ENSG00000197928	19	53244897	53254897	-
ENSG00000135577	6	142137121	142147121	-
ENSG00000196131	19	53258291	53268291	+
ENSG00000228567	19	53257722	53267722	-
ENSG00000137338	6	28281571	28291571	+
ENSG00000170949	19	53093433	53103433	-
ENSG00000139613	12	56179566	56189566	-
ENSG00000154743	3	12484420	12494420	+
ENSG00000173020	11	67266472	67276472	+
ENSG00000079263	2	230203109	230213109	+
ENSG00000168610	17	42378539	42388539	-
ENSG00000204344	6	31971090	31981090	+
ENSG00000181852	12	56211932	56221932	-
ENSG00000172932	11	67289299	67299299	+
ENSG00000137404	6	30681419	30691419	-
ENSG00000139579	12	56222014	56232014	+
ENSG00000164050	3	48420085	48430085	-
ENSG00000089558	17	42171141	42181141	-
ENSG00000161610	17	42175451	42185451	-
ENSG00000139540	12	56230048	56240048	+
ENSG00000146263	6	97273216	97283216	-
ENSG00000172830	11	67303477	67313477	+
ENSG00000167925	17	42184531	42194531	-
ENSG00000124557	6	26500302	26510302	+
ENSG00000139645	12	56248383	56258383	-
ENSG00000164051	3	48430455	48440455	-
ENSG00000126091	1	43705823	43715823	+
ENSG00000169554	2	144511056	144521056	-
ENSG00000232112	3	48440256	48450256	+
ENSG00000135469	12	56266889	56276889	+
ENSG00000173757	17	42266706	42276706	-
ENSG00000213689	3	48465810	48475810	+
ENSG00000155085	6	109681216	109691216	-
ENSG00000172613	11	67317870	67327870	+
ENSG00000274750	6	26224198	26234198	+
ENSG00000146399	6	132649181	132659181	-
ENSG00000137434	6	10684796	10694796	-
ENSG00000112245	6	63521745	63531745	+
ENSG00000232125	2	206711569	206721569	-
ENSG00000114268	3	48552014	48562014	-
ENSG00000110697	11	67496262	67506262	-
ENSG00000010244	17	32350131	32360131	+
ENSG00000062485	12	56290390	56300390	-
ENSG00000167797	11	67498648	67508648	-
ENSG00000167791	11	67514516	67524516	-
ENSG00000145040	3	48553780	48563780	-
ENSG00000134324	2	11677594	11687594	+
ENSG00000146426	6	154832696	154842696	+
ENSG00000084207	11	67583741	67593741	+
ENSG00000162383	1	53132637	53142637	-
ENSG00000180638	17	19708978	19718978	-
ENSG00000144785	12	56306058	56316058	-
ENSG00000010256	3	48600975	48610975	-
ENSG00000158691	6	28389746	28399746	-
ENSG00000269964	6	77650273	77660273	+
ENSG00000183396	3	48611768	48621768	-
ENSG00000184544	17	9781591	9791591	-
ENSG00000257727	12	56306118	56316118	-
ENSG00000146433	6	158536435	158546435	+
ENSG00000171163	1	248849143	248859143	-
ENSG00000096654	6	27463117	27473117	-
ENSG00000146360	6	109978255	109988255	+
ENSG00000164663	6	41885374	41895374	-
ENSG00000167792	11	67605652	67615652	+
ENSG00000014123	6	96521594	96531594	+
ENSG00000112214	6	96562547	96572547	+
ENSG00000175106	17	15553594	15563594	-
ENSG00000167799	11	67619936	67629936	-
ENSG00000064012	2	201233442	201243442	+
ENSG00000225697	3	48625492	48635492	-
ENSG00000132744	11	67640729	67650729	-
ENSG00000135473	12	56324052	56334052	-
ENSG00000132746	11	67671223	67681223	-
ENSG00000132361	17	2702662	2712662	-
ENSG00000240445	17	18672313	18682313	-
ENSG00000196504	2	152707996	152717996	-
ENSG00000110203	11	72114868	72124868	+
ENSG00000110944	12	56334173	56344173	+
ENSG00000125457	17	75261230	75271230	-
ENSG00000177917	2	152717892	152727892	+
ENSG00000197901	11	62974966	62984966	-
ENSG00000266074	17	81395456	81405456	+
ENSG00000162994	2	55222562	55232562	-
ENSG00000008300	3	48652885	48662885	-
ENSG00000170581	12	56350166	56360166	-
ENSG00000149452	11	63005840	63015840	-
ENSG00000197658	11	63134220	63144220	-
ENSG00000170160	17	16689536	16699536	+
ENSG00000085760	2	55259346	55269346	-
ENSG00000213672	3	48676363	48686363	-
ENSG00000175336	12	56352856	56362856	-
ENSG00000196600	11	63219651	63229651	-
ENSG00000127054	1	1314686	1324686	-
ENSG00000186665	17	67986468	67996468	-
ENSG00000108759	17	41457385	41467385	-
ENSG00000184557	17	78350076	78360076	-
ENSG00000184999	11	63268021	63278021	+
ENSG00000134538	12	21131193	21141193	+
ENSG00000068745	3	48730352	48740352	-
ENSG00000121351	12	21354958	21364958	+
ENSG00000149742	11	63369784	63379784	+
ENSG00000121350	12	21437614	21447614	+
ENSG00000004700	12	21491668	21501668	-
ENSG00000132256	11	5928618	5938618	-
ENSG00000141736	17	39687913	39697913	+
ENSG00000111711	12	21501780	21511780	+
ENSG00000110169	11	6432616	6442616	-
ENSG00000134548	12	21526295	21536295	+
ENSG00000108639	17	78168580	78178580	+
ENSG00000139131	12	32745896	32755896	-
ENSG00000110171	11	6464458	6474458	-
ENSG00000153827	2	229913238	229923238	-
ENSG00000172456	1	59296637	59306637	+
ENSG00000167535	12	48813793	48823793	+
ENSG00000132254	11	6471478	6481478	-
ENSG00000114270	3	48585328	48595328	-
ENSG00000141376	17	60677452	60687452	+
ENSG00000014641	2	63588608	63598608	+
ENSG00000174243	12	48842841	48852841	-
ENSG00000132286	11	6481500	6491500	+
ENSG00000075975	3	12557056	12567056	+
ENSG00000144035	2	73632421	73642421	-
ENSG00000172667	3	179062214	179072214	-
ENSG00000172602	12	48855869	48865869	-
ENSG00000144034	2	73727399	73737399	-
ENSG00000179532	11	6497259	6507259	+
ENSG00000172123	17	35423282	35433282	-
ENSG00000174233	12	48779088	48789088	-
ENSG00000144048	2	73770156	73780156	-
ENSG00000187833	2	73784188	73794188	+
ENSG00000160551	17	29390362	29400362	+
ENSG00000121879	3	179148113	179158113	+
ENSG00000051825	12	123234013	123244013	-
ENSG00000241553	3	9792494	9802494	+
ENSG00000163964	3	196639774	196649774	+
ENSG00000138443	2	203328279	203338279	+
ENSG00000111328	12	123262333	123272333	-
ENSG00000166340	11	6609447	6619447	-
ENSG00000121101	17	58682054	58692054	-
ENSG00000114745	3	39097862	39107862	-
ENSG00000139697	12	123354846	123364846	-
ENSG00000130921	12	123233384	123243384	+
ENSG00000170782	11	6876624	6886624	+
ENSG00000197763	3	126645123	126655123	-
ENSG00000150990	12	124979130	124989130	-
ENSG00000179097	3	87792705	87802705	+
ENSG00000115211	2	27360456	27370456	-
ENSG00000184992	12	124993644	125003644	+
ENSG00000114779	3	51973408	51983408	-
ENSG00000134824	11	61792979	61802979	+
ENSG00000196535	17	29170397	29180397	-
ENSG00000173113	11	64307558	64317558	-
ENSG00000137504	11	85672907	85682907	-
ENSG00000144645	3	32067579	32077579	-
ENSG00000174914	11	56699094	56709094	+
ENSG00000254466	11	59473314	59483314	+
ENSG00000162946	1	231626789	231636789	+
ENSG00000115234	2	27370495	27380495	+
ENSG00000081760	12	125065433	125075433	+
ENSG00000188211	11	17351799	17361799	+
ENSG00000239732	3	52215644	52225644	-
ENSG00000163795	2	27370789	27380789	-
ENSG00000196660	1	219948646	219958646	-
ENSG00000158786	1	20139322	20149322	+
ENSG00000149305	11	113904676	113914676	+
ENSG00000109906	11	114059040	114069040	+
ENSG00000115241	2	27399590	27409590	-
ENSG00000016864	3	52696031	52706031	-
ENSG00000108684	17	34164963	34174963	-
ENSG00000273079	12	13972001	13982001	-
ENSG00000168389	1	39955111	39965111	+
ENSG00000108788	17	42567071	42577071	+
ENSG00000133703	12	25240935	25250935	-
ENSG00000070081	11	17208152	17218152	+
ENSG00000139233	12	66120749	66130749	-
ENSG00000115216	2	27427789	27437789	+
ENSG00000163918	3	186797057	186807057	-
ENSG00000180044	3	160225421	160235421	+
ENSG00000232382	3	98463200	98473200	+
ENSG00000160087	1	1263863	1273863	-
ENSG00000157992	2	27442365	27452365	+
ENSG00000115226	2	27485199	27495199	-
ENSG00000155957	12	66160071	66170071	-
ENSG00000118733	1	101986925	101996925	-
ENSG00000007237	17	10188605	10198605	-
ENSG00000084734	2	27496838	27506838	+
ENSG00000114026	3	9749943	9759943	+
ENSG00000157870	1	2586490	2596490	+
ENSG00000006611	11	17534415	17544415	-
ENSG00000090376	12	66189194	66199194	+
ENSG00000127311	12	66302492	66312492	+
ENSG00000188162	11	17547258	17557258	+
ENSG00000144681	3	36380502	36390502	+
ENSG00000163357	1	155033823	155043823	+
ENSG00000179085	1	155130594	155140594	-
ENSG00000198398	3	190439900	190449900	-
ENSG00000128487	17	20008864	20018864	+
ENSG00000231213	3	146595345	146605345	-
ENSG00000183801	11	7485387	7495387	+
ENSG00000180914	3	8759627	8769627	-
ENSG00000155366	1	112697433	112707433	-
ENSG00000144852	3	119780483	119790483	+
ENSG00000155974	12	67059161	67069161	-
ENSG00000173080	1	155941637	155951637	+
ENSG00000113889	3	186717347	186727347	+
ENSG00000184922	17	45221443	45231443	+
ENSG00000188782	1	26190560	26200560	+
ENSG00000198892	1	201888679	201898679	+
ENSG00000138002	2	27479804	27489804	-
ENSG00000166387	11	7513297	7523297	+
ENSG00000158055	1	24319356	24329356	+
ENSG00000184361	17	45252093	45262093	-
ENSG00000010318	3	52410659	52420659	+
ENSG00000183347	1	89364058	89374058	+
ENSG00000175206	1	11838344	11848344	-
ENSG00000006062	17	45307028	45317028	-
ENSG00000120937	1	11848944	11858944	-
ENSG00000116685	1	11916427	11926427	-
ENSG00000010319	3	52435102	52445102	-
ENSG00000213424	17	40655180	40665180	-
ENSG00000114854	3	52444040	52454040	-
ENSG00000167916	17	40693751	40703751	-
ENSG00000155438	2	121726910	121736910	-
ENSG00000204897	17	40745330	40755330	-
ENSG00000110911	12	51018565	51028565	-
ENSG00000166394	11	7667221	7677221	-
ENSG00000186393	17	40762161	40772161	-
ENSG00000211460	2	121737102	121747102	+
ENSG00000171446	17	40772549	40782549	-
ENSG00000010322	3	52455117	52465117	+
ENSG00000173908	17	40789958	40799958	-
ENSG00000186395	17	40812613	40822613	-
ENSG00000139547	12	56949373	56959373	-
ENSG00000135392	12	55820823	55830823	-
ENSG00000137656	11	116762986	116772986	-
ENSG00000187242	17	40857222	40867222	-
ENSG00000083444	1	11934204	11944204	+
ENSG00000171431	17	40875241	40885241	-
ENSG00000075089	12	100199121	100209121	+
ENSG00000116691	1	12019465	12029465	+
ENSG00000121989	2	147844516	147854516	+
ENSG00000108244	17	40927645	40937645	-
ENSG00000109917	11	116778038	116788038	-
ENSG00000114841	3	52316318	52326318	+
ENSG00000120949	1	12063302	12073302	+
ENSG00000204414	17	63908837	63918837	-
ENSG00000115947	2	148011603	148021603	-
ENSG00000110243	11	116782419	116792419	-
ENSG00000110244	11	116813303	116823303	-
ENSG00000110245	11	116829705	116839705	+
ENSG00000259384	17	63908838	63918838	-
ENSG00000285947	17	63921384	63931384	-
ENSG00000076201	3	47381010	47391010	+
ENSG00000204406	2	148021010	148031010	+
ENSG00000118137	11	116827621	116837621	-
ENSG00000007312	17	63922335	63932335	-
ENSG00000162521	1	32651141	32661141	+
ENSG00000114650	3	47467125	47477125	-
ENSG00000007314	17	63962917	63972917	-
ENSG00000130779	12	122412668	122422668	-
ENSG00000224383	17	63998350	64008350	+
ENSG00000162520	1	32693595	32703595	-
ENSG00000111728	12	22427040	22437040	-
ENSG00000163832	3	47503711	47513711	-
ENSG00000162522	1	32741829	32751829	+
ENSG00000015568	2	109792757	109802757	+
ENSG00000108622	17	64010633	64020633	-
ENSG00000196387	12	133080473	133090473	+
ENSG00000116497	1	32816766	32826766	+
ENSG00000256977	2	109898427	109908427	+
ENSG00000160584	11	117088436	117098436	-
ENSG00000178607	17	64120818	64130818	-
ENSG00000114646	3	47570791	47580791	-
ENSG00000110852	12	9859385	9869385	-
ENSG00000160097	1	32862481	32872481	-
ENSG00000074590	12	106128953	106138953	-
ENSG00000121905	1	32885993	32895993	+
ENSG00000184478	11	5938750	5948750	+
ENSG00000168779	3	158096419	158106419	-
ENSG00000184698	11	5383811	5393811	+
ENSG00000187918	11	5449322	5459322	+
ENSG00000144063	2	110106021	110116021	-
ENSG00000121900	1	32891437	32901437	-
ENSG00000168000	11	62699844	62709844	-
ENSG00000121940	1	108953503	108963503	-
ENSG00000136478	17	64253259	64263259	-
ENSG00000143222	1	161152775	161162775	+
ENSG00000181963	11	4449294	4459294	+
ENSG00000196778	11	4482645	4492645	+
ENSG00000197887	11	58194141	58204141	-
ENSG00000182791	11	66583062	66593062	-
ENSG00000121749	12	71839706	71849706	+
ENSG00000187166	12	48328979	48338979	+
ENSG00000143258	1	161159449	161169449	+
ENSG00000173992	11	66593152	66603152	+
ENSG00000178053	3	158571162	158581162	+
ENSG00000239306	11	66616625	66626625	+
ENSG00000248643	11	66616625	66626625	+
ENSG00000186908	12	76764102	76774102	+
ENSG00000173933	11	66638666	66648666	+
ENSG00000143224	1	161166055	161176055	+
ENSG00000172789	12	54033049	54043049	+
ENSG00000089163	12	120302315	120312315	+
ENSG00000179615	12	55572467	55582467	+
ENSG00000179695	12	55444068	55454068	+
ENSG00000173914	11	66667886	66677886	-
ENSG00000186868	17	45894526	45904526	+
ENSG00000144061	2	110195065	110205065	-
ENSG00000174891	3	158105854	158115854	+
ENSG00000111729	12	8123616	8133616	+
ENSG00000158850	1	161167967	161177967	-
ENSG00000139289	12	76021775	76031775	-
ENSG00000120820	12	104054182	104064182	-
ENSG00000141526	17	82217933	82227933	+
ENSG00000113971	3	132712431	132722431	-
ENSG00000158859	1	161189053	161199053	-
ENSG00000111052	12	80927933	80937933	-
ENSG00000158869	1	161215233	161225233	+
ENSG00000214700	12	27072577	27082577	-
ENSG00000261308	12	51838717	51848717	-
ENSG00000158874	1	161213630	161223630	-
ENSG00000068024	2	239391653	239401653	-
ENSG00000134909	11	129269323	129279323	-
ENSG00000158882	1	161225938	161235938	+
ENSG00000132153	3	47802908	47812908	+
ENSG00000172954	2	30447225	30457225	+
ENSG00000089159	12	120255770	120265770	-
ENSG00000171714	11	21782658	21792658	+
ENSG00000164045	3	48178416	48188416	-
ENSG00000197790	11	4545190	4555190	+
ENSG00000164047	3	48223346	48233346	+
ENSG00000108852	17	43899710	43909710	-
ENSG00000255012	11	56604873	56614873	-
ENSG00000176925	11	4821320	4831320	+
ENSG00000280021	11	4759916	4769916	-
ENSG00000280204	11	58212719	58222719	+
ENSG00000280314	11	56315143	56325143	+
ENSG00000205809	12	10432299	10442299	-
ENSG00000284609	11	124389023	124399023	-
ENSG00000164048	3	48241099	48251099	+
ENSG00000284680	11	124374498	124384498	-
ENSG00000170683	11	7931707	7941707	-
ENSG00000170790	11	6863056	6873056	+
ENSG00000172320	11	59436468	59446468	+
ENSG00000176893	11	4909349	4919349	-
ENSG00000214029	12	133120273	133130273	-
ENSG00000176895	11	4903782	4913782	+
ENSG00000180974	11	5880628	5890628	+
ENSG00000181698	11	56274153	56284153	+
ENSG00000187486	11	17379330	17389330	-
ENSG00000181903	11	55662200	55672200	+
ENSG00000184933	11	6789688	6799688	-
ENSG00000163072	2	168786538	168796538	+
ENSG00000197428	11	4637476	4647476	+
ENSG00000172113	3	48291684	48301684	-
ENSG00000180785	11	4643419	4653419	+
ENSG00000188124	11	6761975	6771975	-
ENSG00000196248	11	123967780	123977780	-
ENSG00000139636	12	49100899	49110899	-
ENSG00000234560	11	124026797	124036797	+
ENSG00000110711	11	67468173	67478173	+
ENSG00000108849	17	43932475	43942475	-
ENSG00000205497	11	4937604	4947604	-
ENSG00000131096	17	43994468	44004468	-
ENSG00000229453	3	48318340	48328340	-
ENSG00000196151	2	159276702	159286702	-
ENSG00000161653	17	44004621	44014621	+
ENSG00000164049	3	48372218	48382218	+
ENSG00000091947	17	44013945	44023945	-
ENSG00000150977	12	123426683	123436683	-
ENSG00000161654	17	44057618	44067618	-
ENSG00000172893	11	71442867	71452867	-
ENSG00000143257	1	161228243	161238243	-
ENSG00000141349	17	44070734	44080734	+
ENSG00000115504	2	62673850	62683850	+
ENSG00000089009	12	112408837	112418837	-
ENSG00000125319	17	44141905	44151905	+
ENSG00000164053	3	48446709	48456709	+
ENSG00000161664	17	44170446	44180446	+
ENSG00000163249	2	207711539	207721539	+
ENSG00000172890	11	71453108	71463108	+
ENSG00000168591	17	44186969	44196969	+
ENSG00000136546	2	166601481	166611481	-
ENSG00000114302	3	48837873	48847873	-
ENSG00000244411	11	71527266	71537266	+
ENSG00000241233	11	71538024	71548024	+
ENSG00000254997	11	71548419	71558419	+
ENSG00000204572	11	71565562	71575562	+
ENSG00000204571	11	71593352	71603352	-
ENSG00000248485	1	161258744	161268744	+
ENSG00000188931	1	161357875	161367875	-
ENSG00000052126	12	19129732	19139732	+
ENSG00000138071	2	65227787	65237787	+
ENSG00000265107	1	147763361	147773361	-
ENSG00000114554	3	126982692	126992692	+
ENSG00000121634	1	147902794	147912794	+
ENSG00000023191	11	497299	507299	-
ENSG00000120756	3	142596392	142606392	+
ENSG00000108312	17	44211625	44221625	-
ENSG00000188092	1	147928392	147938392	+
ENSG00000161328	11	537526	547526	+
ENSG00000028116	2	57907628	57917628	+
ENSG00000144935	3	142724033	142734033	+
ENSG00000273706	17	36936784	36946784	+
ENSG00000177030	11	697117	707117	-
ENSG00000167822	11	56130200	56140200	-
ENSG00000116991	1	232620570	232630570	-
ENSG00000163710	3	142879205	142889205	-
ENSG00000060237	12	752578	762578	+
ENSG00000243244	2	48529382	48539382	+
ENSG00000275700	17	36948924	36958924	+
ENSG00000136541	2	157317712	157327712	-
ENSG00000188582	3	142953673	142963673	-
ENSG00000215644	17	81804131	81814131	+
ENSG00000152430	2	197776761	197786761	-
ENSG00000182568	3	18435587	18445587	-
ENSG00000225663	17	81823301	81833301	-
ENSG00000182676	17	81825049	81835049	-
ENSG00000172292	2	168456248	168466248	+
ENSG00000081307	3	132654445	132664445	+
ENSG00000153563	2	86798395	86808395	-
ENSG00000116688	1	11980180	11990180	+
ENSG00000188800	1	40245946	40255946	+
ENSG00000084073	1	40258040	40268040	+
ENSG00000141522	17	81861377	81871377	-
ENSG00000183684	17	81881585	81891585	-
ENSG00000119185	2	9413527	9423527	-
ENSG00000049089	1	40307812	40317812	-
ENSG00000084070	1	40344849	40354849	+
ENSG00000141552	17	81890789	81900789	+
ENSG00000187801	1	40450101	40460101	+
ENSG00000087470	12	32679199	32689199	+
ENSG00000158887	1	161299967	161309967	-
ENSG00000183979	17	81900744	81910744	+
ENSG00000163702	3	9917073	9927073	+
ENSG00000184182	2	237966826	237976826	+
ENSG00000117640	1	25818639	25828639	+
ENSG00000111490	12	64759483	64769483	+
ENSG00000006071	11	17466893	17476893	-
ENSG00000127423	1	25849457	25859457	-
ENSG00000182749	1	25865707	25875707	-
ENSG00000117632	1	25896990	25906990	-
ENSG00000120798	12	95063627	95073627	-
ENSG00000187147	1	44405193	44415193	+
ENSG00000185813	17	81901431	81911431	-
ENSG00000077044	2	233354493	233364493	+
ENSG00000163719	3	9649432	9659432	+
ENSG00000184752	12	94993747	95003747	-
ENSG00000231192	3	98130720	98140720	+
ENSG00000236032	3	98147478	98157478	+
ENSG00000233412	3	98166695	98176695	+
ENSG00000230301	3	98263251	98273251	+
ENSG00000126106	1	44664480	44674480	-
ENSG00000198520	1	44674691	44684691	+
ENSG00000127837	2	218260177	218270177	-
ENSG00000022840	12	120533479	120543479	+
ENSG00000187531	17	81911322	81921322	-
ENSG00000085741	11	76200735	76210735	-
ENSG00000156983	3	9731728	9741728	+
ENSG00000205639	2	24010080	24020080	+
ENSG00000288623	12	120534696	120544696	+
ENSG00000197063	17	81917734	81927734	-
ENSG00000137492	11	76371131	76381131	-
ENSG00000179240	11	76381302	76391302	+
ENSG00000142945	1	44739817	44749817	+
ENSG00000142937	1	44775250	44785250	+
ENSG00000075415	12	98593590	98603590	+
ENSG00000142959	1	44778169	44788169	-
ENSG00000011376	3	45388560	45398560	+
ENSG00000173846	1	44800376	44810376	+
ENSG00000144791	3	45555393	45565393	+
ENSG00000222009	1	44808481	44818481	+
ENSG00000173585	3	45886508	45896508	+
ENSG00000163823	3	46198312	46208312	-
ENSG00000121807	3	46353863	46363863	+
ENSG00000158636	11	76444922	76454922	+
ENSG00000160791	3	46370853	46380853	+
ENSG00000117425	1	44833252	44843252	-
ENSG00000121797	3	46407165	46417165	+
ENSG00000183010	17	81932411	81942411	-
ENSG00000283473	3	46612524	46622524	+
ENSG00000070785	1	44976721	44986721	-
ENSG00000185105	17	81937232	81947232	-
ENSG00000077380	2	171687408	171697408	+
ENSG00000185269	17	81951839	81961839	-
ENSG00000126107	1	45001323	45011323	-
ENSG00000163818	3	45906041	45916041	-
ENSG00000149311	11	108223043	108233043	+
ENSG00000173578	3	46075824	46085824	-
ENSG00000183625	3	46130889	46140889	+
ENSG00000126088	1	45010949	45020949	+
ENSG00000162408	1	6544512	6554512	-
ENSG00000184009	17	81513846	81523846	-
ENSG00000173662	1	6555306	6565306	+
ENSG00000057935	2	42494568	42504568	+
ENSG00000204859	1	6579993	6589993	+
ENSG00000288629	1	89579591	89589591	+
ENSG00000185624	17	81850855	81860855	-
ENSG00000012223	3	46475233	46485233	-
ENSG00000171488	1	89633071	89643071	+
ENSG00000120868	12	98645289	98655289	+
ENSG00000163825	3	46494610	46504610	+
ENSG00000070886	1	22563488	22573488	+
ENSG00000173372	1	22636627	22646627	+
ENSG00000138413	2	208256073	208266073	-
ENSG00000159189	1	22643632	22653632	+
ENSG00000111269	12	12611826	12621826	+
ENSG00000163827	3	46596947	46606947	-
ENSG00000183150	12	12686206	12696206	-
ENSG00000173369	1	22652761	22662761	+
ENSG00000153823	2	229261286	229271286	-
ENSG00000178878	12	12725916	12735916	+
ENSG00000135919	2	224029317	224039317	-
ENSG00000213782	12	12813315	12823315	+
ENSG00000119285	1	236594515	236604515	-
ENSG00000244020	1	236994440	237004440	-
ENSG00000158019	2	27889940	27899940	+
ENSG00000117758	1	27773218	27783218	+
ENSG00000117751	1	27830781	27840781	+
ENSG00000033627	17	42458843	42468843	+
ENSG00000032389	2	3367829	3377829	-
ENSG00000135100	12	120978542	120988542	+
ENSG00000130775	1	27872542	27882542	+
ENSG00000115446	2	98608578	98618578	+
ENSG00000131462	17	42609640	42619640	+
ENSG00000163703	3	9933792	9943792	+
ENSG00000184451	17	42673916	42683916	-
ENSG00000117748	1	27904745	27914745	-
ENSG00000108797	17	42682530	42692530	+
ENSG00000117122	1	16970631	16980631	-
ENSG00000174437	12	110280755	110290755	+
ENSG00000170473	12	55922617	55932617	-
ENSG00000108799	17	42735048	42745048	-
ENSG00000159363	1	17001927	17011927	-
ENSG00000071909	2	170178144	170188144	+
ENSG00000178171	2	130755539	130765539	+
ENSG00000117118	1	17044031	17054031	-
ENSG00000185664	12	55963316	55973316	-
ENSG00000117115	1	17109450	17119450	-
ENSG00000131477	17	42758446	42768446	+
ENSG00000131475	17	42773448	42783448	+
ENSG00000142623	1	17205127	17215127	+
ENSG00000167695	17	732411	742411	+
ENSG00000142619	1	17249097	17259097	+
ENSG00000179409	17	743998	753998	-
ENSG00000132170	3	12287367	12297367	+
ENSG00000123374	12	55966780	55976780	+
ENSG00000142871	1	85580760	85590760	+
ENSG00000021574	2	32063555	32073555	+
ENSG00000167699	17	773389	783389	-
ENSG00000173401	12	75334669	75344669	+
ENSG00000143512	1	222538103	222548103	-
ENSG00000180481	12	75391088	75401088	+
ENSG00000115085	2	97713575	97723575	+
ENSG00000143498	1	222579932	222589932	-
ENSG00000139278	12	75480752	75490752	+
ENSG00000171861	17	782352	792352	+
ENSG00000221944	2	232540556	232550556	-
ENSG00000092871	17	35079318	35089318	-
ENSG00000111615	12	75501635	75511635	-
ENSG00000179626	12	55549601	55559601	+
ENSG00000267618	17	35111492	35121492	-
ENSG00000154305	1	222618096	222628096	+
ENSG00000144283	2	158456951	158466951	+
ENSG00000073598	17	35121614	35131614	+
ENSG00000163932	3	53156008	53166008	+
ENSG00000152936	12	25638578	25648578	-
ENSG00000186063	1	222703209	222713209	-
ENSG00000115317	2	74529724	74539724	+
ENSG00000073536	17	35132303	35142303	-
ENSG00000163931	3	53246051	53256051	-
ENSG00000162819	1	222712552	222722552	+
ENSG00000197520	1	222737206	222747206	+
ENSG00000163001	2	55519603	55529603	+
ENSG00000187554	1	223133247	223143247	-
ENSG00000272886	3	53337585	53347585	-
ENSG00000016391	3	53836418	53846418	-
ENSG00000065361	12	56076798	56086798	+
ENSG00000141161	17	35147816	35157816	+
ENSG00000164010	1	42817121	42827121	+
ENSG00000164729	17	35184522	35194522	-
ENSG00000056736	3	53846567	53856567	+
ENSG00000164011	1	42846572	42856572	+
ENSG00000166750	17	35243070	35253070	+
ENSG00000113812	3	53872151	53882151	-
ENSG00000154309	1	222815021	222825021	+
ENSG00000113811	3	53881961	53891961	-
ENSG00000072657	12	72087265	72097265	+
ENSG00000120370	1	170532130	170542130	+
ENSG00000203857	1	119507197	119517197	+
ENSG00000169764	2	63840951	63850951	+
ENSG00000185379	17	35111521	35121521	-
ENSG00000143067	1	119638265	119648265	-
ENSG00000134240	1	119758904	119768904	-
ENSG00000134193	1	119801579	119811579	-
ENSG00000134249	1	119886514	119896514	-
ENSG00000069431	12	21932542	21942542	-
ENSG00000144395	2	196639553	196649553	+
ENSG00000187857	12	55362974	55372974	+
ENSG00000185821	12	55426253	55436253	+
ENSG00000119041	2	196789724	196799724	-
ENSG00000120071	17	46215388	46225388	-
ENSG00000092621	1	119648410	119658410	+
ENSG00000057294	12	32886776	32896776	-
ENSG00000187944	2	196799354	196809354	-
ENSG00000188324	12	55286568	55296568	-
ENSG00000205330	12	55314342	55324342	+
ENSG00000139223	12	48472558	48482558	+
ENSG00000177627	12	48482497	48492497	+
ENSG00000027644	1	156849116	156859116	-
ENSG00000284723	12	48525631	48535631	+
ENSG00000198678	12	48559881	48569881	+
ENSG00000197121	2	196917795	196927795	-
ENSG00000167531	12	48560065	48570065	-
ENSG00000123307	12	55019973	55029973	+
ENSG00000170605	12	55126405	55136405	+
ENSG00000130764	1	3786497	3796497	-
ENSG00000157388	3	53328962	53338962	+
ENSG00000139132	12	32399557	32409557	+
ENSG00000115594	2	102064543	102074543	+
ENSG00000115598	2	102187005	102197005	+
ENSG00000111266	12	12552862	12562862	-
ENSG00000115602	2	102311501	102321501	+
ENSG00000013588	12	12891558	12901558	+
ENSG00000144554	3	10026369	10036369	+
ENSG00000111291	12	12942146	12952146	-
ENSG00000013583	12	12990264	13000264	-
ENSG00000284770	1	235367359	235377359	+
ENSG00000115607	2	102418688	102428688	+
ENSG00000114279	3	192757763	192767763	-
ENSG00000198561	11	57753242	57763242	+
ENSG00000180251	2	102473225	102483225	+
ENSG00000180219	12	99647752	99657752	+
ENSG00000144182	2	99154954	99164954	+
ENSG00000273155	2	99154997	99164997	+
ENSG00000226288	11	4581742	4591742	+
ENSG00000167332	11	4687853	4697853	-
ENSG00000197674	11	4687830	4697830	-
ENSG00000254737	11	124012996	124022996	+
ENSG00000197587	1	46489835	46499835	+
ENSG00000279000	11	7921267	7931267	-
ENSG00000158411	2	99171057	99181057	-
ENSG00000185414	2	99181151	99191151	+
ENSG00000114491	3	124730432	124740432	+
ENSG00000198837	1	153936717	153946717	-
ENSG00000185674	2	99245281	99255281	-
ENSG00000144214	2	99294741	99304741	-
ENSG00000133895	11	64801293	64811293	-
ENSG00000082781	3	124891417	124901417	-
ENSG00000115514	2	99330701	99340701	-
ENSG00000141252	17	711716	721716	-
ENSG00000160741	1	153948614	153958614	-
ENSG00000166800	11	18455823	18465823	+
ENSG00000173702	3	124943818	124953818	-
ENSG00000074319	11	18516950	18526950	-
ENSG00000178074	2	199911292	199921292	+
ENSG00000143578	1	153967533	153977533	+
ENSG00000185046	12	99974653	99984653	-
ENSG00000162971	2	199945735	199955735	-
ENSG00000162972	2	199955316	199965316	+
ENSG00000143543	1	153967673	153977673	-
ENSG00000151116	11	18578746	18588746	-
ENSG00000226124	2	199841191	199851191	-
ENSG00000214087	17	81673796	81683796	-
ENSG00000143545	1	153976357	153986357	-
ENSG00000247595	11	18588780	18598780	+
ENSG00000177954	1	153990761	154000761	+
ENSG00000162642	1	85249671	85259671	-
ENSG00000179119	11	18624790	18634790	-
ENSG00000142867	1	85266631	85276631	-
ENSG00000141576	17	76230492	76240492	-
ENSG00000182196	12	122980059	122990059	+
ENSG00000185262	17	76265347	76275347	+
ENSG00000117394	1	42948892	42958892	-
ENSG00000132510	17	7834216	7844216	+
ENSG00000212657	17	41299252	41309252	-
ENSG00000186860	17	41305709	41315709	-
ENSG00000181929	12	49008806	49018806	-
ENSG00000064309	11	126053334	126063334	-
ENSG00000006059	17	41340827	41350827	-
ENSG00000131738	17	41359812	41369812	-
ENSG00000138101	2	25663646	25673646	-
ENSG00000129757	11	2875774	2885774	-
ENSG00000094796	17	41387607	41397607	-
ENSG00000108417	17	41414584	41424584	-
ENSG00000116198	1	3847395	3857395	-
ENSG00000111276	12	12685497	12695497	+
ENSG00000115112	2	121275201	121285201	-
ENSG00000166199	11	43880810	43890810	+
ENSG00000089248	12	112013347	112023347	+
ENSG00000187479	11	43925341	43935341	+
ENSG00000169598	1	3857266	3867266	+
ENSG00000288626	1	147611589	147621589	+
ENSG00000205126	11	44047980	44057980	+
ENSG00000111300	12	112098795	112108795	-
ENSG00000136068	3	58008397	58018397	+
ENSG00000074054	2	121639475	121649475	-
ENSG00000108946	17	68511779	68521779	+
ENSG00000162836	1	147660523	147670523	-
ENSG00000110455	11	44065924	44075924	+
ENSG00000116667	1	184387028	184397028	+
ENSG00000052850	11	44300138	44310138	-
ENSG00000144010	2	95474730	95484730	-
ENSG00000160145	3	124033368	124043368	+
ENSG00000125945	1	23359835	23369835	-
ENSG00000135148	12	112125537	112135537	+
ENSG00000144015	2	95592000	95602000	+
ENSG00000108950	17	68591366	68601366	-
ENSG00000204219	1	23414747	23424747	-
ENSG00000141337	17	68259181	68269181	+
ENSG00000162885	1	235494451	235504451	-
ENSG00000173064	12	112372438	112382438	-
ENSG00000173110	1	161524539	161534539	+
ENSG00000064835	3	87266583	87276583	-
ENSG00000115524	2	197425078	197435078	-
ENSG00000151348	11	44095647	44105647	+
ENSG00000244682	1	161581338	161591338	+
ENSG00000196704	17	68205480	68215480	+
ENSG00000115520	2	197453422	197463422	+
ENSG00000166801	11	59142747	59152747	+
ENSG00000139178	12	7099237	7109237	-
ENSG00000115541	2	197500139	197510139	+
ENSG00000162747	1	161621962	161631962	-
ENSG00000270757	2	197500412	197510412	+
ENSG00000114547	3	125969159	125979159	+
ENSG00000051341	3	121535987	121545987	-
ENSG00000173898	11	66734669	66744669	-
ENSG00000186103	3	121567948	121577948	+
ENSG00000151067	12	1970771	1980771	+
ENSG00000163833	3	121593378	121603378	+
ENSG00000115540	2	197515570	197525570	+
ENSG00000072694	1	161663146	161673146	+
ENSG00000177728	17	75441158	75451158	+
ENSG00000154479	2	169684404	169694404	-
ENSG00000144362	2	169694453	169704453	+
ENSG00000166441	11	8682787	8692787	+
ENSG00000143226	1	161505429	161515429	+
ENSG00000213160	2	169694487	169704487	+
ENSG00000134077	3	9362970	9372970	+
ENSG00000143125	1	110451148	110461148	+
ENSG00000149968	11	102833608	102843608	-
ENSG00000143105	1	110509174	110519174	-
ENSG00000138385	2	169791932	169801932	+
ENSG00000262406	11	102864981	102874981	-
ENSG00000177272	1	110664939	110674939	-
ENSG00000177301	1	110621473	110631473	-
ENSG00000186710	12	113149723	113159723	+
ENSG00000179456	1	244048938	244058938	+
ENSG00000137745	11	102945731	102955731	-
ENSG00000177303	17	75505536	75515536	-
ENSG00000138382	2	169814930	169824930	-
ENSG00000137692	11	103082193	103092193	-
ENSG00000182173	17	75515943	75525943	+
ENSG00000168137	3	9397614	9407614	+
ENSG00000160753	1	155320893	155330893	+
ENSG00000156959	3	9543821	9553821	-
ENSG00000144381	2	197506736	197516736	-
ENSG00000111731	12	22534545	22544545	-
ENSG00000073350	17	75525079	75535079	+
ENSG00000125459	1	155610204	155620204	+
ENSG00000111241	12	4435814	4445814	-
ENSG00000144357	2	169827453	169837453	+
ENSG00000068028	3	50330979	50340979	-
ENSG00000175197	12	57511736	57521736	-
ENSG00000115263	2	162142403	162152403	-
ENSG00000129197	17	5419640	5429640	+
ENSG00000160752	1	155308747	155318747	+
ENSG00000196510	12	110393729	110403729	-
ENSG00000053524	3	183418777	183428777	-
ENSG00000187240	11	103109409	103119409	+
ENSG00000171840	12	653588	663588	-
ENSG00000181234	12	128267169	128277169	+
ENSG00000175398	12	55636891	55646891	+
ENSG00000197706	12	55247287	55257287	+
ENSG00000205328	12	55400528	55410528	+
ENSG00000123395	12	52069245	52079245	+
ENSG00000078098	2	162235150	162245150	-
ENSG00000174915	11	448267	458267	+
ENSG00000214706	3	50282917	50292917	-
ENSG00000256660	12	10010626	10020626	+
ENSG00000205329	12	55330042	55340042	+
ENSG00000172640	12	48193291	48203291	-
ENSG00000255837	12	10988303	10998303	-
ENSG00000198673	12	62269149	62279149	-
ENSG00000121957	1	108875349	108885349	+
ENSG00000174775	11	527320	537320	-
ENSG00000188396	1	44797350	44807350	-
ENSG00000116044	2	177382696	177392696	-
ENSG00000149089	11	34906378	34916378	-
ENSG00000135439	12	57732156	57742156	-
ENSG00000196659	2	177542795	177552795	-
ENSG00000197557	2	177608741	177618741	-
ENSG00000110435	11	34915828	34925828	+
ENSG00000197635	2	162064393	162074393	-
ENSG00000082482	1	215005774	215015774	+
ENSG00000019505	11	45276340	45286340	-
ENSG00000152601	3	152243827	152253827	+
ENSG00000177673	2	231592863	231602863	+
ENSG00000163515	3	108747409	108757409	-
ENSG00000126858	17	32142453	32152453	+
ENSG00000231861	3	98497680	98507680	+
ENSG00000143612	1	154210636	154220636	-
ENSG00000177595	11	799752	809752	-
ENSG00000144671	3	38282293	38292293	+
ENSG00000183715	11	133522500	133532500	-
ENSG00000186038	3	184097063	184107063	+
ENSG00000166436	11	8672693	8682693	-
ENSG00000170044	3	102099243	102109243	+
ENSG00000197938	3	98282504	98292504	+
ENSG00000225526	3	12551058	12561058	-
ENSG00000126561	17	42287546	42297546	+
ENSG00000213859	17	7351888	7361888	+
ENSG00000135679	12	68808176	68818176	+
ENSG00000120093	17	48594911	48604911	-
ENSG00000167447	17	59209399	59219399	+
ENSG00000078618	1	51868936	51878936	-
ENSG00000284730	12	51804924	51814924	-
ENSG00000079785	2	15591177	15601177	+
ENSG00000186318	11	117306258	117316258	-
ENSG00000061938	3	195901944	195911944	-
ENSG00000116747	1	193059453	193069453	+
ENSG00000278259	17	36533434	36543434	-
ENSG00000048649	11	77810868	77820868	-
ENSG00000115053	2	231473640	231483640	-
ENSG00000118729	1	115758713	115768713	-
ENSG00000167548	12	49050793	49060793	-
ENSG00000171148	3	9783010	9793010	-
ENSG00000110077	11	60174665	60184665	-
ENSG00000256618	17	22523414	22533414	+
ENSG00000204323	17	75633433	75643433	+
ENSG00000134207	1	114143879	114153879	-
ENSG00000179859	17	7906288	7916288	-
ENSG00000173917	17	48535108	48545108	-
ENSG00000120075	17	48583778	48593778	-
ENSG00000164054	3	48494825	48504825	-
ENSG00000163467	1	156337313	156347313	+
ENSG00000276293	17	38790125	38800125	-
ENSG00000255713	17	58166981	58176981	+
ENSG00000243710	1	43172329	43182329	+
ENSG00000144644	3	30884660	30894660	-
ENSG00000172969	3	75664327	75674327	+
ENSG00000126746	12	6679571	6689571	-
ENSG00000117395	1	43260935	43270935	-
ENSG00000170144	2	177212562	177222562	+
ENSG00000120942	1	11273197	11283197	+
ENSG00000116874	1	119130653	119140653	-
ENSG00000172428	2	240126806	240136806	-
ENSG00000178602	2	240134561	240144561	-
ENSG00000065600	1	212404900	212414900	-
ENSG00000162576	1	1351776	1361776	-
ENSG00000023171	11	123358427	123368427	+
ENSG00000111181	12	204569	214569	-
ENSG00000143006	1	53459398	53469398	+
ENSG00000009780	1	27725960	27735960	+
ENSG00000166106	11	130448644	130458644	+
ENSG00000184640	17	77280568	77290568	+
ENSG00000183378	11	7696476	7706476	-
ENSG00000177042	11	695590	705590	+
ENSG00000023572	1	193096113	193106113	-
ENSG00000047617	12	5936231	5946231	-
ENSG00000110330	11	102347210	102357210	+
ENSG00000166363	11	6845682	6855682	+
ENSG00000171014	11	123939616	123949616	+
ENSG00000186119	11	55819629	55829629	+
ENSG00000150261	11	56346038	56356038	+
ENSG00000172154	11	56093307	56103307	+
ENSG00000178358	11	6921001	6931001	+
ENSG00000172208	11	48245103	48255103	+
ENSG00000172459	11	56663685	56673685	+
ENSG00000175485	11	6199223	6209223	+
ENSG00000181961	11	55343200	55353200	+
ENSG00000170421	12	52939953	52949953	-
ENSG00000181273	11	56988913	56998913	+
ENSG00000279051	11	58030952	58040952	+
ENSG00000237388	11	48488792	48498792	+
ENSG00000232268	11	4593749	4603749	+
ENSG00000132694	1	157035741	157045741	-
ENSG00000198324	12	111359120	111369120	-
ENSG00000130414	2	240015742	240025742	-
ENSG00000166736	11	113975074	113985074	+
ENSG00000150750	11	111245724	111255724	+
ENSG00000255298	11	124256375	124266375	+
ENSG00000176108	17	80991597	81001597	+
ENSG00000123415	12	54179007	54189007	-
ENSG00000229183	11	61222346	61232346	+
ENSG00000077254	1	77749851	77759851	-
ENSG00000186513	11	58189069	58199069	+
ENSG00000181785	11	56027653	56037653	+
ENSG00000181409	17	81156220	81166220	-
ENSG00000279486	11	6783019	6793019	+
ENSG00000181074	11	5754242	5764242	+
ENSG00000180228	2	178441511	178451511	-
ENSG00000225180	17	81165506	81175506	+
ENSG00000084453	12	21409593	21419593	-
ENSG00000167302	17	81229090	81239090	-
ENSG00000204311	2	178451345	178461345	+
ENSG00000187510	12	92702842	92712842	+
ENSG00000079150	2	178468599	178478599	-
ENSG00000149554	11	125625162	125635162	+
ENSG00000108479	17	75755235	75765235	-
ENSG00000116095	2	178480456	178490456	+
ENSG00000177370	17	997128	1007128	+
ENSG00000197849	11	124241094	124251094	+
ENSG00000196371	11	94543920	94553920	+
ENSG00000181939	11	55554306	55564306	+
ENSG00000205899	17	1270443	1280443	+
ENSG00000176900	11	4881818	4891818	+
ENSG00000166368	11	6882499	6892499	-
ENSG00000183303	11	7786941	7796941	-
ENSG00000279116	11	124310196	124320196	-
ENSG00000184811	17	1279661	1289661	+
ENSG00000255307	11	6160325	6170325	-
ENSG00000254834	11	56567720	56577720	-
ENSG00000176922	11	4839207	4849207	-
ENSG00000181499	11	123933837	123943837	-
ENSG00000221931	11	123744517	123754517	-
ENSG00000170953	11	124535332	124545332	-
ENSG00000280090	11	124414870	124424870	-
ENSG00000143977	2	70283739	70293739	-
ENSG00000255223	11	56533256	56543256	-
ENSG00000181371	11	56481369	56491369	-
ENSG00000196099	11	123796348	123806348	-
ENSG00000108953	17	1390221	1400221	-
ENSG00000111554	12	68322380	68332380	-
ENSG00000035141	2	70292089	70302089	-
ENSG00000182050	12	86828903	86838903	-
ENSG00000150995	3	4493344	4503344	+
ENSG00000090975	12	123141089	123151089	-
ENSG00000111432	12	130162458	130172458	+
ENSG00000072952	11	10683987	10693987	-
ENSG00000165685	12	10170541	10180541	+
ENSG00000172188	11	55597644	55607644	-
ENSG00000172377	11	58115529	58125529	-
ENSG00000159842	17	1219737	1229737	-
ENSG00000167800	11	67629762	67639762	-
ENSG00000143537	1	155050565	155060565	+
ENSG00000180934	11	6024337	6034337	-
ENSG00000198283	11	58498104	58508104	-
ENSG00000174970	11	55959944	55969944	-
ENSG00000167359	11	5431513	5441513	-
ENSG00000279012	11	5314296	5324296	-
ENSG00000176540	11	48356464	48366464	-
ENSG00000181616	11	5538539	5548539	-
ENSG00000181718	11	56224254	56234254	-
ENSG00000254469	11	71918653	71928653	-
ENSG00000123106	12	28133248	28143248	+
ENSG00000186714	11	32784661	32794661	-
ENSG00000154928	3	134795259	134805259	+
ENSG00000166153	12	100257078	100267078	-
ENSG00000183644	11	111514777	111524777	+
ENSG00000172464	11	56632438	56642438	-
ENSG00000166884	11	59456960	59466960	+
ENSG00000214226	17	56828772	56838772	-
ENSG00000177963	11	207707	217707	+
ENSG00000153933	17	56834106	56844106	+
ENSG00000008323	12	6310435	6320435	+
ENSG00000121060	17	56904079	56914079	-
ENSG00000135144	12	113056708	113066708	+
ENSG00000197136	11	65615775	65625775	+
ENSG00000047849	3	48079271	48089271	-
ENSG00000173692	2	231056844	231066844	+
ENSG00000136052	12	104948743	104958743	-
ENSG00000134644	1	31055990	31065990	-
ENSG00000141580	17	82638552	82648552	-
ENSG00000145012	3	188153283	188163283	+
ENSG00000163093	2	169479479	169489479	+
ENSG00000114654	3	129001303	129011303	+
ENSG00000251569	2	169479479	169489479	+
ENSG00000239474	2	169509701	169519701	+
ENSG00000172269	11	119098330	119108330	-
ENSG00000141542	17	82688697	82698697	-
ENSG00000138399	2	169563874	169573874	-
ENSG00000074416	3	128042189	128052189	-
ENSG00000171681	12	14365675	14375675	+
ENSG00000141560	17	82716705	82726705	+
ENSG00000167363	17	82735614	82745614	+
ENSG00000118308	12	25004341	25014341	+
ENSG00000215788	1	6456174	6466174	-
ENSG00000162129	11	72424679	72434679	-
ENSG00000138398	2	169584341	169594341	+
ENSG00000115750	2	9843442	9853442	+
ENSG00000180720	11	46381775	46391775	-
ENSG00000136045	12	107685798	107695798	+
ENSG00000110851	12	107751271	107761271	-
ENSG00000143434	1	151136663	151146663	-
ENSG00000134317	2	9951692	9961692	+
ENSG00000187855	12	107774703	107784703	+
ENSG00000139364	12	125186385	125196385	+
ENSG00000266472	1	150293860	150303860	+
ENSG00000137727	11	110703188	110713188	-
ENSG00000172059	2	10042848	10052848	+
ENSG00000205795	2	10070943	10080943	-
ENSG00000172995	3	35638944	35648944	+
ENSG00000170959	11	31359809	31369809	-
ENSG00000145041	3	51490014	51500014	-
ENSG00000117834	1	48222684	48232684	+
ENSG00000214872	11	57542640	57552640	+
ENSG00000171848	2	10120697	10130697	+
ENSG00000115756	2	10302888	10312888	+
ENSG00000117625	1	211258376	211268376	+
ENSG00000182667	11	131370477	131380477	+
ENSG00000179902	1	109103856	109113856	-
ENSG00000020633	1	24955120	24965120	-
ENSG00000197111	12	53452101	53462101	+
ENSG00000196353	3	132275409	132285409	-
ENSG00000115758	2	10438326	10448326	-
ENSG00000072195	2	219434842	219444842	+
ENSG00000144857	3	113211002	113221002	+
ENSG00000139625	12	53490062	53500062	-
ENSG00000121766	1	31296981	31306981	+
ENSG00000170322	11	129885589	129895589	-
ENSG00000178795	11	77291686	77301686	-
ENSG00000143157	1	166839446	166849446	+
ENSG00000177311	3	141324212	141334212	+
ENSG00000286143	2	219491866	219501866	+
ENSG00000196428	3	150408334	150418334	+
ENSG00000072182	2	219514169	219524169	+
ENSG00000123989	2	219533808	219543808	-
ENSG00000160058	1	32384730	32394730	-
ENSG00000141556	17	82752041	82762041	+
ENSG00000139546	12	53500920	53510920	+
ENSG00000110497	11	46584124	46594124	-
ENSG00000162873	1	205347089	205357089	-
ENSG00000124006	2	219561858	219571858	-
ENSG00000139574	12	53497483	53507483	-
ENSG00000267281	12	53615978	53625978	-
ENSG00000154114	11	121024071	121034071	+
ENSG00000123999	2	219569161	219579161	+
ENSG00000141579	17	82830021	82840021	-
ENSG00000170653	12	53616409	53626409	-
ENSG00000162614	1	77888512	77898512	+
ENSG00000077097	3	25654906	25664906	-
ENSG00000144589	2	219597856	219607856	+
ENSG00000135390	12	53667407	53677407	-
ENSG00000160781	1	156238116	156248116	-
ENSG00000175711	17	83041809	83051809	-
ENSG00000050165	11	11999768	12009768	-
ENSG00000174776	3	167643982	167653982	-
ENSG00000176845	17	83079608	83089608	+
ENSG00000267060	17	42970432	42980432	-
ENSG00000114923	2	219627393	219637393	+
ENSG00000164080	3	51538718	51548718	+
ENSG00000115884	2	20215432	20225432	-
ENSG00000143344	1	183636084	183646084	+
ENSG00000005882	17	50094736	50104736	+
ENSG00000142748	1	27364823	27374823	-
ENSG00000143878	2	20447073	20457073	+
ENSG00000166435	11	74939199	74949199	-
ENSG00000163946	3	56673264	56683264	-
ENSG00000114124	3	141763407	141773407	+
ENSG00000167100	17	50120159	50130159	-
ENSG00000129167	11	18036268	18046268	-
ENSG00000138430	2	174238598	174248598	-
ENSG00000108819	17	50140676	50150676	-
ENSG00000162613	1	77969109	77979109	-
ENSG00000217236	2	174334953	174344953	+
ENSG00000116882	1	119368778	119378778	+
ENSG00000138433	2	174385711	174395711	-
ENSG00000131389	3	14402575	14412575	+
ENSG00000162241	11	65373700	65383700	-
ENSG00000188729	3	191199240	191209240	+
ENSG00000110011	11	64230277	64240277	+
ENSG00000198758	1	109754026	109764026	-
ENSG00000144306	2	174395729	174405729	+
ENSG00000049247	1	7843511	7853511	-
ENSG00000168959	11	89055981	89065981	-
ENSG00000108821	17	50191631	50201631	-
ENSG00000115468	2	232606056	232616056	+
ENSG00000206560	3	15849770	15859770	-
ENSG00000167105	17	50271405	50281405	+
ENSG00000015532	17	50346125	50356125	+
ENSG00000138496	3	122554576	122564576	-
ENSG00000108826	17	50363206	50373206	-
ENSG00000184307	3	113947900	113957900	+
ENSG00000154920	17	50373219	50383219	+
ENSG00000108829	17	50387522	50397522	-
ENSG00000132849	1	61742476	61752476	+
ENSG00000175224	11	46617526	46627526	+
ENSG00000108823	17	50164213	50174213	+
ENSG00000168026	3	39107679	39117679	+
ENSG00000168314	3	39467197	39477197	+
ENSG00000172421	17	62343940	62353940	+
ENSG00000117569	1	96721664	96731664	+
ENSG00000087995	17	62423874	62433874	+
ENSG00000133816	11	12094007	12104007	+
ENSG00000142856	1	63583720	63593720	-
ENSG00000167346	11	4704783	4714783	+
ENSG00000186174	11	118915925	118925925	-
ENSG00000158022	1	26058435	26068435	-
ENSG00000166926	11	60327254	60337254	+
ENSG00000182053	11	49027500	49037500	+
ENSG00000011028	17	62627669	62637669	+
ENSG00000116396	1	110210313	110220313	+
ENSG00000126500	11	64035930	64045930	+
ENSG00000204120	2	232697298	232707298	+
ENSG00000058668	1	203626786	203636786	+
ENSG00000150433	11	125101762	125111762	-
ENSG00000163875	1	37504765	37514765	-
ENSG00000115474	2	232766564	232776564	-
ENSG00000116726	1	12773737	12783737	+
ENSG00000282872	1	26158962	26168962	-
ENSG00000182600	2	232857269	232867269	+
ENSG00000163539	3	33708355	33718355	-
ENSG00000198821	1	167508609	167518609	-
ENSG00000162735	1	160276347	160286347	-
ENSG00000066248	2	233003255	233013255	-
ENSG00000110693	11	16729590	16739590	-
ENSG00000146872	17	62458657	62468657	+
ENSG00000233802	11	89924063	89934063	+
ENSG00000115488	2	233032671	233042671	+
ENSG00000179163	1	23858289	23868289	-
ENSG00000136059	3	37988058	37998058	+
ENSG00000168386	3	100104512	100114512	-
ENSG00000136463	17	63600881	63610881	+
ENSG00000011405	11	17197982	17207982	-
ENSG00000138435	2	174777934	174787934	-
ENSG00000173237	11	66975276	66985276	+
ENSG00000131238	1	40087259	40097259	-
ENSG00000223417	11	89912244	89922244	-
ENSG00000181789	3	129249605	129259605	+
ENSG00000019485	11	45095805	45105805	+
ENSG00000180988	11	5808923	5818923	+
ENSG00000162980	2	151818491	151828491	-
ENSG00000115935	2	174672915	174682915	-
ENSG00000183624	3	129278827	129288827	+
ENSG00000004939	17	44258140	44268140	-
ENSG00000184897	3	129306285	129316285	-
ENSG00000172771	3	129418650	129428650	-
ENSG00000163214	2	38865933	38875933	-
ENSG00000108309	17	44308412	44318412	+
ENSG00000129071	3	129430178	129440178	-
ENSG00000188010	2	38875961	38885961	+
ENSG00000013306	17	44314869	44324869	-
ENSG00000171680	1	6510073	6520073	-
ENSG00000115904	2	39114344	39124344	-
ENSG00000205111	2	39219587	39229587	-
ENSG00000075391	1	178094103	178104103	+
ENSG00000163170	2	74137911	74147911	-
ENSG00000163913	3	129440035	129450035	+
ENSG00000030582	17	44345245	44355245	+
ENSG00000114978	2	74168897	74178897	-
ENSG00000161682	17	44353852	44363852	-
ENSG00000163914	3	129528638	129538638	+
ENSG00000178804	3	129543174	129553174	+
ENSG00000005961	17	44379648	44389648	-
ENSG00000065911	2	74186171	74196171	+
ENSG00000004399	3	129596675	129606675	-
ENSG00000116977	1	236517999	236527999	+
ENSG00000182923	3	134485698	134495698	+
ENSG00000135913	2	218558350	218568350	-
ENSG00000221978	1	1389334	1399334	-
ENSG00000275066	17	37599471	37609471	-
ENSG00000144580	2	218568579	218578579	+
ENSG00000242485	1	1397292	1407292	-
ENSG00000179403	1	1434860	1444860	+
ENSG00000215915	1	1449688	1459688	+
ENSG00000115556	2	218607854	218617854	+
ENSG00000088727	3	47273450	47283450	-
ENSG00000278053	17	37633445	37643445	-
ENSG00000135776	1	229548706	229558706	-
ENSG00000174946	3	151193215	151203215	-
ENSG00000174944	3	151268541	151278541	-
ENSG00000135763	1	229626246	229636246	+
ENSG00000135801	1	229616046	229626046	-
ENSG00000138271	3	151306819	151316819	-
ENSG00000181631	3	151319548	151329548	-
ENSG00000275410	17	37735058	37745058	-
ENSG00000178828	1	19805282	19815282	-
ENSG00000169313	3	151374752	151384752	-
ENSG00000169914	1	19882394	19892394	+
ENSG00000152580	3	151451060	151461060	-
ENSG00000188784	1	19913616	19923616	-
ENSG00000273513	17	37924414	37934414	+
ENSG00000188257	1	19970415	19980415	-
ENSG00000177186	1	248314567	248324567	-
ENSG00000074582	2	218658763	218668763	+
ENSG00000177174	1	248348774	248358774	+
ENSG00000282881	1	46533968	46543968	-
ENSG00000162456	1	46541646	46551646	-
ENSG00000132591	17	28855009	28865009	+
ENSG00000181555	3	47154112	47164112	-
ENSG00000079277	1	46606842	46616842	-
ENSG00000163481	2	218662001	218672001	-
ENSG00000160799	3	46972009	46982009	-
ENSG00000172765	3	129883710	129893710	-
ENSG00000132589	17	28887732	28897732	-
ENSG00000142961	1	46606883	46616883	-
ENSG00000163482	2	218672068	218682068	+
ENSG00000117407	1	43933319	43943319	+
ENSG00000117408	1	43946949	43956949	+
ENSG00000167536	17	28893078	28903078	-
ENSG00000135912	2	218710834	218720834	+
ENSG00000132768	1	43969999	43979999	+
ENSG00000109118	17	28941770	28951770	-
ENSG00000135929	2	218781748	218791748	+
ENSG00000117410	1	43974486	43984486	+
ENSG00000115592	2	218822085	218832085	-
ENSG00000159214	1	43991358	44001358	+
ENSG00000087152	17	44190112	44200112	-
ENSG00000085982	2	233556781	233566781	-
ENSG00000196517	1	44021466	44031466	-
ENSG00000169599	2	69427627	69437627	-
ENSG00000175143	1	248403047	248413047	+
ENSG00000196539	1	248473350	248483350	+
ENSG00000203661	1	248488588	248498588	+
ENSG00000183310	1	248564756	248574756	-
ENSG00000115568	2	218649654	218659654	-
ENSG00000161513	17	74863030	74873030	-
ENSG00000189181	1	248672327	248682327	-
ENSG00000187238	1	152613810	152623810	+
ENSG00000185962	1	152613102	152623102	-
ENSG00000187223	1	152663379	152673379	+
ENSG00000187180	1	152675294	152685294	+
ENSG00000159455	1	152686122	152696122	+
ENSG00000187173	1	152698344	152708344	+
ENSG00000204501	1	13315580	13325580	+
ENSG00000204481	1	13337133	13347133	-
ENSG00000204480	1	13361899	13371899	-
ENSG00000204479	1	13389631	13399631	+
ENSG00000204478	1	13416350	13426350	+
ENSG00000172031	1	92029984	92039984	+
ENSG00000172782	17	74883780	74893780	-
ENSG00000230667	1	92065440	92075440	-
ENSG00000228594	1	1590134	1600134	-
ENSG00000182040	17	74913255	74923255	-
ENSG00000183034	17	74922949	74932949	+
ENSG00000189409	1	1632162	1642162	+
ENSG00000182938	17	74935897	74945897	+
ENSG00000167861	17	74963165	74973165	-
ENSG00000189339	1	1682794	1692794	-
ENSG00000109089	17	74987631	74997631	+
ENSG00000167862	17	75012669	75022669	+
ENSG00000167863	17	75036984	75046984	-
ENSG00000184166	17	3094421	3104421	-
ENSG00000253506	17	61581218	61591218	-
ENSG00000008128	1	1714356	1724356	-
ENSG00000108506	17	61918015	61928015	-
ENSG00000008130	1	1770456	1780456	-
ENSG00000108389	17	58507904	58517904	-
ENSG00000078369	1	1881116	1891116	-
ENSG00000182389	2	152089166	152099166	-
ENSG00000169885	1	1915107	1925107	+
ENSG00000178821	1	1909278	1919278	-
ENSG00000136492	17	61853558	61863558	-
ENSG00000158477	1	158254423	158264423	+
ENSG00000158481	1	158289922	158299922	+
ENSG00000158485	1	158321530	158331530	-
ENSG00000180090	17	3288359	3298359	-
ENSG00000180042	17	3385929	3395929	+
ENSG00000180016	17	3388409	3398409	-
ENSG00000159961	17	3411369	3421369	+
ENSG00000127780	17	3423840	3433840	-
ENSG00000158488	1	158353695	158363695	+
ENSG00000188760	2	219543662	219553662	+
ENSG00000186306	1	158389465	158399465	-
ENSG00000198885	2	96325316	96335316	+
ENSG00000141255	17	3503851	3513851	-
ENSG00000214694	2	38889874	38899874	+
ENSG00000117505	1	93345906	93355906	+
ENSG00000108381	17	3472373	3482373	+
ENSG00000162889	1	206684904	206694904	+
ENSG00000163040	2	131527674	131537674	+
ENSG00000136634	1	206764540	206774540	-
ENSG00000222038	2	130611439	130621439	+
ENSG00000162892	1	206897442	206907442	+
ENSG00000196834	2	130499706	130509706	-
ENSG00000162894	1	206913246	206923246	-
ENSG00000204634	2	101242865	101252865	-
ENSG00000170004	17	7884795	7894795	+
ENSG00000163013	2	73274477	73284477	-
ENSG00000162896	1	206936465	206946465	-
ENSG00000162897	1	206960624	206970624	-
ENSG00000182795	1	207022755	207032755	-
ENSG00000198890	1	107056673	107066673	+
ENSG00000187627	2	86907952	86917952	+
ENSG00000142669	1	26280085	26290085	+
ENSG00000168517	17	45160699	45170699	+
ENSG00000154518	2	175171709	175181709	-
ENSG00000108839	17	6996048	7006048	+
ENSG00000219200	17	7012416	7022416	+
ENSG00000158062	1	26308362	26318362	-
ENSG00000187514	2	231706894	231716894	+
ENSG00000161939	17	7012634	7022634	+
ENSG00000169442	1	26317957	26327957	+
ENSG00000176083	1	26364521	26374521	-
ENSG00000258315	17	7014494	7024494	+
ENSG00000142910	1	31576484	31586484	+
ENSG00000161940	17	7023049	7033049	+
ENSG00000121764	1	31617685	31627685	+
ENSG00000174327	17	7036014	7046014	+
ENSG00000162517	1	31634895	31644895	-
ENSG00000174326	17	7034091	7044091	-
ENSG00000132514	17	7070306	7080306	-
ENSG00000161944	17	7105699	7115699	-
ENSG00000118257	2	205681989	205691989	+
ENSG00000084636	1	31694318	31704318	-
ENSG00000141505	17	7169563	7179563	-
ENSG00000085840	1	52394422	52404422	-
ENSG00000203747	1	161540736	161550736	-
ENSG00000142224	1	206770763	206780763	+
ENSG00000143751	1	225989342	225999342	-
ENSG00000198399	2	24350535	24360535	-
ENSG00000163041	1	226061850	226071850	+
ENSG00000182827	1	226176740	226186740	-
ENSG00000185155	1	226223617	226233617	+
ENSG00000143753	1	224175755	224185755	+
ENSG00000132305	2	86185471	86195471	-
ENSG00000143748	1	224320188	224330188	-
ENSG00000143771	1	224356857	224366857	+
ENSG00000183682	1	39491635	39501635	+
ENSG00000132535	17	7209840	7219840	-
ENSG00000123992	2	219390021	219400021	-
ENSG00000163909	1	39629642	39639642	-
ENSG00000116983	1	39681484	39691484	-
ENSG00000090621	1	39566789	39576789	-
ENSG00000135905	2	225032467	225042467	-
ENSG00000143374	1	150487363	150497363	+
ENSG00000072778	17	7217124	7227124	+
ENSG00000055917	2	20342233	20352233	-
ENSG00000143369	1	150508061	150518061	+
ENSG00000144579	2	218398255	218408255	+
ENSG00000143420	1	150619611	150629611	-
ENSG00000004975	17	7224516	7234516	-
ENSG00000176714	2	27619011	27629011	-
ENSG00000143457	1	150687153	150697153	-
ENSG00000185404	2	230327183	230337183	+
ENSG00000040633	17	7229721	7239721	-
ENSG00000273045	2	99141706	99151706	+
ENSG00000143452	1	150710894	150720894	-
ENSG00000170296	17	7232448	7242448	-
ENSG00000143384	1	150569737	150579737	-
ENSG00000154342	1	228006997	228016997	+
ENSG00000163328	2	174477093	174487093	-
ENSG00000143761	1	228082659	228092659	+
ENSG00000136697	2	113067969	113077969	+
ENSG00000175826	17	7242490	7252490	-
ENSG00000197223	2	68100947	68110947	-
ENSG00000143793	1	228095410	228105410	-
ENSG00000189350	2	28956610	28966610	+
ENSG00000170291	17	7251415	7261415	+
ENSG00000181885	17	7253982	7263982	-
ENSG00000162910	1	228099311	228109311	-
ENSG00000181856	17	7281717	7291717	+
ENSG00000198835	1	228149929	228159929	+
ENSG00000181873	1	228165803	228175803	+
ENSG00000006047	17	7284638	7294638	-
ENSG00000154370	1	228396834	228406834	-
ENSG00000221882	17	3376316	3386316	-
ENSG00000162931	1	228406860	228416860	-
ENSG00000129646	17	76298275	76308275	-
ENSG00000168148	1	228415359	228425359	-
ENSG00000181218	1	228447872	228457872	-
ENSG00000196890	1	228458106	228468106	+
ENSG00000183318	17	8748558	8758558	-
ENSG00000168159	1	228487381	228497381	+
ENSG00000171960	1	42658334	42668334	+
ENSG00000270647	17	35713790	35723790	+
ENSG00000270885	17	35731638	35741638	+
ENSG00000065978	1	42682417	42692417	+
ENSG00000270765	17	35743238	35753238	-
ENSG00000164007	1	42730253	42740253	-
ENSG00000271447	17	35785706	35795706	-
ENSG00000270806	17	35760886	35770886	+
ENSG00000117385	1	42757083	42767083	-
ENSG00000164008	1	42767248	42777248	+
ENSG00000001460	1	24406933	24416933	-
ENSG00000270379	17	35858890	35868890	-
ENSG00000001461	1	24415801	24425801	+
ENSG00000271503	17	35870792	35880792	-
ENSG00000117602	1	24502350	24512350	+
ENSG00000184454	1	24556086	24566086	+
ENSG00000177606	1	58774047	58784047	-
ENSG00000131095	17	44906936	44916936	-
ENSG00000116539	1	155553161	155563161	-
ENSG00000168792	17	29557036	29567036	-
ENSG00000162923	1	224427032	224437032	-
ENSG00000167543	17	29566051	29576051	+
ENSG00000084652	1	32179674	32189674	+
ENSG00000160051	1	32205670	32215670	+
ENSG00000160055	1	32212358	32222358	-
ENSG00000183615	1	32247221	32257221	+
ENSG00000108262	17	29584053	29594053	-
ENSG00000182866	1	32251238	32261238	+
ENSG00000198720	17	29589768	29599768	+
ENSG00000116478	1	32292082	32302082	+
ENSG00000175130	1	32326232	32336232	-
ENSG00000162526	1	32351520	32361520	+
ENSG00000225828	1	32354277	32364277	-
ENSG00000173065	17	28845231	28855231	-
ENSG00000179761	17	28950512	28960512	+
ENSG00000168679	1	110381081	110391081	-
ENSG00000063015	17	28996439	29006439	-
ENSG00000221995	17	29068856	29078856	-
ENSG00000084623	1	32221076	32231076	+
ENSG00000134248	1	110397941	110407941	-
ENSG00000198492	1	28736620	28746620	+
ENSG00000116329	1	28812141	28822141	+
ENSG00000108387	17	58534367	58544367	-
ENSG00000253304	1	29113902	29123902	-
ENSG00000116350	1	29171899	29181899	-
ENSG00000115414	2	215426072	215436072	-
ENSG00000116353	1	29220941	29230941	-
ENSG00000131737	17	41372305	41382305	-
ENSG00000186205	1	220786912	220796912	+
ENSG00000182534	17	76701003	76711003	-
ENSG00000136630	1	220879430	220889430	+
ENSG00000116141	1	220528135	220538135	+
ENSG00000162817	1	220690362	220700362	+
ENSG00000169679	2	110668062	110678062	-
ENSG00000117593	1	173824652	173834652	+
ENSG00000153093	2	110732538	110742538	+
ENSG00000175866	17	81035121	81045121	+
ENSG00000198443	17	41174910	41184910	-
ENSG00000153094	2	111119377	111129377	+
ENSG00000153822	17	70053428	70063428	+
ENSG00000185278	1	173868081	173878081	+
ENSG00000181408	17	82371764	82381764	+
ENSG00000278599	17	38127950	38137950	+
ENSG00000172150	17	3197518	3207518	+
ENSG00000288658	2	222310207	222320207	-
ENSG00000170425	17	15945129	15955129	+
ENSG00000183024	17	3117550	3127550	-
ENSG00000135870	1	174012356	174022356	-
ENSG00000278299	17	38058633	38068633	-
ENSG00000197852	1	111745823	111755823	-
ENSG00000118965	2	19980104	19990104	-
ENSG00000171385	1	111979667	111989667	-
ENSG00000276600	1	205993460	206003460	-
ENSG00000135899	2	230215728	230225728	-
ENSG00000158769	1	161011342	161021342	-
ENSG00000196689	17	3599410	3609410	-
ENSG00000215845	1	161028976	161038976	-
ENSG00000158773	1	161035976	161045976	-
ENSG00000170703	17	48807228	48817228	-
ENSG00000186517	1	161059969	161069969	-
ENSG00000132388	17	4356674	4366674	-
ENSG00000143217	1	161079557	161089557	-
ENSG00000170298	17	20457538	20467538	-
ENSG00000162755	1	161098360	161108360	+
ENSG00000143256	1	161108054	161118054	-
ENSG00000274808	17	36166635	36176635	-
ENSG00000158793	1	161118085	161128085	+
ENSG00000170049	17	7919855	7929855	-
ENSG00000158796	1	161122687	161132687	-
ENSG00000183011	17	7875237	7885237	-
ENSG00000274611	17	38182554	38192554	-
ENSG00000126337	17	41482545	41492545	-
ENSG00000196188	1	206013908	206023908	-
ENSG00000163050	1	226940285	226950285	+
ENSG00000174574	1	38991275	39001275	+
ENSG00000168653	1	39026317	39036317	+
ENSG00000108395	17	59096920	59106920	-
ENSG00000121931	1	110953964	110963964	-
ENSG00000153982	17	59220466	59230466	+
ENSG00000134255	1	111139626	111149626	+
ENSG00000175155	17	59331654	59341654	+
ENSG00000162777	1	111194534	111204534	-
ENSG00000161955	17	7558291	7568291	+
ENSG00000064886	1	111200770	111210770	+
ENSG00000170412	17	74424850	74434850	+
ENSG00000156171	1	111130202	111140202	-
ENSG00000143515	1	154325524	154335524	+
ENSG00000167851	17	74466398	74476398	+
ENSG00000178789	17	74521474	74531474	-
ENSG00000167850	17	74536114	74546114	-
ENSG00000204345	17	74582282	74592282	-
ENSG00000160712	1	154405192	154415192	+
ENSG00000169291	1	154492411	154502411	-
ENSG00000187980	1	20176517	20186517	-
ENSG00000169733	17	82041830	82051830	-
ENSG00000162543	1	20186095	20196095	+
ENSG00000143252	1	161314380	161324380	+
ENSG00000155657	2	178820801	178830801	-
ENSG00000143437	1	150866707	150876707	-
ENSG00000169727	17	82050690	82060690	+
ENSG00000283324	1	150887135	150897135	+
ENSG00000143799	1	226398153	226408153	-
ENSG00000169718	17	82055886	82065886	-
ENSG00000115155	2	26548755	26558755	-
ENSG00000163217	2	68861396	68871396	-
ENSG00000183607	2	68942892	68952892	-
ENSG00000169605	2	68974572	68984572	+
ENSG00000169710	17	82088293	82098293	-
ENSG00000158864	1	161197103	161207103	+
ENSG00000288636	1	17001756	17011756	-
ENSG00000117450	1	45532731	45542731	-
ENSG00000176155	17	82202829	82212829	-
ENSG00000169604	2	69013175	69023175	+
ENSG00000196859	17	40956947	40966947	-
ENSG00000212899	17	40984163	40994163	-
ENSG00000212900	17	40989905	40999905	-
ENSG00000212901	17	41009323	41019323	-
ENSG00000221852	17	41017207	41027207	-
ENSG00000204887	17	41020103	41030103	-
ENSG00000172016	2	79149752	79159752	-
ENSG00000221880	17	41024873	41034873	-
ENSG00000188581	17	41031449	41041449	-
ENSG00000212725	17	41037315	41047315	-
ENSG00000214518	17	41045229	41055229	-
ENSG00000212724	17	41050113	41060113	-
ENSG00000213417	17	41055878	41065878	-
ENSG00000240871	17	41084149	41094149	+
ENSG00000204880	17	41088141	41098141	-
ENSG00000162951	2	80294751	80304751	-
ENSG00000241241	17	41092208	41102208	-
ENSG00000212722	17	41105331	41115331	+
ENSG00000212721	17	41108372	41118372	-
ENSG00000213416	17	41114181	41124181	-
ENSG00000198090	17	41130486	41140486	-
ENSG00000198271	17	41139824	41149824	-
ENSG00000171396	17	41150747	41160747	-
ENSG00000132780	1	45583845	45593845	+
ENSG00000172716	17	35363700	35373700	-
ENSG00000066032	2	79185230	79195230	+
ENSG00000115267	2	162308683	162318683	-
ENSG00000159588	1	45614056	45624056	-
ENSG00000167281	17	79506147	79516147	-
ENSG00000115271	2	162318839	162328839	+
ENSG00000159592	1	45678112	45688112	-
ENSG00000179314	17	6057806	6067806	+
ENSG00000159596	1	45688180	45698180	+
ENSG00000143570	1	153958183	153968183	-
ENSG00000154263	17	69234845	69244845	-
ENSG00000055332	2	37147521	37157521	-
ENSG00000141506	17	8955711	8965711	-
ENSG00000203710	1	207496146	207506146	+
ENSG00000077232	2	182716254	182726254	+
ENSG00000162998	2	182856636	182866636	-
ENSG00000174292	17	7380533	7390533	+
ENSG00000141219	17	73232232	73242232	+
ENSG00000153930	17	55882300	55892300	+
ENSG00000197079	17	41471139	41481139	-
ENSG00000143774	1	228139961	228149961	+
ENSG00000108840	17	44113701	44123701	-
ENSG00000172146	17	3207538	3217538	+
ENSG00000142864	1	67420414	67430414	-
ENSG00000143390	1	151337325	151347325	-
ENSG00000072310	17	17827001	17837001	-
ENSG00000204913	17	39927731	39937731	+
ENSG00000274512	17	37979059	37989059	-
ENSG00000176809	17	64909479	64919479	-
ENSG00000198160	1	66924894	66934894	+
ENSG00000073605	17	39909853	39919853	-
ENSG00000162426	1	8318113	8328113	+
ENSG00000130294	2	240814292	240824292	-
ENSG00000159314	17	45424420	45434420	-
ENSG00000117245	1	20708016	20718016	-
ENSG00000236334	1	148473301	148483301	-
ENSG00000085433	1	109032112	109042112	-
ENSG00000188295	1	247094371	247104371	-
ENSG00000134321	2	6865556	6875556	+
ENSG00000167549	17	29612911	29622911	-
ENSG00000151692	2	6917411	6927411	+
ENSG00000117155	1	84680802	84690802	-
ENSG00000167525	17	28701887	28711887	-
ENSG00000204889	17	40977134	40987134	-
ENSG00000169905	1	179867802	179877802	-
ENSG00000141194	17	58148383	58158383	+
ENSG00000162929	2	61065870	61075870	+
ENSG00000123609	2	151279893	151289893	-
ENSG00000123610	2	151357591	151367591	+
ENSG00000116750	1	193050079	193060079	-
ENSG00000235169	1	3772748	3782748	+
ENSG00000116514	1	32954808	32964808	-
ENSG00000143110	1	111473791	111483791	+
ENSG00000162419	1	28668777	28678777	+
ENSG00000130695	1	26234199	26244199	+
ENSG00000080345	2	151409882	151419882	+
ENSG00000154222	1	52356204	52366204	-
ENSG00000197872	2	16656330	16666330	-
ENSG00000173406	1	58536733	58546733	-
ENSG00000196843	2	96536742	96546742	+
ENSG00000197147	1	89524828	89534828	+
ENSG00000189195	1	92080304	92090304	+
ENSG00000114982	2	96632786	96642786	-
ENSG00000058673	1	203795622	203805622	+
ENSG00000249715	2	96642736	96652736	+
ENSG00000114988	2	96730063	96740063	-
ENSG00000158158	2	96760901	96770901	+
ENSG00000163565	1	158999967	159009967	+
ENSG00000168763	2	96816244	96826244	+
ENSG00000127074	1	192636137	192646137	+
ENSG00000163126	2	96847933	96857933	-
ENSG00000117152	1	163068774	163078774	+
ENSG00000213337	2	96848015	96858015	-
ENSG00000168758	2	96860756	96870756	-
ENSG00000131236	1	40040232	40050232	+
ENSG00000124831	2	237627586	237637586	+
ENSG00000132329	2	237858892	237868892	+
ENSG00000124003	2	222671657	222681657	+
ENSG00000097021	1	6383766	6393766	-
ENSG00000143337	1	179882041	179892041	+
ENSG00000081870	1	53935698	53945698	-
ENSG00000078808	1	1222066	1232066	-
ENSG00000123983	2	222860941	222870941	+
ENSG00000133216	1	22710838	22720838	+
ENSG00000143183	1	165817754	165827754	-
ENSG00000115318	2	74545689	74555689	-
ENSG00000142794	1	21440127	21450127	+
ENSG00000248333	1	1649011	1659011	-
ENSG00000204843	2	74382086	74392086	-
ENSG00000162390	1	54542256	54552256	+
ENSG00000117448	1	45550542	45560542	+
ENSG00000082898	2	61528740	61538740	-
ENSG00000173699	2	230990323	231000323	+
ENSG00000162687	1	196599224	196609224	-
ENSG00000143387	1	150799576	150809576	-
ENSG00000115290	2	164611481	164621481	-
ENSG00000082438	2	164833678	164843678	-
ENSG00000115339	2	165784658	165794658	-
ENSG00000123607	2	165943850	165953850	-
ENSG00000155749	2	201347397	201357397	-
ENSG00000159023	1	28887090	28897090	+
ENSG00000115993	2	201441499	201451499	-
ENSG00000176256	1	33860474	33870474	+
ENSG00000082146	2	201387857	201397857	+
ENSG00000155754	2	201609177	201619177	-
ENSG00000004455	1	33070995	33080995	-
ENSG00000155755	2	201633569	201643569	-
ENSG00000142920	1	33081103	33091103	+
ENSG00000116525	1	33172058	33182058	-
ENSG00000185888	1	227815692	227825692	+
ENSG00000163131	1	150755956	150765956	-
ENSG00000082126	2	201688693	201698693	-
ENSG00000183814	1	226299868	226309868	-
ENSG00000274764	1	13046574	13056574	-
ENSG00000229571	1	13068676	13078676	+
ENSG00000138395	2	201790460	201800460	+
ENSG00000275774	1	13106853	13116853	-
ENSG00000280267	1	13145960	13155960	-
ENSG00000179412	1	13155630	13165630	-
ENSG00000213516	1	88982959	88992959	-
ENSG00000117226	1	89012893	89022893	-
ENSG00000117228	1	89055359	89065359	-
ENSG00000162645	1	89140455	89150455	-
ENSG00000213512	1	89166008	89176008	-
ENSG00000162654	1	89188941	89198941	-
ENSG00000126705	1	27594430	27604430	-
ENSG00000000938	1	27625184	27635184	-
ENSG00000126709	1	27662211	27672211	-
ENSG00000277058	1	13060768	13070768	+
ENSG00000137959	1	78619901	78629901	+
ENSG00000174151	1	109494051	109504051	+
ENSG00000181754	1	109499737	109509737	-
ENSG00000156097	1	109539871	109549871	+
ENSG00000065135	1	109548614	109558614	+
ENSG00000168765	1	109656098	109666098	+
ENSG00000003393	2	201772111	201782111	-
ENSG00000134183	1	109609928	109619928	-
ENSG00000073756	1	186670921	186680921	-
ENSG00000153904	1	85568362	85578362	-
ENSG00000155380	1	112947592	112957592	-
ENSG00000134259	1	115328769	115338769	-
ENSG00000188976	1	949308	959308	-
ENSG00000018510	2	177392745	177402745	+
ENSG00000187961	1	960583	970583	+
ENSG00000138092	2	24793135	24803135	+
ENSG00000187583	1	966481	976481	+
ENSG00000115137	2	24962093	24972093	-
ENSG00000187642	1	972092	982092	-
ENSG00000188290	1	990171	1000171	-
ENSG00000187608	1	1001137	1011137	+
ENSG00000138031	2	24910236	24920236	-
ENSG00000188157	1	1020119	1030119	+
ENSG00000136709	2	127801186	127811186	-
ENSG00000173349	2	127701496	127711496	+
ENSG00000157211	1	54143769	54153769	-
ENSG00000144231	2	127848154	127858154	-
ENSG00000116221	1	54184040	54194040	+
ENSG00000144233	2	127875966	127885966	-
ENSG00000157216	1	54403478	54413478	-
ENSG00000136715	2	128018119	128028119	-
ENSG00000117601	1	173907326	173917326	-
ENSG00000136689	2	113107213	113117213	+
ENSG00000125637	2	113157324	113167324	+
ENSG00000135775	1	230642480	230652480	+
ENSG00000135773	1	230747383	230757383	+
ENSG00000119280	1	230859588	230869588	-
ENSG00000135744	1	230735575	230745575	-
ENSG00000137965	1	78649795	78659795	+
ENSG00000163239	1	154502218	154512218	+
ENSG00000125618	2	113268920	113278920	-
ENSG00000160714	1	154549027	154559027	-
ENSG00000143947	2	55231902	55241902	+
ENSG00000160716	1	154567777	154577777	+
ENSG00000198203	2	108288638	108298638	+
ENSG00000198075	2	108377910	108387910	+
ENSG00000135945	2	99480034	99490034	-
ENSG00000160710	1	154618012	154628012	-
ENSG00000196604	2	130119221	130129221	-
ENSG00000177483	2	237798388	237808388	+
ENSG00000123472	1	46663866	46673866	-
ENSG00000186118	1	46668854	46678854	+
ENSG00000173559	2	191678067	191688067	+
ENSG00000159658	1	46709145	46719145	-
ENSG00000168497	2	191837087	191847087	-
ENSG00000163017	2	73892313	73902313	+
ENSG00000114956	2	73926825	73936825	+
ENSG00000142973	1	46757837	46767837	+
ENSG00000187605	2	73984909	73994909	+
ENSG00000198380	2	69377249	69387249	-
ENSG00000143801	1	226870183	226880183	+
ENSG00000115977	2	69664348	69674348	-
ENSG00000132185	1	161706971	161716971	+
ENSG00000162746	1	161721562	161731562	+
ENSG00000135999	2	148644439	148654439	+
ENSG00000081721	1	161749757	161759757	+
ENSG00000082512	1	211326614	211336614	+
ENSG00000168280	2	148875226	148885226	+
ENSG00000170385	1	211569160	211579160	-
ENSG00000198570	1	211482161	211492161	-
ENSG00000150556	2	149038106	149048106	+
ENSG00000118217	1	161766297	161776297	+
ENSG00000187123	2	149329984	149339984	+
ENSG00000168288	2	149577777	149587777	-
ENSG00000117054	1	75724430	75734430	+
ENSG00000137955	1	75786196	75796196	+
ENSG00000136699	2	130172749	130182749	-
ENSG00000057468	1	75796881	75806881	+
ENSG00000115325	2	74549025	74559025	+
ENSG00000213047	1	197765695	197775695	-
ENSG00000175701	2	110235419	110245419	-
ENSG00000144115	2	88170294	88180294	+
ENSG00000176204	2	77583318	77593318	-
ENSG00000115963	2	150529010	150539010	-
ENSG00000134376	1	197268203	197278203	+
ENSG00000117400	1	43337817	43347817	+
ENSG00000117399	1	43358980	43368980	+
ENSG00000163596	2	202861765	202871765	-
ENSG00000066322	1	43358073	43368073	-
ENSG00000155760	2	202033854	202043854	+
ENSG00000159479	1	43379807	43389807	-
ENSG00000116337	1	109616103	109626103	+
ENSG00000115970	2	43586037	43596037	-
ENSG00000115604	2	102311528	102321528	+
ENSG00000019169	2	118942193	118952193	+
ENSG00000235118	2	206642486	206652486	+
ENSG00000163046	2	132247968	132257968	-
ENSG00000066279	1	197136693	197146693	-
ENSG00000183281	2	87011851	87021851	-
ENSG00000184924	2	24783390	24793390	-
ENSG00000162959	2	32001229	32011229	-
ENSG00000084090	2	96198826	96208826	-
ENSG00000003137	2	72137861	72147861	-
ENSG00000134326	2	6856634	6866634	-
ENSG00000117020	1	243841078	243851078	-
ENSG00000183054	2	110567221	110577221	-
ENSG00000198912	1	3890292	3900292	-
ENSG00000116604	1	156490778	156500778	-
ENSG00000013441	2	200854743	200864743	-
ENSG00000240344	2	200879302	200889302	-
ENSG00000183856	1	156562603	156572603	-
ENSG00000163382	1	156591755	156601755	+
ENSG00000196290	2	200889326	200899326	+
ENSG00000160818	1	156591495	156601495	-
ENSG00000115942	2	200953679	200963679	-
ENSG00000132702	1	156619330	156629330	+
ENSG00000132692	1	156641389	156651389	+
ENSG00000132688	1	156667406	156677406	-
ENSG00000143320	1	156695815	156705815	-
ENSG00000143319	1	156718765	156728765	-
ENSG00000003402	2	201116153	201126153	+
ENSG00000143303	1	156728441	156738441	+
ENSG00000143314	1	156731589	156741589	-
ENSG00000143321	1	156756924	156766924	-
ENSG00000143294	1	156750609	156760609	+
ENSG00000027869	1	156806847	156816847	-
ENSG00000003400	2	201182897	201192897	+
ENSG00000204006	1	51102220	51112220	+
ENSG00000123091	1	51236272	51246272	+
ENSG00000119013	2	201071432	201081432	+
ENSG00000152527	2	43637259	43647259	+
ENSG00000085832	1	51509265	51519265	-
ENSG00000138036	2	43774038	43784038	+
ENSG00000138075	2	43828864	43838864	-
ENSG00000237330	1	1064305	1074305	-
ENSG00000143921	2	43831941	43841941	+
ENSG00000223658	2	43666428	43676428	-
ENSG00000138442	2	203004797	203014797	-
ENSG00000131591	1	1106360	1116360	-
ENSG00000138380	2	202912213	202922213	+
ENSG00000085831	1	51335115	51345115	-
ENSG00000187634	1	923922	933922	+
ENSG00000138095	2	43986225	43996225	-
ENSG00000156875	1	100038094	100048094	+
ENSG00000156876	1	100122954	100132954	-
ENSG00000122435	1	100133149	100143149	+
ENSG00000122477	1	100168272	100178272	-
ENSG00000137992	1	100239833	100249833	-
ENSG00000137996	1	100266215	100276215	+
ENSG00000115525	2	85895198	85905198	-
ENSG00000137948	1	91949342	91959342	+
ENSG00000121774	1	32013867	32023867	+
ENSG00000121775	1	32072030	32082030	+
ENSG00000025800	1	32108055	32118055	+
ENSG00000068654	2	86096154	86106154	-
ENSG00000160050	1	32200594	32210594	+
ENSG00000115232	2	181457201	181467201	+
ENSG00000064703	1	111754831	111764831	+
ENSG00000214336	2	88442692	88452692	-
ENSG00000172073	2	88524648	88534648	+
ENSG00000153574	2	88691672	88701672	+
ENSG00000122406	1	92832012	92842012	+
ENSG00000154511	1	92951521	92961521	-
ENSG00000087338	2	69829659	69839659	+
ENSG00000124380	2	69893955	69903955	+
ENSG00000143033	1	93079234	93089234	+
ENSG00000059728	2	69897687	69907687	+
ENSG00000169564	2	70087476	70097476	+
ENSG00000115998	2	70238614	70248614	-
ENSG00000189410	1	20722836	20732836	-
ENSG00000127483	1	20777322	20787322	-
ENSG00000116001	2	70238659	70248659	-
ENSG00000117298	1	21335571	21345571	-
ENSG00000143502	1	223354232	223364232	-
ENSG00000178395	1	223393414	223403414	+
ENSG00000162620	1	74188186	74198186	-
ENSG00000116783	1	74235386	74245386	+
ENSG00000162621	1	74502610	74512610	-
ENSG00000178965	1	74663791	74673791	-
ENSG00000116791	1	74723407	74733407	-
ENSG00000162623	1	74733151	74743151	+
ENSG00000115827	2	171434216	171444216	+
ENSG00000259030	1	74198234	74208234	+
ENSG00000071967	2	171522246	171532246	+
ENSG00000237651	2	61145067	61155067	+
ENSG00000124356	2	73828915	73838915	+
ENSG00000154358	1	228208043	228218043	+
ENSG00000123612	2	157618863	157628863	-
ENSG00000263464	1	149583864	149593864	+
ENSG00000203814	1	149802372	149812372	-
ENSG00000183598	1	149803692	149813692	-
ENSG00000270882	1	149832658	149842658	+
ENSG00000203811	1	149831192	149841192	-
ENSG00000203812	1	149832735	149842735	-
ENSG00000272196	1	149851060	149861060	+
ENSG00000203852	1	149852618	149862618	+
ENSG00000270276	1	149851209	149861209	-
ENSG00000184678	1	149876651	149886651	-
ENSG00000184260	1	149886917	149896917	+
ENSG00000184270	1	149877964	149887964	-
ENSG00000178096	1	149887889	149897889	+
ENSG00000115170	2	157866329	157876329	-
ENSG00000174279	2	176073912	176083912	-
ENSG00000159164	1	149907843	149917843	-
ENSG00000128714	2	176092720	176102720	+
ENSG00000170178	2	176099794	176109794	+
ENSG00000143368	1	149917802	149927802	-
ENSG00000128713	2	176104215	176114215	+
ENSG00000128710	2	176108789	176118789	+
ENSG00000128709	2	176122718	176132718	+
ENSG00000150337	1	149782670	149792670	+
ENSG00000175879	2	176129693	176139693	+
ENSG00000170128	1	200872980	200882980	+
ENSG00000170166	2	176151549	176161549	+
ENSG00000163362	1	200891047	200901047	+
ENSG00000128645	2	176188667	176198667	+
ENSG00000128652	2	176136611	176146611	+
ENSG00000158417	2	99337370	99347370	+
ENSG00000116852	1	201013713	201023713	-
ENSG00000144218	2	100182427	100192427	-
ENSG00000170500	2	100312500	100322500	-
ENSG00000116857	1	201161573	201171573	-
ENSG00000115526	2	100407667	100417667	-
ENSG00000163395	1	201190823	201200823	+
ENSG00000127824	2	219267901	219277901	-
ENSG00000135924	2	219279341	219289341	+
ENSG00000081248	1	201102450	201112450	-
ENSG00000138381	2	189661384	189671384	+
ENSG00000286053	2	189661451	189671451	+
ENSG00000286165	2	189661518	189671518	+
ENSG00000203943	1	84298365	84308365	+
ENSG00000128694	2	189753226	189763226	-
ENSG00000174529	1	205074459	205084459	-
ENSG00000128699	2	189774363	189784363	-
ENSG00000116984	1	236795259	236805259	+
ENSG00000151687	2	189674289	189684289	+
ENSG00000144224	2	135741733	135751733	+
ENSG00000143742	1	225777812	225787812	+
ENSG00000115850	2	135827183	135837183	-
ENSG00000196187	1	225872379	225882379	-
ENSG00000243709	1	225901381	225911381	-
ENSG00000255835	1	225914277	225924277	-
ENSG00000143811	1	225914339	225924339	-
ENSG00000048991	2	135531454	135541454	+
ENSG00000143768	1	225931382	225941382	-
ENSG00000178586	2	240037026	240047026	-
ENSG00000169047	2	226789819	226799819	-
ENSG00000143819	1	225810123	225820123	+
ENSG00000144468	2	226835580	226845580	+
ENSG00000169031	2	227164623	227174623	+
ENSG00000120948	1	11012343	11022343	+
ENSG00000009724	1	11037238	11047238	-
ENSG00000116649	1	11050019	11060019	-
ENSG00000168958	2	227325150	227335150	+
ENSG00000168955	2	227371994	227381994	-
ENSG00000284629	2	227377948	227387948	-
ENSG00000171824	1	11089868	11099868	-
ENSG00000173744	2	227472151	227482151	+
ENSG00000117614	1	25222501	25232501	-
ENSG00000117616	1	25328212	25338212	-
ENSG00000079308	2	218023981	218033981	-
ENSG00000143970	2	25868486	25878486	-
ENSG00000084731	2	25972748	25982748	-
ENSG00000084733	2	26034083	26044083	+
ENSG00000157833	2	26173087	26183087	+
ENSG00000187010	1	25272392	25282392	+
ENSG00000183726	1	25338316	25348316	+
ENSG00000135931	2	231198545	231208545	+
ENSG00000115138	2	25158902	25168902	-
ENSG00000119772	2	25332589	25342589	-
ENSG00000081052	2	227154452	227164452	-
ENSG00000204099	2	241809064	241819064	+
ENSG00000188672	1	25420191	25430191	-
ENSG00000188389	2	241848893	241858893	-
ENSG00000188011	2	241869599	241879599	+
ENSG00000216921	2	241892550	241902550	-
ENSG00000204178	1	25430857	25440857	+
ENSG00000198860	1	184051650	184061650	+
ENSG00000160838	1	156920631	156930631	+
ENSG00000163359	2	237404327	237414327	-
ENSG00000198400	1	156815639	156825639	+
ENSG00000175084	2	219418376	219428376	+
ENSG00000155816	1	240014347	240024347	+
ENSG00000180875	1	240602154	240612154	-
ENSG00000134684	1	32807379	32817379	-
ENSG00000136531	2	165194992	165204992	+
ENSG00000125944	1	23334335	23344335	-
ENSG00000143382	1	150549368	150559368	+
ENSG00000091409	2	172427353	172437353	+
ENSG00000184261	2	47560984	47570984	-
ENSG00000184007	1	31934855	31944855	-
ENSG00000288678	1	31909627	31919627	-
ENSG00000116580	1	155849399	155859399	-
ENSG00000138081	2	47896497	47906497	-
ENSG00000176092	1	26350079	26360079	-
ENSG00000137942	1	93448117	93458117	+
ENSG00000169994	2	127535801	127545801	+
ENSG00000157077	1	52142088	52152088	+
ENSG00000162493	1	13583464	13593464	+
ENSG00000162542	1	19789944	19799944	-
ENSG00000172071	2	88681517	88691517	-
ENSG00000178922	1	43443988	43453988	-
ENSG00000188452	2	181670664	181680664	-
ENSG00000162992	2	181670826	181680826	-
ENSG00000144591	2	219498864	219508864	+
ENSG00000121753	1	31754892	31764892	-
ENSG00000162631	1	107140006	107150006	+
ENSG00000155368	2	119366923	119376923	+
ENSG00000172845	2	173955372	173965372	-
ENSG00000115677	2	241307060	241317060	-
ENSG00000163374	1	155678999	155688999	-
ENSG00000235098	1	1411768	1421768	-
ENSG00000030419	2	213142426	213152426	-
ENSG00000143740	1	227728199	227738199	+
ENSG00000117411	1	43978942	43988942	+
ENSG00000162745	1	162013868	162023868	-
ENSG00000187862	1	156579722	156589722	+
ENSG00000162891	1	206865622	206875622	+
ENSG00000204518	1	12644084	12654084	+
ENSG00000137976	1	84398483	84408483	+
ENSG00000203663	1	248030069	248040069	+
ENSG00000198128	1	248046835	248056835	+
ENSG00000171180	1	248231416	248241416	+
ENSG00000176601	2	135037467	135047467	-
ENSG00000186501	1	27322144	27332144	+
ENSG00000144407	2	208359713	208369713	+
ENSG00000288702	2	233729041	233739041	+
ENSG00000071575	2	12716909	12726909	+
ENSG00000133067	1	202193798	202203798	+
ENSG00000242366	2	233617632	233627632	+
ENSG00000185090	1	37793846	37803846	+
ENSG00000288705	2	233712906	233722906	+
ENSG00000182083	2	240020428	240030428	-
ENSG00000188886	2	96128501	96138501	-
ENSG00000244122	2	233681900	233691900	+
ENSG00000286095	2	219496130	219506130	+
ENSG00000233087	2	131354167	131364167	-
ENSG00000157873	1	2555638	2565638	+
ENSG00000204505	1	13171847	13181847	+
ENSG00000116127	2	73385757	73395757	+
ENSG00000284733	1	441677	451677	-
ENSG00000081019	1	113802475	113812475	-
ENSG00000180667	1	207042979	207052979	-
ENSG00000177151	1	248635277	248645277	-
ENSG00000180708	1	158416236	158426236	-
ENSG00000168264	1	234600177	234610177	-
ENSG00000162775	1	110338505	110348505	+
ENSG00000053371	1	19302143	19312143	-
ENSG00000081692	1	227725410	227735410	-
ENSG00000179023	1	18480929	18490929	+
ENSG00000173171	1	155208694	155218694	+
ENSG00000132128	1	46293615	46303615	-
ENSG00000143862	1	202134742	202144742	-
ENSG00000170075	1	202122885	202132885	+
ENSG00000143376	1	151612005	151622005	+
ENSG00000183091	2	151724486	151734486	-
ENSG00000159409	1	151706802	151716802	-
ENSG00000178796	1	151710432	151720432	+
ENSG00000143436	1	151753495	151763495	-
ENSG00000143450	1	151762898	151772898	+
ENSG00000182134	1	151781415	151791415	-
ENSG00000213171	1	151795418	151805418	-
ENSG00000143365	1	151821844	151831844	-
ENSG00000225556	1	151830556	151840556	-
ENSG00000196407	1	151843711	151853711	-
ENSG00000159445	1	151899636	151909636	-
ENSG00000197747	1	151983858	151993858	-
ENSG00000123473	1	47304891	47314891	-
ENSG00000198854	1	152719521	152729521	+
ENSG00000203786	1	152759560	152769560	+
ENSG00000240386	1	152775139	152785139	+
ENSG00000186226	1	152786213	152796213	+
ENSG00000172155	1	152796720	152806720	+
ENSG00000020129	1	35557472	35567472	+
ENSG00000116819	1	35573313	35583313	+
ENSG00000237763	1	103655759	103665759	+
ENSG00000174876	1	103686453	103696453	-
ENSG00000187733	1	103745322	103755322	+
ENSG00000186603	1	45326894	45336894	+
ENSG00000197454	1	248013659	248023659	+
ENSG00000117643	1	25616790	25626790	+
ENSG00000135636	2	71453560	71463560	+
ENSG00000162430	1	25800192	25810192	+
ENSG00000173212	1	116111398	116121398	+
ENSG00000163531	1	204828650	204838650	+
ENSG00000159374	2	74638337	74648337	-
ENSG00000155052	2	124025286	124035286	+
ENSG00000144426	2	203014607	203024607	+
ENSG00000123600	2	171424801	171434801	-
ENSG00000184144	1	205042936	205052936	+
ENSG00000143028	1	109466545	109476545	+
ENSG00000150722	2	181954240	181964240	+
ENSG00000154429	1	229333293	229343293	-
ENSG00000244617	2	69951630	69961630	-
ENSG00000196228	2	108239967	108249967	+
ENSG00000143632	1	229424103	229434103	-
ENSG00000187815	1	40477289	40487289	+
ENSG00000125571	2	112911164	112921164	+
ENSG00000117010	1	40531572	40541572	+
ENSG00000164002	1	40508740	40518740	+
ENSG00000169967	2	127378464	127388464	-
ENSG00000180098	1	28553084	28563084	+
ENSG00000144134	2	113627228	113637228	+
ENSG00000120656	1	28633084	28643084	-
ENSG00000188282	2	218034959	218044959	+
ENSG00000188060	1	28592199	28602199	+
ENSG00000138068	2	37186597	37196597	-
ENSG00000240038	1	103553814	103563814	+
ENSG00000243480	1	103617426	103627426	+
ENSG00000188219	2	131209535	131219535	+
ENSG00000117266	1	205504595	205514595	+
ENSG00000084676	2	24491253	24501253	+
ENSG00000170498	1	204186490	204196490	-
ENSG00000174567	1	204203987	204213987	-
ENSG00000143850	1	204367664	204377664	-
ENSG00000158615	1	204401816	204411816	-
ENSG00000121964	2	144322567	144332567	-
ENSG00000133056	1	204484804	204494804	-
ENSG00000078018	2	209424046	209434046	+
ENSG00000152049	2	223051813	223061813	+
ENSG00000284308	2	74411618	74421618	-
ENSG00000155744	2	201061670	201071670	-
ENSG00000198625	1	204516378	204526378	+
ENSG00000115718	2	127418426	127428426	+
ENSG00000163166	2	127516885	127526885	-
ENSG00000143776	1	227308501	227318501	-
ENSG00000072163	2	127671785	127681785	-
ENSG00000144230	2	127645863	127655863	+
ENSG00000197056	1	35032171	35042171	+
ENSG00000116560	1	35183144	35193144	-
ENSG00000203910	1	92217914	92227914	+
ENSG00000174842	1	92288986	92298986	-
ENSG00000122484	1	92299058	92309058	+
ENSG00000162676	1	92476924	92486924	-
ENSG00000067208	1	92782403	92792403	-
ENSG00000279111	1	158569898	158579898	-
ENSG00000187701	1	248645527	248655527	-
ENSG00000203757	1	158710719	158720719	-
ENSG00000188340	1	158771203	158781203	-
ENSG00000163563	1	158831350	158841350	+
ENSG00000196772	1	247814118	247824118	-
ENSG00000197591	1	247831895	247841895	-
ENSG00000162722	1	247857186	247867186	+
ENSG00000238243	1	247895586	247905586	+
ENSG00000177275	1	247924888	247934888	+
ENSG00000279263	1	247948857	247958857	+
ENSG00000132781	1	45330892	45340892	-
ENSG00000197532	1	158544404	158554404	-
ENSG00000121903	1	33472644	33482644	+
ENSG00000198104	1	248375745	248385745	+
ENSG00000162727	1	248145147	248155147	+
ENSG00000198601	1	248174820	248184820	+
ENSG00000117523	1	171485529	171495529	+
ENSG00000283683	1	171600620	171610620	+
ENSG00000034971	1	171642687	171652687	-
ENSG00000187730	1	2019328	2029328	+
ENSG00000142609	1	1993836	2003836	-
ENSG00000116809	1	15966131	15976131	-
ENSG00000183888	1	16004235	16014235	+
ENSG00000173641	1	16009593	16019593	-
ENSG00000186510	1	16018874	16028874	+
ENSG00000185519	1	16063650	16073650	-
ENSG00000184908	1	16040251	16050251	+
ENSG00000116785	1	196774812	196784812	+
ENSG00000244414	1	196819730	196829730	+
ENSG00000134365	1	196888013	196898013	+
ENSG00000177462	1	247920251	247930251	+
ENSG00000142634	1	15409887	15419887	+
ENSG00000162438	1	15438441	15448441	+
ENSG00000142621	1	15236520	15246520	+
ENSG00000169214	1	247706645	247716645	-
ENSG00000239395	1	247713763	247723763	-
ENSG00000241128	1	247714042	247724042	-
ENSG00000153230	1	247738614	247748614	+
ENSG00000173285	1	158461573	158471573	+
ENSG00000177201	1	248293423	248303423	-
ENSG00000177212	1	248267975	248277975	-
ENSG00000160062	1	32539426	32549426	+
ENSG00000176261	1	32640902	32650902	-
ENSG00000177535	1	247448104	247458104	-
ENSG00000213281	1	114706770	114716770	-
ENSG00000009307	1	114748675	114758675	-
ENSG00000052723	1	114770684	114780684	-
ENSG00000180433	1	158754719	158764719	+
ENSG00000182783	1	248552771	248562771	-
ENSG00000186092	1	65418	75418	+
ENSG00000188558	1	248508072	248518072	+
ENSG00000077522	1	236664140	236674140	+
ENSG00000196240	1	248445511	248455511	+
ENSG00000197437	1	247669738	247679738	-
ENSG00000221888	1	247750555	247760555	-
ENSG00000228198	1	248197264	248207264	+
ENSG00000184022	1	248587699	248597699	-
ENSG00000197403	1	158762194	158772194	-
ENSG00000279301	1	248625090	248635090	-
ENSG00000198967	1	158605267	158615267	+
ENSG00000163554	1	158676714	158686714	-
ENSG00000198965	1	158472219	158482219	+
ENSG00000050628	1	71037807	71047807	-
ENSG00000132485	1	71071288	71081288	-
ENSG00000143379	1	150926262	150936262	+
ENSG00000143418	1	150965002	150975002	-
ENSG00000143412	1	150982248	150992248	+
ENSG00000143363	1	151008419	151018419	+
ENSG00000163141	1	151036320	151046320	+
ENSG00000143443	1	151047750	151057750	+
ENSG00000197622	1	151060324	151070324	-
ENSG00000213190	1	151060396	151070396	+
ENSG00000143409	1	150998374	151008374	-
ENSG00000162783	1	181088699	181098699	+
ENSG00000153029	1	181033373	181043373	+
ENSG00000160785	1	156193931	156203931	+
ENSG00000091483	1	241509798	241519798	-
ENSG00000117009	1	241532133	241542133	+
ENSG00000054277	1	241667375	241677375	-
ENSG00000203668	1	241630368	241640368	-
ENSG00000054523	1	10210569	10220569	+
ENSG00000197785	1	1512161	1522161	+
ENSG00000205090	1	1530623	1540623	-
ENSG00000160075	1	1564862	1574862	-
ENSG00000197530	1	1615453	1625453	+
ENSG00000116128	1	147541500	147551500	+
ENSG00000174371	1	241847966	241857966	+
ENSG00000196289	1	241957766	241967766	+
ENSG00000197769	1	241989097	241999097	-
ENSG00000162843	1	241652277	241662277	+
ENSG00000152760	1	66752458	66762458	+
ENSG00000152763	1	66914855	66924855	-
ENSG00000118473	1	66533266	66543266	+
ENSG00000143815	1	225418924	225428924	-
ENSG00000185842	1	224896261	224906261	+
ENSG00000222046	1	32209088	32219088	+
ENSG00000143479	1	206635535	206645535	+
ENSG00000120337	1	173040940	173050940	-
ENSG00000162368	1	47333789	47343789	+
ENSG00000212916	1	232805415	232815415	+
ENSG00000162624	1	75128433	75138433	+
ENSG00000117600	1	99264291	99274291	+
ENSG00000076864	1	21659362	21669362	-
ENSG00000116981	1	39662106	39672106	-
ENSG00000119283	1	231162057	231172057	+
ENSG00000116191	1	178725146	178735146	+
ENSG00000254685	1	74198237	74208237	+
ENSG00000177144	1	148748773	148758773	+
ENSG00000162398	1	54806062	54816062	+
ENSG00000132196	1	162790701	162800701	+
ENSG00000163125	1	150363090	150373090	+
ENSG00000271383	1	149475044	149485044	+
ENSG00000205116	1	1425870	1435870	+
ENSG00000117481	1	46340788	46350788	+
ENSG00000196944	1	248361664	248371664	+
ENSG00000172410	1	66791275	66801275	-
ENSG00000116996	1	237880921	237890921	-
ENSG00000196418	1	247162019	247172019	-
ENSG00000186440	1	158560579	158570579	-
ENSG00000232237	1	201117183	201127183	-
ENSG00000196427	1	108234080	108244080	-
ENSG00000263513	1	143961985	143971985	-
ENSG00000143393	1	151317714	151327714	-
ENSG00000197241	1	9016422	9026422	-
ENSG00000196171	1	158690651	158700651	-
ENSG00000187170	1	152708159	152718159	+
ENSG00000160789	1	156082572	156092572	+
ENSG00000127603	1	39081315	39091315	+
ENSG00000219481	1	16603561	16613561	-
ENSG00000169717	1	3021466	3031466	+
ENSG00000187942	1	21812264	21822264	+
ENSG00000142798	1	21927309	21937309	-
ENSG00000219073	1	21977021	21987021	+
ENSG00000142789	1	22001656	22011656	+
ENSG00000070831	1	22025510	22035510	+
ENSG00000162552	1	22133968	22143968	-
ENSG00000263961	1	206053172	206063172	+
ENSG00000198049	1	206107698	206117698	-
ENSG00000196550	1	206194413	206204413	-
ENSG00000266028	1	206203345	206213345	+
ENSG00000263528	1	206470475	206480475	+
ENSG00000266094	1	206507530	206517530	+
ENSG00000143486	1	206602464	206612464	-
ENSG00000058453	1	16740272	16750272	+
ENSG00000143494	1	212950519	212960519	+
ENSG00000215883	1	54190035	54200035	-
ENSG00000158816	1	20290874	20300874	+
ENSG00000162650	1	109483478	109493478	+
ENSG00000120334	1	173814882	173824882	-
ENSG00000162714	1	247321866	247331866	-
ENSG00000179639	1	159289713	159299713	+
ENSG00000152061	1	174159409	174169409	+
ENSG00000116748	1	114685617	114695617	-
ENSG00000177414	1	64203622	64213622	+
ENSG00000286015	1	248738348	248748348	-
ENSG00000143147	1	168127666	168137666	-
ENSG00000121904	1	34155841	34165841	-
ENSG00000134256	1	117001749	117011749	+
ENSG00000143772	1	226729322	226739322	-
ENSG00000049246	1	7784290	7794290	+
ENSG00000197084	1	152796650	152806650	-
ENSG00000273213	1	143895976	143905976	-
ENSG00000184599	1	112718904	112728904	+
ENSG00000187800	1	156893697	156903697	+
ENSG00000135838	1	182789292	182799292	+
ENSG00000180198	1	28505942	28515942	+
ENSG00000159527	1	153302951	153312951	-
ENSG00000122483	1	93179918	93189918	+
ENSG00000263956	1	148142321	148152321	-
ENSG00000203963	1	67221852	67231852	-
ENSG00000117501	1	170935525	170945525	+
ENSG00000143851	1	202151587	202161587	-
ENSG00000196805	1	153060839	153070839	-
ENSG00000266338	1	144451673	144461673	-
ENSG00000116922	1	37682248	37692248	-
ENSG00000179546	1	23207501	23217501	-
ENSG00000143536	1	152404262	152414262	-
ENSG00000186207	1	152510802	152520802	+
ENSG00000169509	1	152514481	152524481	+
ENSG00000185966	1	152556779	152566779	-
ENSG00000163202	1	152570515	152580515	-
ENSG00000244057	1	152600233	152610233	+
ENSG00000092850	1	36084093	36094093	+
ENSG00000116863	1	36088891	36098891	+
ENSG00000171812	1	36115221	36125221	-
ENSG00000054116	1	36146052	36156052	-
ENSG00000116871	1	36155578	36165578	+
ENSG00000160094	1	33256491	33266491	+
ENSG00000184389	1	33311097	33321097	-
ENSG00000134686	1	33421094	33431094	-
ENSG00000196242	1	247526439	247536439	-
ENSG00000075151	1	21166887	21176887	-
ENSG00000197956	1	153526243	153536243	-
ENSG00000196420	1	153531764	153541764	-
ENSG00000196154	1	153540135	153550135	-
ENSG00000188015	1	153539257	153549257	-
ENSG00000196754	1	153557889	153567889	-
ENSG00000188643	1	153603144	153613144	-
ENSG00000189334	1	153606985	153616985	-
ENSG00000189171	1	153621359	153631359	-
ENSG00000160678	1	153627925	153637925	+
ENSG00000160679	1	153633981	153643981	+
ENSG00000143553	1	153658702	153668702	+
ENSG00000214193	1	36306367	36316367	+
ENSG00000196182	1	36375923	36385923	-
ENSG00000181817	1	36387907	36397907	-
ENSG00000116885	1	36440450	36450450	-
ENSG00000116898	1	36454383	36464383	-
ENSG00000119535	1	36473277	36483277	-
ENSG00000142694	1	36314153	36324153	-
